$version Generated by VerilatedVcd $end
$timescale 1ps $end
 $scope module TOP $end
  $var wire 1 < rst $end
  $var wire 1 = enable $end
  $var wire 1 > adc_clk $end
  $var wire 1 ? adc_clk_out $end
  $var wire 12 @ adc_data_raw [11:0] $end
  $var wire 1 A adc_otr $end
  $var wire 1 B ulpi_clk $end
  $var wire 1 C tx_ready $end
  $var wire 12 D tx_data [11:0] $end
  $var wire 1 E tx_valid $end
  $scope module adc_wrapper $end
   $var wire 32 T DWIDTH [31:0] $end
   $var wire 32 U AWIDTH [31:0] $end
   $var wire 1 < rst $end
   $var wire 1 = enable $end
   $var wire 1 > adc_clk $end
   $var wire 1 ? adc_clk_out $end
   $var wire 12 @ adc_data_raw [11:0] $end
   $var wire 1 A adc_otr $end
   $var wire 1 B ulpi_clk $end
   $var wire 1 C tx_ready $end
   $var wire 12 D tx_data [11:0] $end
   $var wire 1 E tx_valid $end
   $var wire 12 6 adc_data [11:0] $end
   $var wire 1 F adc_valid $end
   $var wire 1 G fifo_full $end
   $var wire 1 & fifo_empty $end
   $var wire 1 H fifo_rd_ena $end
   $var wire 15 I fifo_count [14:0] $end
   $var wire 1 J adc_rst_ms $end
   $var wire 1 K adc_rst_sync $end
   $var wire 1 ' current_state $end
   $var wire 1 L next_state $end
   $var wire 10 ( burst_count [9:0] $end
   $var wire 1 M byte_sent $end
   $scope module u_adc_int $end
    $var wire 32 T DWIDTH [31:0] $end
    $var wire 1 > clk_25m $end
    $var wire 1 K a_rst $end
    $var wire 12 @ adc_data_raw [11:0] $end
    $var wire 1 A adc_otr $end
    $var wire 1 ? adc_clk_out $end
    $var wire 12 6 sample_data [11:0] $end
    $var wire 1 F sample_valid $end
    $var wire 1 G fifo_full $end
    $var wire 3 7 latency_counter [2:0] $end
    $var wire 1 8 adc_ready $end
    $scope module u_oddr $end
     $var wire 1 V D0 $end
     $var wire 1 W D1 $end
     $var wire 1 > SCLK $end
     $var wire 1 K RST $end
     $var wire 1 ? Q $end
    $upscope $end
   $upscope $end
   $scope module u_dc_fifo $end
    $var wire 32 U AWIDTH [31:0] $end
    $var wire 32 T DWIDTH [31:0] $end
    $var wire 1 < a_rst $end
    $var wire 1 > wr_clk $end
    $var wire 1 F wr_ena $end
    $var wire 12 6 wr_data [11:0] $end
    $var wire 1 G full $end
    $var wire 1 B rd_clk $end
    $var wire 1 H rd_ena $end
    $var wire 12 D rd_data [11:0] $end
    $var wire 1 & empty $end
    $var wire 15 I count [14:0] $end
    $var wire 1 N std_empty $end
    $var wire 1 O std_rd_ena $end
    $var wire 12 / std_rd_data [11:0] $end
    $var wire 15 P std_count [14:0] $end
    $var wire 1 ) data_out_valid $end
    $var wire 1 * fall_through $end
    $var wire 1 + middle_valid $end
    $var wire 12 , middle_data [11:0] $end
    $scope module u_std_dc_fifo $end
     $var wire 32 U AWIDTH [31:0] $end
     $var wire 32 T DWIDTH [31:0] $end
     $var wire 1 < a_rst $end
     $var wire 1 > wr_clk $end
     $var wire 1 F wr_ena $end
     $var wire 12 6 wr_data [11:0] $end
     $var wire 1 G full $end
     $var wire 1 B rd_clk $end
     $var wire 1 O rd_ena $end
     $var wire 12 / rd_data [11:0] $end
     $var wire 1 N empty $end
     $var wire 15 P count [14:0] $end
     $var wire 32 X PTR_WIDTH [31:0] $end
     $var wire 1 Q wr_a_rst $end
     $var wire 1 R wr_a_rst_ms $end
     $var wire 1 - rd_a_rst $end
     $var wire 1 . rd_a_rst_ms $end
     $var wire 15 3 wr_ptr [14:0] $end
     $var wire 15 4 wr_ptr_gray [14:0] $end
     $var wire 15 0 wr_ptr_ms [14:0] $end
     $var wire 15 1 wr_ptr_rd [14:0] $end
     $var wire 15 2 wr_ptr_gray_rd [14:0] $end
     $var wire 15 9 rd_ptr [14:0] $end
     $var wire 15 : rd_ptr_gray [14:0] $end
     $var wire 15 # rd_ptr_ms [14:0] $end
     $var wire 15 $ rd_ptr_wr [14:0] $end
     $var wire 15 % rd_ptr_gray_wr [14:0] $end
     $scope module u_dpdcram $end
      $var wire 32 U AWIDTH [31:0] $end
      $var wire 32 T DWIDTH [31:0] $end
      $var wire 1 > wr_clk $end
      $var wire 1 F wr_ena $end
      $var wire 14 5 wr_addr [13:0] $end
      $var wire 12 6 wr_data [11:0] $end
      $var wire 1 B rd_clk $end
      $var wire 1 O rd_ena $end
      $var wire 14 ; rd_addr [13:0] $end
      $var wire 12 / rd_data [11:0] $end
      $var wire 32 Y MDEPTH [31:0] $end
     $upscope $end
    $upscope $end
   $upscope $end
  $upscope $end
  $scope module params_pkg $end
   $var wire 32 T DWIDTH [31:0] $end
   $var wire 32 U AWIDTH [31:0] $end
  $upscope $end
  $scope module utils_pkg $end
   $var wire 32 " gray2bin__Vstatic__i [31:0] $end
   $var wire 15 S gray2bin__Vstatic__b [14:0] $end
  $upscope $end
 $upscope $end
$enddefinitions $end


#0
b00000000000000000000000000010000 "
b000000000000000 #
b000000000000000 $
b000000000000000 %
1&
0'
b0000000000 (
0)
0*
0+
b000000000000 ,
0-
0.
b000000000000 /
b000000000000000 0
b000000000000000 1
b000000000000000 2
b000000000000000 3
b000000000000000 4
b00000000000000 5
b000000000000 6
b000 7
18
b000000000000000 9
b000000000000000 :
b00000000000000 ;
1<
0=
0>
0?
b100000000000 @
0A
0B
1C
b000000000000 D
0E
1F
0G
0H
b000000000000000 I
0J
0K
0L
0M
1N
0O
b000000000000000 P
0Q
0R
b000000000000000 S
b00000000000000000000000000001100 T
b00000000000000000000000000001110 U
1V
0W
b00000000000000000000000000001111 X
b00000000000000000100000000000000 Y
#8
1-
1.
1B
#16
0B
#20
b111 7
08
1>
b100000000001 @
0F
1J
1K
1Q
1R
#24
1B
#32
0B
#40
0>
1B
#48
0B
#56
1B
#60
1>
b100000000010 @
#64
0B
#72
1B
#80
0>
0B
#88
1B
#96
0B
#100
1>
b100000000011 @
#104
1B
#112
0B
#120
0>
1B
#128
0B
#136
1B
#140
1>
b100000000100 @
#144
0B
#152
1B
#160
0>
0B
#168
1B
#176
0B
#180
1>
b100000000101 @
#184
1B
#192
0B
#200
0.
0<
0>
1B
#208
0B
#216
0-
1B
#220
1>
b100000000110 @
0J
0R
#224
0B
#232
1B
#240
0>
0B
#248
1B
#256
0B
#260
1>
b100000000111 @
0K
0Q
#264
1B
#272
0B
#280
0>
1B
#288
0B
#296
1B
#300
b110 7
1>
1?
b100000001000 @
#304
0B
#312
1B
#320
0>
0B
#328
1B
#336
0B
#340
b101 7
1>
b100000001001 @
#344
1B
#352
0B
#360
0>
1B
#368
0B
#376
1B
#380
b100 7
1>
b100000001010 @
#384
0B
#392
1B
#400
0>
0B
#408
1B
#416
0B
#420
b011 7
1>
b100000001011 @
#424
1B
#432
0B
#440
0>
1B
#448
0B
#456
1B
#460
b010 7
1>
b100000001100 @
#464
0B
#472
1B
#480
0>
0B
#488
1B
#496
0B
#500
b001 7
1>
b100000001101 @
#504
1B
#512
0B
#520
0>
1B
#528
0B
#536
1B
#540
b000 7
18
1>
b100000001110 @
1F
#544
0B
#552
1B
#560
0>
0B
#568
1B
#576
0B
#580
b000000000000001 3
b000000000000001 4
b00000000000001 5
b100000001111 6
1>
b100000001111 @
#584
b000000000000001 0
1B
#592
0B
#600
b000000000000001 1
b000000000000001 2
0>
1B
b000000000000001 I
0N
1O
b000000000000001 P
b000000000000001 S
#608
0B
#616
1*
b000000000000001 9
b000000000000001 :
b00000000000001 ;
1B
1N
0O
b000000000000000 P
#620
b000000000000001 #
b000000000000010 3
b000000000000011 4
b00000000000010 5
b100000010000 6
1>
b100000010000 @
b000000000000000 S
#624
0B
#632
0&
1)
0*
b000000000000011 0
1B
b000000000000001 S
#640
0>
0B
#648
b000000000000010 1
b000000000000011 2
1B
b000000000000010 I
0N
1O
b000000000000001 P
b000000000000010 S
#656
0B
#660
b000000000000001 $
b000000000000001 %
b000000000000011 3
b000000000000010 4
b00000000000011 5
b100000010001 6
1>
b100000010001 @
b000000000000001 S
#664
1*
b100000001111 /
b000000000000010 0
b000000000000010 9
b000000000000011 :
b00000000000010 ;
1B
1N
0O
b000000000000000 P
b000000000000010 S
#672
0B
#680
0*
1+
b100000001111 ,
b000000000000011 1
b000000000000010 2
0>
1B
b000000000000011 I
0N
b000000000000001 P
b000000000000011 S
#688
0B
#696
1B
#700
b000000000000011 #
b000000000000100 3
b000000000000110 4
b00000000000100 5
b100000010010 6
1>
b100000010010 @
b000000000000001 S
#704
0B
#712
b000000000000110 0
1B
b000000000000011 S
#720
0>
0B
#728
b000000000000100 1
b000000000000110 2
1B
b000000000000100 I
b000000000000010 P
b000000000000100 S
#736
0B
#740
b000000000000010 $
b000000000000011 %
b000000000000101 3
b000000000000111 4
b00000000000101 5
b100000010011 6
1>
b100000010011 @
b000000000000010 S
#744
b000000000000111 0
1B
b000000000000100 S
#752
0B
#760
b000000000000101 1
b000000000000111 2
0>
1B
b000000000000101 I
b000000000000011 P
b000000000000101 S
#768
0B
#776
1B
#780
b000000000000110 3
b000000000000101 4
b00000000000110 5
b100000010100 6
1>
b100000010100 @
b000000000000010 S
#784
0B
#792
b000000000000101 0
1B
b000000000000101 S
#800
0>
0B
#808
b000000000000110 1
b000000000000101 2
1B
b000000000000110 I
b000000000000100 P
b000000000000110 S
#816
0B
#820
b000000000000111 3
b000000000000100 4
b00000000000111 5
b100000010101 6
1>
b100000010101 @
b000000000000010 S
#824
b000000000000100 0
1B
b000000000000110 S
#832
0B
#840
b000000000000111 1
b000000000000100 2
0>
1B
b000000000000111 I
b000000000000101 P
b000000000000111 S
#848
0B
#856
1B
#860
b000000000001000 3
b000000000001100 4
b00000000001000 5
b100000010110 6
1>
b100000010110 @
b000000000000010 S
#864
0B
#872
b000000000001100 0
1B
b000000000000111 S
#880
0>
0B
#888
b000000000001000 1
b000000000001100 2
1B
b000000000001000 I
b000000000000110 P
b000000000001000 S
#896
0B
#900
b000000000001001 3
b000000000001101 4
b00000000001001 5
b100000010111 6
1>
b100000010111 @
b000000000000010 S
#904
b000000000001101 0
1B
b000000000001000 S
#912
0B
#920
b000000000001001 1
b000000000001101 2
0>
1B
b000000000001001 I
b000000000000111 P
b000000000001001 S
#928
0B
#936
1B
#940
b000000000001010 3
b000000000001111 4
b00000000001010 5
b100000011000 6
1>
b100000011000 @
b000000000000010 S
#944
0B
#952
b000000000001111 0
1B
b000000000001001 S
#960
0>
0B
#968
b000000000001010 1
b000000000001111 2
1B
b000000000001010 I
b000000000001000 P
b000000000001010 S
#976
0B
#980
b000000000001011 3
b000000000001110 4
b00000000001011 5
b100000011001 6
1>
b100000011001 @
b000000000000010 S
#984
b000000000001110 0
1B
b000000000001010 S
#992
0B
#1000
b000000000001011 1
b000000000001110 2
1=
0>
1B
b000000000001011 I
b000000000001001 P
b000000000001011 S
#1008
0B
#1016
1B
#1020
b000000000001100 3
b000000000001010 4
b00000000001100 5
b100000011010 6
1>
b100000011010 @
b000000000000010 S
#1024
0B
#1032
b000000000001010 0
1B
b000000000001011 S
#1040
0>
0B
#1048
b000000000001100 1
b000000000001010 2
1B
b000000000001100 I
b000000000001010 P
b000000000001100 S
#1056
0B
#1060
b000000000001101 3
b000000000001011 4
b00000000001101 5
b100000011011 6
1>
b100000011011 @
b000000000000010 S
#1064
b000000000001011 0
1B
b000000000001100 S
#1072
0B
#1080
b000000000001101 1
b000000000001011 2
0>
1B
b000000000001101 I
b000000000001011 P
b000000000001101 S
#1088
0B
#1096
1B
#1100
b000000000001110 3
b000000000001001 4
b00000000001110 5
b100000011100 6
1>
b100000011100 @
b000000000000010 S
#1104
0B
#1112
b000000000001001 0
1B
b000000000001101 S
#1120
0>
0B
#1128
b000000000001110 1
b000000000001001 2
1B
b000000000001110 I
b000000000001100 P
b000000000001110 S
#1136
0B
#1140
b000000000001111 3
b000000000001000 4
b00000000001111 5
b100000011101 6
1>
b100000011101 @
b000000000000010 S
#1144
b000000000001000 0
1B
b000000000001110 S
#1152
0B
#1160
b000000000001111 1
b000000000001000 2
0>
1B
b000000000001111 I
b000000000001101 P
b000000000001111 S
#1168
0B
#1176
1B
#1180
b000000000010000 3
b000000000011000 4
b00000000010000 5
b100000011110 6
1>
b100000011110 @
b000000000000010 S
#1184
0B
#1192
b000000000011000 0
1B
b000000000001111 S
#1200
0>
0B
#1208
b000000000010000 1
b000000000011000 2
1B
b000000000010000 I
b000000000001110 P
b000000000010000 S
#1216
0B
#1220
b000000000010001 3
b000000000011001 4
b00000000010001 5
b100000011111 6
1>
b100000011111 @
b000000000000010 S
#1224
b000000000011001 0
1B
b000000000010000 S
#1232
0B
#1240
b000000000010001 1
b000000000011001 2
0>
1B
b000000000010001 I
b000000000001111 P
b000000000010001 S
#1248
0B
#1256
1B
#1260
b000000000010010 3
b000000000011011 4
b00000000010010 5
b100000100000 6
1>
b100000100000 @
b000000000000010 S
#1264
0B
#1272
b000000000011011 0
1B
b000000000010001 S
#1280
0>
0B
#1288
b000000000010010 1
b000000000011011 2
1B
b000000000010010 I
b000000000010000 P
b000000000010010 S
#1296
0B
#1300
b000000000010011 3
b000000000011010 4
b00000000010011 5
b100000100001 6
1>
b100000100001 @
b000000000000010 S
#1304
b000000000011010 0
1B
b000000000010010 S
#1312
0B
#1320
b000000000010011 1
b000000000011010 2
0>
1B
b000000000010011 I
b000000000010001 P
b000000000010011 S
#1328
0B
#1336
1B
#1340
b000000000010100 3
b000000000011110 4
b00000000010100 5
b100000100010 6
1>
b100000100010 @
b000000000000010 S
#1344
0B
#1352
b000000000011110 0
1B
b000000000010011 S
#1360
0>
0B
#1368
b000000000010100 1
b000000000011110 2
1B
b000000000010100 I
b000000000010010 P
b000000000010100 S
#1376
0B
#1380
b000000000010101 3
b000000000011111 4
b00000000010101 5
b100000100011 6
1>
b100000100011 @
b000000000000010 S
#1384
b000000000011111 0
1B
b000000000010100 S
#1392
0B
#1400
b000000000010101 1
b000000000011111 2
0>
1B
b000000000010101 I
b000000000010011 P
b000000000010101 S
#1408
0B
#1416
1B
#1420
b000000000010110 3
b000000000011101 4
b00000000010110 5
b100000100100 6
1>
b100000100100 @
b000000000000010 S
#1424
0B
#1432
b000000000011101 0
1B
b000000000010101 S
#1440
0>
0B
#1448
b000000000010110 1
b000000000011101 2
1B
b000000000010110 I
b000000000010100 P
b000000000010110 S
#1456
0B
#1460
b000000000010111 3
b000000000011100 4
b00000000010111 5
b100000100101 6
1>
b100000100101 @
b000000000000010 S
#1464
b000000000011100 0
1B
b000000000010110 S
#1472
0B
#1480
b000000000010111 1
b000000000011100 2
0>
1B
b000000000010111 I
b000000000010101 P
b000000000010111 S
#1488
0B
#1496
1B
#1500
b000000000011000 3
b000000000010100 4
b00000000011000 5
b100000100110 6
1>
b100000100110 @
b000000000000010 S
#1504
0B
#1512
b000000000010100 0
1B
b000000000010111 S
#1520
0>
0B
#1528
b000000000011000 1
b000000000010100 2
1B
b000000000011000 I
b000000000010110 P
b000000000011000 S
#1536
0B
#1540
b000000000011001 3
b000000000010101 4
b00000000011001 5
b100000100111 6
1>
b100000100111 @
b000000000000010 S
#1544
b000000000010101 0
1B
b000000000011000 S
#1552
0B
#1560
b000000000011001 1
b000000000010101 2
0>
1B
b000000000011001 I
b000000000010111 P
b000000000011001 S
#1568
0B
#1576
1B
#1580
b000000000011010 3
b000000000010111 4
b00000000011010 5
b100000101000 6
1>
b100000101000 @
b000000000000010 S
#1584
0B
#1592
b000000000010111 0
1B
b000000000011001 S
#1600
0>
0B
#1608
b000000000011010 1
b000000000010111 2
1B
b000000000011010 I
b000000000011000 P
b000000000011010 S
#1616
0B
#1620
b000000000011011 3
b000000000010110 4
b00000000011011 5
b100000101001 6
1>
b100000101001 @
b000000000000010 S
#1624
b000000000010110 0
1B
b000000000011010 S
#1632
0B
#1640
b000000000011011 1
b000000000010110 2
0>
1B
b000000000011011 I
b000000000011001 P
b000000000011011 S
#1648
0B
#1656
1B
#1660
b000000000011100 3
b000000000010010 4
b00000000011100 5
b100000101010 6
1>
b100000101010 @
b000000000000010 S
#1664
0B
#1672
b000000000010010 0
1B
b000000000011011 S
#1680
0>
0B
#1688
b000000000011100 1
b000000000010010 2
1B
b000000000011100 I
b000000000011010 P
b000000000011100 S
#1696
0B
#1700
b000000000011101 3
b000000000010011 4
b00000000011101 5
b100000101011 6
1>
b100000101011 @
b000000000000010 S
#1704
b000000000010011 0
1B
b000000000011100 S
#1712
0B
#1720
b000000000011101 1
b000000000010011 2
0>
1B
b000000000011101 I
b000000000011011 P
b000000000011101 S
#1728
0B
#1736
1B
#1740
b000000000011110 3
b000000000010001 4
b00000000011110 5
b100000101100 6
1>
b100000101100 @
b000000000000010 S
#1744
0B
#1752
b000000000010001 0
1B
b000000000011101 S
#1760
0>
0B
#1768
b000000000011110 1
b000000000010001 2
1B
b000000000011110 I
b000000000011100 P
b000000000011110 S
#1776
0B
#1780
b000000000011111 3
b000000000010000 4
b00000000011111 5
b100000101101 6
1>
b100000101101 @
b000000000000010 S
#1784
b000000000010000 0
1B
b000000000011110 S
#1792
0B
#1800
b000000000011111 1
b000000000010000 2
0>
1B
b000000000011111 I
b000000000011101 P
b000000000011111 S
#1808
0B
#1816
1B
#1820
b000000000100000 3
b000000000110000 4
b00000000100000 5
b100000101110 6
1>
b100000101110 @
b000000000000010 S
#1824
0B
#1832
b000000000110000 0
1B
b000000000011111 S
#1840
0>
0B
#1848
b000000000100000 1
b000000000110000 2
1B
b000000000100000 I
b000000000011110 P
b000000000100000 S
#1856
0B
#1860
b000000000100001 3
b000000000110001 4
b00000000100001 5
b100000101111 6
1>
b100000101111 @
b000000000000010 S
#1864
b000000000110001 0
1B
b000000000100000 S
#1872
0B
#1880
b000000000100001 1
b000000000110001 2
0>
1B
b000000000100001 I
b000000000011111 P
b000000000100001 S
#1888
0B
#1896
1B
#1900
b000000000100010 3
b000000000110011 4
b00000000100010 5
b100000110000 6
1>
b100000110000 @
b000000000000010 S
#1904
0B
#1912
b000000000110011 0
1B
b000000000100001 S
#1920
0>
0B
#1928
b000000000100010 1
b000000000110011 2
1B
b000000000100010 I
b000000000100000 P
b000000000100010 S
#1936
0B
#1940
b000000000100011 3
b000000000110010 4
b00000000100011 5
b100000110001 6
1>
b100000110001 @
b000000000000010 S
#1944
b000000000110010 0
1B
b000000000100010 S
#1952
0B
#1960
b000000000100011 1
b000000000110010 2
0>
1B
b000000000100011 I
b000000000100001 P
b000000000100011 S
#1968
0B
#1976
1B
#1980
b000000000100100 3
b000000000110110 4
b00000000100100 5
b100000110010 6
1>
b100000110010 @
b000000000000010 S
#1984
0B
#1992
b000000000110110 0
1B
b000000000100011 S
#2000
0>
0B
#2008
b000000000100100 1
b000000000110110 2
1B
b000000000100100 I
b000000000100010 P
b000000000100100 S
#2016
0B
#2020
b000000000100101 3
b000000000110111 4
b00000000100101 5
b100000110011 6
1>
b100000110011 @
b000000000000010 S
#2024
b000000000110111 0
1B
b000000000100100 S
#2032
0B
#2040
b000000000100101 1
b000000000110111 2
0>
1B
b000000000100101 I
b000000000100011 P
b000000000100101 S
#2048
0B
#2056
1B
#2060
b000000000100110 3
b000000000110101 4
b00000000100110 5
b100000110100 6
1>
b100000110100 @
b000000000000010 S
#2064
0B
#2072
b000000000110101 0
1B
b000000000100101 S
#2080
0>
0B
#2088
b000000000100110 1
b000000000110101 2
1B
b000000000100110 I
b000000000100100 P
b000000000100110 S
#2096
0B
#2100
b000000000100111 3
b000000000110100 4
b00000000100111 5
b100000110101 6
1>
b100000110101 @
b000000000000010 S
#2104
b000000000110100 0
1B
b000000000100110 S
#2112
0B
#2120
b000000000100111 1
b000000000110100 2
0>
1B
b000000000100111 I
b000000000100101 P
b000000000100111 S
#2128
0B
#2136
1B
#2140
b000000000101000 3
b000000000111100 4
b00000000101000 5
b100000110110 6
1>
b100000110110 @
b000000000000010 S
#2144
0B
#2152
b000000000111100 0
1B
b000000000100111 S
#2160
0>
0B
#2168
b000000000101000 1
b000000000111100 2
1B
b000000000101000 I
b000000000100110 P
b000000000101000 S
#2176
0B
#2180
b000000000101001 3
b000000000111101 4
b00000000101001 5
b100000110111 6
1>
b100000110111 @
b000000000000010 S
#2184
b000000000111101 0
1B
b000000000101000 S
#2192
0B
#2200
b000000000101001 1
b000000000111101 2
0>
1B
b000000000101001 I
b000000000100111 P
b000000000101001 S
#2208
0B
#2216
1B
#2220
b000000000101010 3
b000000000111111 4
b00000000101010 5
b100000111000 6
1>
b100000111000 @
b000000000000010 S
#2224
0B
#2232
b000000000111111 0
1B
b000000000101001 S
#2240
0>
0B
#2248
b000000000101010 1
b000000000111111 2
1B
b000000000101010 I
b000000000101000 P
b000000000101010 S
#2256
0B
#2260
b000000000101011 3
b000000000111110 4
b00000000101011 5
b100000111001 6
1>
b100000111001 @
b000000000000010 S
#2264
b000000000111110 0
1B
b000000000101010 S
#2272
0B
#2280
b000000000101011 1
b000000000111110 2
0>
1B
b000000000101011 I
b000000000101001 P
b000000000101011 S
#2288
0B
#2296
1B
#2300
b000000000101100 3
b000000000111010 4
b00000000101100 5
b100000111010 6
1>
b100000111010 @
b000000000000010 S
#2304
0B
#2312
b000000000111010 0
1B
b000000000101011 S
#2320
0>
0B
#2328
b000000000101100 1
b000000000111010 2
1B
b000000000101100 I
b000000000101010 P
b000000000101100 S
#2336
0B
#2340
b000000000101101 3
b000000000111011 4
b00000000101101 5
b100000111011 6
1>
b100000111011 @
b000000000000010 S
#2344
b000000000111011 0
1B
b000000000101100 S
#2352
0B
#2360
b000000000101101 1
b000000000111011 2
0>
1B
b000000000101101 I
b000000000101011 P
b000000000101101 S
#2368
0B
#2376
1B
#2380
b000000000101110 3
b000000000111001 4
b00000000101110 5
b100000111100 6
1>
b100000111100 @
b000000000000010 S
#2384
0B
#2392
b000000000111001 0
1B
b000000000101101 S
#2400
0>
0B
#2408
b000000000101110 1
b000000000111001 2
1B
b000000000101110 I
b000000000101100 P
b000000000101110 S
#2416
0B
#2420
b000000000101111 3
b000000000111000 4
b00000000101111 5
b100000111101 6
1>
b100000111101 @
b000000000000010 S
#2424
b000000000111000 0
1B
b000000000101110 S
#2432
0B
#2440
b000000000101111 1
b000000000111000 2
0>
1B
b000000000101111 I
b000000000101101 P
b000000000101111 S
#2448
0B
#2456
1B
#2460
b000000000110000 3
b000000000101000 4
b00000000110000 5
b100000111110 6
1>
b100000111110 @
b000000000000010 S
#2464
0B
#2472
b000000000101000 0
1B
b000000000101111 S
#2480
0>
0B
#2488
b000000000110000 1
b000000000101000 2
1B
b000000000110000 I
b000000000101110 P
b000000000110000 S
#2496
0B
#2500
b000000000110001 3
b000000000101001 4
b00000000110001 5
b100000111111 6
1>
b100000111111 @
b000000000000010 S
#2504
b000000000101001 0
1B
b000000000110000 S
#2512
0B
#2520
b000000000110001 1
b000000000101001 2
0>
1B
b000000000110001 I
b000000000101111 P
b000000000110001 S
#2528
0B
#2536
1B
#2540
b000000000110010 3
b000000000101011 4
b00000000110010 5
b100001000000 6
1>
b100001000000 @
b000000000000010 S
#2544
0B
#2552
b000000000101011 0
1B
b000000000110001 S
#2560
0>
0B
#2568
b000000000110010 1
b000000000101011 2
1B
b000000000110010 I
b000000000110000 P
b000000000110010 S
#2576
0B
#2580
b000000000110011 3
b000000000101010 4
b00000000110011 5
b100001000001 6
1>
b100001000001 @
b000000000000010 S
#2584
b000000000101010 0
1B
b000000000110010 S
#2592
0B
#2600
b000000000110011 1
b000000000101010 2
0>
1B
b000000000110011 I
b000000000110001 P
b000000000110011 S
#2608
0B
#2616
1B
#2620
b000000000110100 3
b000000000101110 4
b00000000110100 5
b100001000010 6
1>
b100001000010 @
b000000000000010 S
#2624
0B
#2632
b000000000101110 0
1B
b000000000110011 S
#2640
0>
0B
#2648
b000000000110100 1
b000000000101110 2
1B
b000000000110100 I
b000000000110010 P
b000000000110100 S
#2656
0B
#2660
b000000000110101 3
b000000000101111 4
b00000000110101 5
b100001000011 6
1>
b100001000011 @
b000000000000010 S
#2664
b000000000101111 0
1B
b000000000110100 S
#2672
0B
#2680
b000000000110101 1
b000000000101111 2
0>
1B
b000000000110101 I
b000000000110011 P
b000000000110101 S
#2688
0B
#2696
1B
#2700
b000000000110110 3
b000000000101101 4
b00000000110110 5
b100001000100 6
1>
b100001000100 @
b000000000000010 S
#2704
0B
#2712
b000000000101101 0
1B
b000000000110101 S
#2720
0>
0B
#2728
b000000000110110 1
b000000000101101 2
1B
b000000000110110 I
b000000000110100 P
b000000000110110 S
#2736
0B
#2740
b000000000110111 3
b000000000101100 4
b00000000110111 5
b100001000101 6
1>
b100001000101 @
b000000000000010 S
#2744
b000000000101100 0
1B
b000000000110110 S
#2752
0B
#2760
b000000000110111 1
b000000000101100 2
0>
1B
b000000000110111 I
b000000000110101 P
b000000000110111 S
#2768
0B
#2776
1B
#2780
b000000000111000 3
b000000000100100 4
b00000000111000 5
b100001000110 6
1>
b100001000110 @
b000000000000010 S
#2784
0B
#2792
b000000000100100 0
1B
b000000000110111 S
#2800
0>
0B
#2808
b000000000111000 1
b000000000100100 2
1B
b000000000111000 I
b000000000110110 P
b000000000111000 S
#2816
0B
#2820
b000000000111001 3
b000000000100101 4
b00000000111001 5
b100001000111 6
1>
b100001000111 @
b000000000000010 S
#2824
b000000000100101 0
1B
b000000000111000 S
#2832
0B
#2840
b000000000111001 1
b000000000100101 2
0>
1B
b000000000111001 I
b000000000110111 P
b000000000111001 S
#2848
0B
#2856
1B
#2860
b000000000111010 3
b000000000100111 4
b00000000111010 5
b100001001000 6
1>
b100001001000 @
b000000000000010 S
#2864
0B
#2872
b000000000100111 0
1B
b000000000111001 S
#2880
0>
0B
#2888
b000000000111010 1
b000000000100111 2
1B
b000000000111010 I
b000000000111000 P
b000000000111010 S
#2896
0B
#2900
b000000000111011 3
b000000000100110 4
b00000000111011 5
b100001001001 6
1>
b100001001001 @
b000000000000010 S
#2904
b000000000100110 0
1B
b000000000111010 S
#2912
0B
#2920
b000000000111011 1
b000000000100110 2
0>
1B
b000000000111011 I
b000000000111001 P
b000000000111011 S
#2928
0B
#2936
1B
#2940
b000000000111100 3
b000000000100010 4
b00000000111100 5
b100001001010 6
1>
b100001001010 @
b000000000000010 S
#2944
0B
#2952
b000000000100010 0
1B
b000000000111011 S
#2960
0>
0B
#2968
b000000000111100 1
b000000000100010 2
1B
b000000000111100 I
b000000000111010 P
b000000000111100 S
#2976
0B
#2980
b000000000111101 3
b000000000100011 4
b00000000111101 5
b100001001011 6
1>
b100001001011 @
b000000000000010 S
#2984
b000000000100011 0
1B
b000000000111100 S
#2992
0B
#3000
b000000000111101 1
b000000000100011 2
0>
1B
b000000000111101 I
b000000000111011 P
b000000000111101 S
#3008
0B
#3016
1B
#3020
b000000000111110 3
b000000000100001 4
b00000000111110 5
b100001001100 6
1>
b100001001100 @
b000000000000010 S
#3024
0B
#3032
b000000000100001 0
1B
b000000000111101 S
#3040
0>
0B
#3048
b000000000111110 1
b000000000100001 2
1B
b000000000111110 I
b000000000111100 P
b000000000111110 S
#3056
0B
#3060
b000000000111111 3
b000000000100000 4
b00000000111111 5
b100001001101 6
1>
b100001001101 @
b000000000000010 S
#3064
b000000000100000 0
1B
b000000000111110 S
#3072
0B
#3080
b000000000111111 1
b000000000100000 2
0>
1B
b000000000111111 I
b000000000111101 P
b000000000111111 S
#3088
0B
#3096
1B
#3100
b000000001000000 3
b000000001100000 4
b00000001000000 5
b100001001110 6
1>
b100001001110 @
b000000000000010 S
#3104
0B
#3112
b000000001100000 0
1B
b000000000111111 S
#3120
0>
0B
#3128
b000000001000000 1
b000000001100000 2
1B
b000000001000000 I
b000000000111110 P
b000000001000000 S
#3136
0B
#3140
b000000001000001 3
b000000001100001 4
b00000001000001 5
b100001001111 6
1>
b100001001111 @
b000000000000010 S
#3144
b000000001100001 0
1B
b000000001000000 S
#3152
0B
#3160
b000000001000001 1
b000000001100001 2
0>
1B
b000000001000001 I
b000000000111111 P
b000000001000001 S
#3168
0B
#3176
1B
#3180
b000000001000010 3
b000000001100011 4
b00000001000010 5
b100001010000 6
1>
b100001010000 @
b000000000000010 S
#3184
0B
#3192
b000000001100011 0
1B
b000000001000001 S
#3200
0>
0B
#3208
b000000001000010 1
b000000001100011 2
1B
b000000001000010 I
b000000001000000 P
b000000001000010 S
#3216
0B
#3220
b000000001000011 3
b000000001100010 4
b00000001000011 5
b100001010001 6
1>
b100001010001 @
b000000000000010 S
#3224
b000000001100010 0
1B
b000000001000010 S
#3232
0B
#3240
b000000001000011 1
b000000001100010 2
0>
1B
b000000001000011 I
b000000001000001 P
b000000001000011 S
#3248
0B
#3256
1B
#3260
b000000001000100 3
b000000001100110 4
b00000001000100 5
b100001010010 6
1>
b100001010010 @
b000000000000010 S
#3264
0B
#3272
b000000001100110 0
1B
b000000001000011 S
#3280
0>
0B
#3288
b000000001000100 1
b000000001100110 2
1B
b000000001000100 I
b000000001000010 P
b000000001000100 S
#3296
0B
#3300
b000000001000101 3
b000000001100111 4
b00000001000101 5
b100001010011 6
1>
b100001010011 @
b000000000000010 S
#3304
b000000001100111 0
1B
b000000001000100 S
#3312
0B
#3320
b000000001000101 1
b000000001100111 2
0>
1B
b000000001000101 I
b000000001000011 P
b000000001000101 S
#3328
0B
#3336
1B
#3340
b000000001000110 3
b000000001100101 4
b00000001000110 5
b100001010100 6
1>
b100001010100 @
b000000000000010 S
#3344
0B
#3352
b000000001100101 0
1B
b000000001000101 S
#3360
0>
0B
#3368
b000000001000110 1
b000000001100101 2
1B
b000000001000110 I
b000000001000100 P
b000000001000110 S
#3376
0B
#3380
b000000001000111 3
b000000001100100 4
b00000001000111 5
b100001010101 6
1>
b100001010101 @
b000000000000010 S
#3384
b000000001100100 0
1B
b000000001000110 S
#3392
0B
#3400
b000000001000111 1
b000000001100100 2
0>
1B
b000000001000111 I
b000000001000101 P
b000000001000111 S
#3408
0B
#3416
1B
#3420
b000000001001000 3
b000000001101100 4
b00000001001000 5
b100001010110 6
1>
b100001010110 @
b000000000000010 S
#3424
0B
#3432
b000000001101100 0
1B
b000000001000111 S
#3440
0>
0B
#3448
b000000001001000 1
b000000001101100 2
1B
b000000001001000 I
b000000001000110 P
b000000001001000 S
#3456
0B
#3460
b000000001001001 3
b000000001101101 4
b00000001001001 5
b100001010111 6
1>
b100001010111 @
b000000000000010 S
#3464
b000000001101101 0
1B
b000000001001000 S
#3472
0B
#3480
b000000001001001 1
b000000001101101 2
0>
1B
b000000001001001 I
b000000001000111 P
b000000001001001 S
#3488
0B
#3496
1B
#3500
b000000001001010 3
b000000001101111 4
b00000001001010 5
b100001011000 6
1>
b100001011000 @
b000000000000010 S
#3504
0B
#3512
b000000001101111 0
1B
b000000001001001 S
#3520
0>
0B
#3528
b000000001001010 1
b000000001101111 2
1B
b000000001001010 I
b000000001001000 P
b000000001001010 S
#3536
0B
#3540
b000000001001011 3
b000000001101110 4
b00000001001011 5
b100001011001 6
1>
b100001011001 @
b000000000000010 S
#3544
b000000001101110 0
1B
b000000001001010 S
#3552
0B
#3560
b000000001001011 1
b000000001101110 2
0>
1B
b000000001001011 I
b000000001001001 P
b000000001001011 S
#3568
0B
#3576
1B
#3580
b000000001001100 3
b000000001101010 4
b00000001001100 5
b100001011010 6
1>
b100001011010 @
b000000000000010 S
#3584
0B
#3592
b000000001101010 0
1B
b000000001001011 S
#3600
0>
0B
#3608
b000000001001100 1
b000000001101010 2
1B
b000000001001100 I
b000000001001010 P
b000000001001100 S
#3616
0B
#3620
b000000001001101 3
b000000001101011 4
b00000001001101 5
b100001011011 6
1>
b100001011011 @
b000000000000010 S
#3624
b000000001101011 0
1B
b000000001001100 S
#3632
0B
#3640
b000000001001101 1
b000000001101011 2
0>
1B
b000000001001101 I
b000000001001011 P
b000000001001101 S
#3648
0B
#3656
1B
#3660
b000000001001110 3
b000000001101001 4
b00000001001110 5
b100001011100 6
1>
b100001011100 @
b000000000000010 S
#3664
0B
#3672
b000000001101001 0
1B
b000000001001101 S
#3680
0>
0B
#3688
b000000001001110 1
b000000001101001 2
1B
b000000001001110 I
b000000001001100 P
b000000001001110 S
#3696
0B
#3700
b000000001001111 3
b000000001101000 4
b00000001001111 5
b100001011101 6
1>
b100001011101 @
b000000000000010 S
#3704
b000000001101000 0
1B
b000000001001110 S
#3712
0B
#3720
b000000001001111 1
b000000001101000 2
0>
1B
b000000001001111 I
b000000001001101 P
b000000001001111 S
#3728
0B
#3736
1B
#3740
b000000001010000 3
b000000001111000 4
b00000001010000 5
b100001011110 6
1>
b100001011110 @
b000000000000010 S
#3744
0B
#3752
b000000001111000 0
1B
b000000001001111 S
#3760
0>
0B
#3768
b000000001010000 1
b000000001111000 2
1B
b000000001010000 I
b000000001001110 P
b000000001010000 S
#3776
0B
#3780
b000000001010001 3
b000000001111001 4
b00000001010001 5
b100001011111 6
1>
b100001011111 @
b000000000000010 S
#3784
b000000001111001 0
1B
b000000001010000 S
#3792
0B
#3800
b000000001010001 1
b000000001111001 2
0>
1B
b000000001010001 I
b000000001001111 P
b000000001010001 S
#3808
0B
#3816
1B
#3820
b000000001010010 3
b000000001111011 4
b00000001010010 5
b100001100000 6
1>
b100001100000 @
b000000000000010 S
#3824
0B
#3832
b000000001111011 0
1B
b000000001010001 S
#3840
0>
0B
#3848
b000000001010010 1
b000000001111011 2
1B
b000000001010010 I
b000000001010000 P
b000000001010010 S
#3856
0B
#3860
b000000001010011 3
b000000001111010 4
b00000001010011 5
b100001100001 6
1>
b100001100001 @
b000000000000010 S
#3864
b000000001111010 0
1B
b000000001010010 S
#3872
0B
#3880
b000000001010011 1
b000000001111010 2
0>
1B
b000000001010011 I
b000000001010001 P
b000000001010011 S
#3888
0B
#3896
1B
#3900
b000000001010100 3
b000000001111110 4
b00000001010100 5
b100001100010 6
1>
b100001100010 @
b000000000000010 S
#3904
0B
#3912
b000000001111110 0
1B
b000000001010011 S
#3920
0>
0B
#3928
b000000001010100 1
b000000001111110 2
1B
b000000001010100 I
b000000001010010 P
b000000001010100 S
#3936
0B
#3940
b000000001010101 3
b000000001111111 4
b00000001010101 5
b100001100011 6
1>
b100001100011 @
b000000000000010 S
#3944
b000000001111111 0
1B
b000000001010100 S
#3952
0B
#3960
b000000001010101 1
b000000001111111 2
0>
1B
b000000001010101 I
b000000001010011 P
b000000001010101 S
#3968
0B
#3976
1B
#3980
b000000001010110 3
b000000001111101 4
b00000001010110 5
b100001100100 6
1>
b100001100100 @
b000000000000010 S
#3984
0B
#3992
b000000001111101 0
1B
b000000001010101 S
#4000
0>
0B
#4008
b000000001010110 1
b000000001111101 2
1B
b000000001010110 I
b000000001010100 P
b000000001010110 S
#4016
0B
#4020
b000000001010111 3
b000000001111100 4
b00000001010111 5
b100001100101 6
1>
b100001100101 @
b000000000000010 S
#4024
b000000001111100 0
1B
b000000001010110 S
#4032
0B
#4040
b000000001010111 1
b000000001111100 2
0>
1B
b000000001010111 I
b000000001010101 P
b000000001010111 S
#4048
0B
#4056
1B
#4060
b000000001011000 3
b000000001110100 4
b00000001011000 5
b100001100110 6
1>
b100001100110 @
b000000000000010 S
#4064
0B
#4072
b000000001110100 0
1B
b000000001010111 S
#4080
0>
0B
#4088
b000000001011000 1
b000000001110100 2
1B
b000000001011000 I
b000000001010110 P
b000000001011000 S
#4096
0B
#4100
b000000001011001 3
b000000001110101 4
b00000001011001 5
b100001100111 6
1>
b100001100111 @
b000000000000010 S
#4104
b000000001110101 0
1B
b000000001011000 S
#4112
0B
#4120
b000000001011001 1
b000000001110101 2
0>
1B
b000000001011001 I
b000000001010111 P
b000000001011001 S
#4128
0B
#4136
1B
#4140
b000000001011010 3
b000000001110111 4
b00000001011010 5
b100001101000 6
1>
b100001101000 @
b000000000000010 S
#4144
0B
#4152
b000000001110111 0
1B
b000000001011001 S
#4160
0>
0B
#4168
b000000001011010 1
b000000001110111 2
1B
b000000001011010 I
b000000001011000 P
b000000001011010 S
#4176
0B
#4180
b000000001011011 3
b000000001110110 4
b00000001011011 5
b100001101001 6
1>
b100001101001 @
b000000000000010 S
#4184
b000000001110110 0
1B
b000000001011010 S
#4192
0B
#4200
b000000001011011 1
b000000001110110 2
0>
1B
b000000001011011 I
b000000001011001 P
b000000001011011 S
#4208
0B
#4216
1B
#4220
b000000001011100 3
b000000001110010 4
b00000001011100 5
b100001101010 6
1>
b100001101010 @
b000000000000010 S
#4224
0B
#4232
b000000001110010 0
1B
b000000001011011 S
#4240
0>
0B
#4248
b000000001011100 1
b000000001110010 2
1B
b000000001011100 I
b000000001011010 P
b000000001011100 S
#4256
0B
#4260
b000000001011101 3
b000000001110011 4
b00000001011101 5
b100001101011 6
1>
b100001101011 @
b000000000000010 S
#4264
b000000001110011 0
1B
b000000001011100 S
#4272
0B
#4280
b000000001011101 1
b000000001110011 2
0>
1B
b000000001011101 I
b000000001011011 P
b000000001011101 S
#4288
0B
#4296
1B
#4300
b000000001011110 3
b000000001110001 4
b00000001011110 5
b100001101100 6
1>
b100001101100 @
b000000000000010 S
#4304
0B
#4312
b000000001110001 0
1B
b000000001011101 S
#4320
0>
0B
#4328
b000000001011110 1
b000000001110001 2
1B
b000000001011110 I
b000000001011100 P
b000000001011110 S
#4336
0B
#4340
b000000001011111 3
b000000001110000 4
b00000001011111 5
b100001101101 6
1>
b100001101101 @
b000000000000010 S
#4344
b000000001110000 0
1B
b000000001011110 S
#4352
0B
#4360
b000000001011111 1
b000000001110000 2
0>
1B
b000000001011111 I
b000000001011101 P
b000000001011111 S
#4368
0B
#4376
1B
#4380
b000000001100000 3
b000000001010000 4
b00000001100000 5
b100001101110 6
1>
b100001101110 @
b000000000000010 S
#4384
0B
#4392
b000000001010000 0
1B
b000000001011111 S
#4400
0>
0B
#4408
b000000001100000 1
b000000001010000 2
1B
b000000001100000 I
b000000001011110 P
b000000001100000 S
#4416
0B
#4420
b000000001100001 3
b000000001010001 4
b00000001100001 5
b100001101111 6
1>
b100001101111 @
b000000000000010 S
#4424
b000000001010001 0
1B
b000000001100000 S
#4432
0B
#4440
b000000001100001 1
b000000001010001 2
0>
1B
b000000001100001 I
b000000001011111 P
b000000001100001 S
#4448
0B
#4456
1B
#4460
b000000001100010 3
b000000001010011 4
b00000001100010 5
b100001110000 6
1>
b100001110000 @
b000000000000010 S
#4464
0B
#4472
b000000001010011 0
1B
b000000001100001 S
#4480
0>
0B
#4488
b000000001100010 1
b000000001010011 2
1B
b000000001100010 I
b000000001100000 P
b000000001100010 S
#4496
0B
#4500
b000000001100011 3
b000000001010010 4
b00000001100011 5
b100001110001 6
1>
b100001110001 @
b000000000000010 S
#4504
b000000001010010 0
1B
b000000001100010 S
#4512
0B
#4520
b000000001100011 1
b000000001010010 2
0>
1B
b000000001100011 I
b000000001100001 P
b000000001100011 S
#4528
0B
#4536
1B
#4540
b000000001100100 3
b000000001010110 4
b00000001100100 5
b100001110010 6
1>
b100001110010 @
b000000000000010 S
#4544
0B
#4552
b000000001010110 0
1B
b000000001100011 S
#4560
0>
0B
#4568
b000000001100100 1
b000000001010110 2
1B
b000000001100100 I
b000000001100010 P
b000000001100100 S
#4576
0B
#4580
b000000001100101 3
b000000001010111 4
b00000001100101 5
b100001110011 6
1>
b100001110011 @
b000000000000010 S
#4584
b000000001010111 0
1B
b000000001100100 S
#4592
0B
#4600
b000000001100101 1
b000000001010111 2
0>
1B
b000000001100101 I
b000000001100011 P
b000000001100101 S
#4608
0B
#4616
1B
#4620
b000000001100110 3
b000000001010101 4
b00000001100110 5
b100001110100 6
1>
b100001110100 @
b000000000000010 S
#4624
0B
#4632
b000000001010101 0
1B
b000000001100101 S
#4640
0>
0B
#4648
b000000001100110 1
b000000001010101 2
1B
b000000001100110 I
b000000001100100 P
b000000001100110 S
#4656
0B
#4660
b000000001100111 3
b000000001010100 4
b00000001100111 5
b100001110101 6
1>
b100001110101 @
b000000000000010 S
#4664
b000000001010100 0
1B
b000000001100110 S
#4672
0B
#4680
b000000001100111 1
b000000001010100 2
0>
1B
b000000001100111 I
b000000001100101 P
b000000001100111 S
#4688
0B
#4696
1B
#4700
b000000001101000 3
b000000001011100 4
b00000001101000 5
b100001110110 6
1>
b100001110110 @
b000000000000010 S
#4704
0B
#4712
b000000001011100 0
1B
b000000001100111 S
#4720
0>
0B
#4728
b000000001101000 1
b000000001011100 2
1B
b000000001101000 I
b000000001100110 P
b000000001101000 S
#4736
0B
#4740
b000000001101001 3
b000000001011101 4
b00000001101001 5
b100001110111 6
1>
b100001110111 @
b000000000000010 S
#4744
b000000001011101 0
1B
b000000001101000 S
#4752
0B
#4760
b000000001101001 1
b000000001011101 2
0>
1B
b000000001101001 I
b000000001100111 P
b000000001101001 S
#4768
0B
#4776
1B
#4780
b000000001101010 3
b000000001011111 4
b00000001101010 5
b100001111000 6
1>
b100001111000 @
b000000000000010 S
#4784
0B
#4792
b000000001011111 0
1B
b000000001101001 S
#4800
0>
0B
#4808
b000000001101010 1
b000000001011111 2
1B
b000000001101010 I
b000000001101000 P
b000000001101010 S
#4816
0B
#4820
b000000001101011 3
b000000001011110 4
b00000001101011 5
b100001111001 6
1>
b100001111001 @
b000000000000010 S
#4824
b000000001011110 0
1B
b000000001101010 S
#4832
0B
#4840
b000000001101011 1
b000000001011110 2
0>
1B
b000000001101011 I
b000000001101001 P
b000000001101011 S
#4848
0B
#4856
1B
#4860
b000000001101100 3
b000000001011010 4
b00000001101100 5
b100001111010 6
1>
b100001111010 @
b000000000000010 S
#4864
0B
#4872
b000000001011010 0
1B
b000000001101011 S
#4880
0>
0B
#4888
b000000001101100 1
b000000001011010 2
1B
b000000001101100 I
b000000001101010 P
b000000001101100 S
#4896
0B
#4900
b000000001101101 3
b000000001011011 4
b00000001101101 5
b100001111011 6
1>
b100001111011 @
b000000000000010 S
#4904
b000000001011011 0
1B
b000000001101100 S
#4912
0B
#4920
b000000001101101 1
b000000001011011 2
0>
1B
b000000001101101 I
b000000001101011 P
b000000001101101 S
#4928
0B
#4936
1B
#4940
b000000001101110 3
b000000001011001 4
b00000001101110 5
b100001111100 6
1>
b100001111100 @
b000000000000010 S
#4944
0B
#4952
b000000001011001 0
1B
b000000001101101 S
#4960
0>
0B
#4968
b000000001101110 1
b000000001011001 2
1B
b000000001101110 I
b000000001101100 P
b000000001101110 S
#4976
0B
#4980
b000000001101111 3
b000000001011000 4
b00000001101111 5
b100001111101 6
1>
b100001111101 @
b000000000000010 S
#4984
b000000001011000 0
1B
b000000001101110 S
#4992
0B
#5000
b000000001101111 1
b000000001011000 2
0>
1B
b000000001101111 I
b000000001101101 P
b000000001101111 S
#5008
0B
#5016
1B
#5020
b000000001110000 3
b000000001001000 4
b00000001110000 5
b100001111110 6
1>
b100001111110 @
b000000000000010 S
#5024
0B
#5032
b000000001001000 0
1B
b000000001101111 S
#5040
0>
0B
#5048
b000000001110000 1
b000000001001000 2
1B
b000000001110000 I
b000000001101110 P
b000000001110000 S
#5056
0B
#5060
b000000001110001 3
b000000001001001 4
b00000001110001 5
b100001111111 6
1>
b100001111111 @
b000000000000010 S
#5064
b000000001001001 0
1B
b000000001110000 S
#5072
0B
#5080
b000000001110001 1
b000000001001001 2
0>
1B
b000000001110001 I
b000000001101111 P
b000000001110001 S
#5088
0B
#5096
1B
#5100
b000000001110010 3
b000000001001011 4
b00000001110010 5
b100010000000 6
1>
b100010000000 @
b000000000000010 S
#5104
0B
#5112
b000000001001011 0
1B
b000000001110001 S
#5120
0>
0B
#5128
b000000001110010 1
b000000001001011 2
1B
b000000001110010 I
b000000001110000 P
b000000001110010 S
#5136
0B
#5140
b000000001110011 3
b000000001001010 4
b00000001110011 5
b100010000001 6
1>
b100010000001 @
b000000000000010 S
#5144
b000000001001010 0
1B
b000000001110010 S
#5152
0B
#5160
b000000001110011 1
b000000001001010 2
0>
1B
b000000001110011 I
b000000001110001 P
b000000001110011 S
#5168
0B
#5176
1B
#5180
b000000001110100 3
b000000001001110 4
b00000001110100 5
b100010000010 6
1>
b100010000010 @
b000000000000010 S
#5184
0B
#5192
b000000001001110 0
1B
b000000001110011 S
#5200
0>
0B
#5208
b000000001110100 1
b000000001001110 2
1B
b000000001110100 I
b000000001110010 P
b000000001110100 S
#5216
0B
#5220
b000000001110101 3
b000000001001111 4
b00000001110101 5
b100010000011 6
1>
b100010000011 @
b000000000000010 S
#5224
b000000001001111 0
1B
b000000001110100 S
#5232
0B
#5240
b000000001110101 1
b000000001001111 2
0>
1B
b000000001110101 I
b000000001110011 P
b000000001110101 S
#5248
0B
#5256
1B
#5260
b000000001110110 3
b000000001001101 4
b00000001110110 5
b100010000100 6
1>
b100010000100 @
b000000000000010 S
#5264
0B
#5272
b000000001001101 0
1B
b000000001110101 S
#5280
0>
0B
#5288
b000000001110110 1
b000000001001101 2
1B
b000000001110110 I
b000000001110100 P
b000000001110110 S
#5296
0B
#5300
b000000001110111 3
b000000001001100 4
b00000001110111 5
b100010000101 6
1>
b100010000101 @
b000000000000010 S
#5304
b000000001001100 0
1B
b000000001110110 S
#5312
0B
#5320
b000000001110111 1
b000000001001100 2
0>
1B
b000000001110111 I
b000000001110101 P
b000000001110111 S
#5328
0B
#5336
1B
#5340
b000000001111000 3
b000000001000100 4
b00000001111000 5
b100010000110 6
1>
b100010000110 @
b000000000000010 S
#5344
0B
#5352
b000000001000100 0
1B
b000000001110111 S
#5360
0>
0B
#5368
b000000001111000 1
b000000001000100 2
1B
b000000001111000 I
b000000001110110 P
b000000001111000 S
#5376
0B
#5380
b000000001111001 3
b000000001000101 4
b00000001111001 5
b100010000111 6
1>
b100010000111 @
b000000000000010 S
#5384
b000000001000101 0
1B
b000000001111000 S
#5392
0B
#5400
b000000001111001 1
b000000001000101 2
0>
1B
b000000001111001 I
b000000001110111 P
b000000001111001 S
#5408
0B
#5416
1B
#5420
b000000001111010 3
b000000001000111 4
b00000001111010 5
b100010001000 6
1>
b100010001000 @
b000000000000010 S
#5424
0B
#5432
b000000001000111 0
1B
b000000001111001 S
#5440
0>
0B
#5448
b000000001111010 1
b000000001000111 2
1B
b000000001111010 I
b000000001111000 P
b000000001111010 S
#5456
0B
#5460
b000000001111011 3
b000000001000110 4
b00000001111011 5
b100010001001 6
1>
b100010001001 @
b000000000000010 S
#5464
b000000001000110 0
1B
b000000001111010 S
#5472
0B
#5480
b000000001111011 1
b000000001000110 2
0>
1B
b000000001111011 I
b000000001111001 P
b000000001111011 S
#5488
0B
#5496
1B
#5500
b000000001111100 3
b000000001000010 4
b00000001111100 5
b100010001010 6
1>
b100010001010 @
b000000000000010 S
#5504
0B
#5512
b000000001000010 0
1B
b000000001111011 S
#5520
0>
0B
#5528
b000000001111100 1
b000000001000010 2
1B
b000000001111100 I
b000000001111010 P
b000000001111100 S
#5536
0B
#5540
b000000001111101 3
b000000001000011 4
b00000001111101 5
b100010001011 6
1>
b100010001011 @
b000000000000010 S
#5544
b000000001000011 0
1B
b000000001111100 S
#5552
0B
#5560
b000000001111101 1
b000000001000011 2
0>
1B
b000000001111101 I
b000000001111011 P
b000000001111101 S
#5568
0B
#5576
1B
#5580
b000000001111110 3
b000000001000001 4
b00000001111110 5
b100010001100 6
1>
b100010001100 @
b000000000000010 S
#5584
0B
#5592
b000000001000001 0
1B
b000000001111101 S
#5600
0>
0B
#5608
b000000001111110 1
b000000001000001 2
1B
b000000001111110 I
b000000001111100 P
b000000001111110 S
#5616
0B
#5620
b000000001111111 3
b000000001000000 4
b00000001111111 5
b100010001101 6
1>
b100010001101 @
b000000000000010 S
#5624
b000000001000000 0
1B
b000000001111110 S
#5632
0B
#5640
b000000001111111 1
b000000001000000 2
0>
1B
b000000001111111 I
b000000001111101 P
b000000001111111 S
#5648
0B
#5656
1B
#5660
b000000010000000 3
b000000011000000 4
b00000010000000 5
b100010001110 6
1>
b100010001110 @
b000000000000010 S
#5664
0B
#5672
b000000011000000 0
1B
b000000001111111 S
#5680
0>
0B
#5688
b000000010000000 1
b000000011000000 2
1B
b000000010000000 I
b000000001111110 P
b000000010000000 S
#5696
0B
#5700
b000000010000001 3
b000000011000001 4
b00000010000001 5
b100010001111 6
1>
b100010001111 @
b000000000000010 S
#5704
b000000011000001 0
1B
b000000010000000 S
#5712
0B
#5720
b000000010000001 1
b000000011000001 2
0>
1B
b000000010000001 I
b000000001111111 P
b000000010000001 S
#5728
0B
#5736
1B
#5740
b000000010000010 3
b000000011000011 4
b00000010000010 5
b100010010000 6
1>
b100010010000 @
b000000000000010 S
#5744
0B
#5752
b000000011000011 0
1B
b000000010000001 S
#5760
0>
0B
#5768
b000000010000010 1
b000000011000011 2
1B
b000000010000010 I
b000000010000000 P
b000000010000010 S
#5776
0B
#5780
b000000010000011 3
b000000011000010 4
b00000010000011 5
b100010010001 6
1>
b100010010001 @
b000000000000010 S
#5784
b000000011000010 0
1B
b000000010000010 S
#5792
0B
#5800
b000000010000011 1
b000000011000010 2
0>
1B
b000000010000011 I
b000000010000001 P
b000000010000011 S
#5808
0B
#5816
1B
#5820
b000000010000100 3
b000000011000110 4
b00000010000100 5
b100010010010 6
1>
b100010010010 @
b000000000000010 S
#5824
0B
#5832
b000000011000110 0
1B
b000000010000011 S
#5840
0>
0B
#5848
b000000010000100 1
b000000011000110 2
1B
b000000010000100 I
b000000010000010 P
b000000010000100 S
#5856
0B
#5860
b000000010000101 3
b000000011000111 4
b00000010000101 5
b100010010011 6
1>
b100010010011 @
b000000000000010 S
#5864
b000000011000111 0
1B
b000000010000100 S
#5872
0B
#5880
b000000010000101 1
b000000011000111 2
0>
1B
b000000010000101 I
b000000010000011 P
b000000010000101 S
#5888
0B
#5896
1B
#5900
b000000010000110 3
b000000011000101 4
b00000010000110 5
b100010010100 6
1>
b100010010100 @
b000000000000010 S
#5904
0B
#5912
b000000011000101 0
1B
b000000010000101 S
#5920
0>
0B
#5928
b000000010000110 1
b000000011000101 2
1B
b000000010000110 I
b000000010000100 P
b000000010000110 S
#5936
0B
#5940
b000000010000111 3
b000000011000100 4
b00000010000111 5
b100010010101 6
1>
b100010010101 @
b000000000000010 S
#5944
b000000011000100 0
1B
b000000010000110 S
#5952
0B
#5960
b000000010000111 1
b000000011000100 2
0>
1B
b000000010000111 I
b000000010000101 P
b000000010000111 S
#5968
0B
#5976
1B
#5980
b000000010001000 3
b000000011001100 4
b00000010001000 5
b100010010110 6
1>
b100010010110 @
b000000000000010 S
#5984
0B
#5992
b000000011001100 0
1B
b000000010000111 S
#6000
0>
0B
#6008
b000000010001000 1
b000000011001100 2
1B
b000000010001000 I
b000000010000110 P
b000000010001000 S
#6016
0B
#6020
b000000010001001 3
b000000011001101 4
b00000010001001 5
b100010010111 6
1>
b100010010111 @
b000000000000010 S
#6024
b000000011001101 0
1B
b000000010001000 S
#6032
0B
#6040
b000000010001001 1
b000000011001101 2
0>
1B
b000000010001001 I
b000000010000111 P
b000000010001001 S
#6048
0B
#6056
1B
#6060
b000000010001010 3
b000000011001111 4
b00000010001010 5
b100010011000 6
1>
b100010011000 @
b000000000000010 S
#6064
0B
#6072
b000000011001111 0
1B
b000000010001001 S
#6080
0>
0B
#6088
b000000010001010 1
b000000011001111 2
1B
b000000010001010 I
b000000010001000 P
b000000010001010 S
#6096
0B
#6100
b000000010001011 3
b000000011001110 4
b00000010001011 5
b100010011001 6
1>
b100010011001 @
b000000000000010 S
#6104
b000000011001110 0
1B
b000000010001010 S
#6112
0B
#6120
b000000010001011 1
b000000011001110 2
0>
1B
b000000010001011 I
b000000010001001 P
b000000010001011 S
#6128
0B
#6136
1B
#6140
b000000010001100 3
b000000011001010 4
b00000010001100 5
b100010011010 6
1>
b100010011010 @
b000000000000010 S
#6144
0B
#6152
b000000011001010 0
1B
b000000010001011 S
#6160
0>
0B
#6168
b000000010001100 1
b000000011001010 2
1B
b000000010001100 I
b000000010001010 P
b000000010001100 S
#6176
0B
#6180
b000000010001101 3
b000000011001011 4
b00000010001101 5
b100010011011 6
1>
b100010011011 @
b000000000000010 S
#6184
b000000011001011 0
1B
b000000010001100 S
#6192
0B
#6200
b000000010001101 1
b000000011001011 2
0>
1B
b000000010001101 I
b000000010001011 P
b000000010001101 S
#6208
0B
#6216
1B
#6220
b000000010001110 3
b000000011001001 4
b00000010001110 5
b100010011100 6
1>
b100010011100 @
b000000000000010 S
#6224
0B
#6232
b000000011001001 0
1B
b000000010001101 S
#6240
0>
0B
#6248
b000000010001110 1
b000000011001001 2
1B
b000000010001110 I
b000000010001100 P
b000000010001110 S
#6256
0B
#6260
b000000010001111 3
b000000011001000 4
b00000010001111 5
b100010011101 6
1>
b100010011101 @
b000000000000010 S
#6264
b000000011001000 0
1B
b000000010001110 S
#6272
0B
#6280
b000000010001111 1
b000000011001000 2
0>
1B
b000000010001111 I
b000000010001101 P
b000000010001111 S
#6288
0B
#6296
1B
#6300
b000000010010000 3
b000000011011000 4
b00000010010000 5
b100010011110 6
1>
b100010011110 @
b000000000000010 S
#6304
0B
#6312
b000000011011000 0
1B
b000000010001111 S
#6320
0>
0B
#6328
b000000010010000 1
b000000011011000 2
1B
b000000010010000 I
b000000010001110 P
b000000010010000 S
#6336
0B
#6340
b000000010010001 3
b000000011011001 4
b00000010010001 5
b100010011111 6
1>
b100010011111 @
b000000000000010 S
#6344
b000000011011001 0
1B
b000000010010000 S
#6352
0B
#6360
b000000010010001 1
b000000011011001 2
0>
1B
b000000010010001 I
b000000010001111 P
b000000010010001 S
#6368
0B
#6376
1B
#6380
b000000010010010 3
b000000011011011 4
b00000010010010 5
b100010100000 6
1>
b100010100000 @
b000000000000010 S
#6384
0B
#6392
b000000011011011 0
1B
b000000010010001 S
#6400
0>
0B
#6408
b000000010010010 1
b000000011011011 2
1B
b000000010010010 I
b000000010010000 P
b000000010010010 S
#6416
0B
#6420
b000000010010011 3
b000000011011010 4
b00000010010011 5
b100010100001 6
1>
b100010100001 @
b000000000000010 S
#6424
b000000011011010 0
1B
b000000010010010 S
#6432
0B
#6440
b000000010010011 1
b000000011011010 2
0>
1B
b000000010010011 I
b000000010010001 P
b000000010010011 S
#6448
0B
#6456
1B
#6460
b000000010010100 3
b000000011011110 4
b00000010010100 5
b100010100010 6
1>
b100010100010 @
b000000000000010 S
#6464
0B
#6472
b000000011011110 0
1B
b000000010010011 S
#6480
0>
0B
#6488
b000000010010100 1
b000000011011110 2
1B
b000000010010100 I
b000000010010010 P
b000000010010100 S
#6496
0B
#6500
b000000010010101 3
b000000011011111 4
b00000010010101 5
b100010100011 6
1>
b100010100011 @
b000000000000010 S
#6504
b000000011011111 0
1B
b000000010010100 S
#6512
0B
#6520
b000000010010101 1
b000000011011111 2
0>
1B
b000000010010101 I
b000000010010011 P
b000000010010101 S
#6528
0B
#6536
1B
#6540
b000000010010110 3
b000000011011101 4
b00000010010110 5
b100010100100 6
1>
b100010100100 @
b000000000000010 S
#6544
0B
#6552
b000000011011101 0
1B
b000000010010101 S
#6560
0>
0B
#6568
b000000010010110 1
b000000011011101 2
1B
b000000010010110 I
b000000010010100 P
b000000010010110 S
#6576
0B
#6580
b000000010010111 3
b000000011011100 4
b00000010010111 5
b100010100101 6
1>
b100010100101 @
b000000000000010 S
#6584
b000000011011100 0
1B
b000000010010110 S
#6592
0B
#6600
b000000010010111 1
b000000011011100 2
0>
1B
b000000010010111 I
b000000010010101 P
b000000010010111 S
#6608
0B
#6616
1B
#6620
b000000010011000 3
b000000011010100 4
b00000010011000 5
b100010100110 6
1>
b100010100110 @
b000000000000010 S
#6624
0B
#6632
b000000011010100 0
1B
b000000010010111 S
#6640
0>
0B
#6648
b000000010011000 1
b000000011010100 2
1B
b000000010011000 I
b000000010010110 P
b000000010011000 S
#6656
0B
#6660
b000000010011001 3
b000000011010101 4
b00000010011001 5
b100010100111 6
1>
b100010100111 @
b000000000000010 S
#6664
b000000011010101 0
1B
b000000010011000 S
#6672
0B
#6680
b000000010011001 1
b000000011010101 2
0>
1B
b000000010011001 I
b000000010010111 P
b000000010011001 S
#6688
0B
#6696
1B
#6700
b000000010011010 3
b000000011010111 4
b00000010011010 5
b100010101000 6
1>
b100010101000 @
b000000000000010 S
#6704
0B
#6712
b000000011010111 0
1B
b000000010011001 S
#6720
0>
0B
#6728
b000000010011010 1
b000000011010111 2
1B
b000000010011010 I
b000000010011000 P
b000000010011010 S
#6736
0B
#6740
b000000010011011 3
b000000011010110 4
b00000010011011 5
b100010101001 6
1>
b100010101001 @
b000000000000010 S
#6744
b000000011010110 0
1B
b000000010011010 S
#6752
0B
#6760
b000000010011011 1
b000000011010110 2
0>
1B
b000000010011011 I
b000000010011001 P
b000000010011011 S
#6768
0B
#6776
1B
#6780
b000000010011100 3
b000000011010010 4
b00000010011100 5
b100010101010 6
1>
b100010101010 @
b000000000000010 S
#6784
0B
#6792
b000000011010010 0
1B
b000000010011011 S
#6800
0>
0B
#6808
b000000010011100 1
b000000011010010 2
1B
b000000010011100 I
b000000010011010 P
b000000010011100 S
#6816
0B
#6820
b000000010011101 3
b000000011010011 4
b00000010011101 5
b100010101011 6
1>
b100010101011 @
b000000000000010 S
#6824
b000000011010011 0
1B
b000000010011100 S
#6832
0B
#6840
b000000010011101 1
b000000011010011 2
0>
1B
b000000010011101 I
b000000010011011 P
b000000010011101 S
#6848
0B
#6856
1B
#6860
b000000010011110 3
b000000011010001 4
b00000010011110 5
b100010101100 6
1>
b100010101100 @
b000000000000010 S
#6864
0B
#6872
b000000011010001 0
1B
b000000010011101 S
#6880
0>
0B
#6888
b000000010011110 1
b000000011010001 2
1B
b000000010011110 I
b000000010011100 P
b000000010011110 S
#6896
0B
#6900
b000000010011111 3
b000000011010000 4
b00000010011111 5
b100010101101 6
1>
b100010101101 @
b000000000000010 S
#6904
b000000011010000 0
1B
b000000010011110 S
#6912
0B
#6920
b000000010011111 1
b000000011010000 2
0>
1B
b000000010011111 I
b000000010011101 P
b000000010011111 S
#6928
0B
#6936
1B
#6940
b000000010100000 3
b000000011110000 4
b00000010100000 5
b100010101110 6
1>
b100010101110 @
b000000000000010 S
#6944
0B
#6952
b000000011110000 0
1B
b000000010011111 S
#6960
0>
0B
#6968
b000000010100000 1
b000000011110000 2
1B
b000000010100000 I
b000000010011110 P
b000000010100000 S
#6976
0B
#6980
b000000010100001 3
b000000011110001 4
b00000010100001 5
b100010101111 6
1>
b100010101111 @
b000000000000010 S
#6984
b000000011110001 0
1B
b000000010100000 S
#6992
0B
#7000
b000000010100001 1
b000000011110001 2
0>
1B
b000000010100001 I
b000000010011111 P
b000000010100001 S
#7008
0B
#7016
1B
#7020
b000000010100010 3
b000000011110011 4
b00000010100010 5
b100010110000 6
1>
b100010110000 @
b000000000000010 S
#7024
0B
#7032
b000000011110011 0
1B
b000000010100001 S
#7040
0>
0B
#7048
b000000010100010 1
b000000011110011 2
1B
b000000010100010 I
b000000010100000 P
b000000010100010 S
#7056
0B
#7060
b000000010100011 3
b000000011110010 4
b00000010100011 5
b100010110001 6
1>
b100010110001 @
b000000000000010 S
#7064
b000000011110010 0
1B
b000000010100010 S
#7072
0B
#7080
b000000010100011 1
b000000011110010 2
0>
1B
b000000010100011 I
b000000010100001 P
b000000010100011 S
#7088
0B
#7096
1B
#7100
b000000010100100 3
b000000011110110 4
b00000010100100 5
b100010110010 6
1>
b100010110010 @
b000000000000010 S
#7104
0B
#7112
b000000011110110 0
1B
b000000010100011 S
#7120
0>
0B
#7128
b000000010100100 1
b000000011110110 2
1B
b000000010100100 I
b000000010100010 P
b000000010100100 S
#7136
0B
#7140
b000000010100101 3
b000000011110111 4
b00000010100101 5
b100010110011 6
1>
b100010110011 @
b000000000000010 S
#7144
b000000011110111 0
1B
b000000010100100 S
#7152
0B
#7160
b000000010100101 1
b000000011110111 2
0>
1B
b000000010100101 I
b000000010100011 P
b000000010100101 S
#7168
0B
#7176
1B
#7180
b000000010100110 3
b000000011110101 4
b00000010100110 5
b100010110100 6
1>
b100010110100 @
b000000000000010 S
#7184
0B
#7192
b000000011110101 0
1B
b000000010100101 S
#7200
0>
0B
#7208
b000000010100110 1
b000000011110101 2
1B
b000000010100110 I
b000000010100100 P
b000000010100110 S
#7216
0B
#7220
b000000010100111 3
b000000011110100 4
b00000010100111 5
b100010110101 6
1>
b100010110101 @
b000000000000010 S
#7224
b000000011110100 0
1B
b000000010100110 S
#7232
0B
#7240
b000000010100111 1
b000000011110100 2
0>
1B
b000000010100111 I
b000000010100101 P
b000000010100111 S
#7248
0B
#7256
1B
#7260
b000000010101000 3
b000000011111100 4
b00000010101000 5
b100010110110 6
1>
b100010110110 @
b000000000000010 S
#7264
0B
#7272
b000000011111100 0
1B
b000000010100111 S
#7280
0>
0B
#7288
b000000010101000 1
b000000011111100 2
1B
b000000010101000 I
b000000010100110 P
b000000010101000 S
#7296
0B
#7300
b000000010101001 3
b000000011111101 4
b00000010101001 5
b100010110111 6
1>
b100010110111 @
b000000000000010 S
#7304
b000000011111101 0
1B
b000000010101000 S
#7312
0B
#7320
b000000010101001 1
b000000011111101 2
0>
1B
b000000010101001 I
b000000010100111 P
b000000010101001 S
#7328
0B
#7336
1B
#7340
b000000010101010 3
b000000011111111 4
b00000010101010 5
b100010111000 6
1>
b100010111000 @
b000000000000010 S
#7344
0B
#7352
b000000011111111 0
1B
b000000010101001 S
#7360
0>
0B
#7368
b000000010101010 1
b000000011111111 2
1B
b000000010101010 I
b000000010101000 P
b000000010101010 S
#7376
0B
#7380
b000000010101011 3
b000000011111110 4
b00000010101011 5
b100010111001 6
1>
b100010111001 @
b000000000000010 S
#7384
b000000011111110 0
1B
b000000010101010 S
#7392
0B
#7400
b000000010101011 1
b000000011111110 2
0>
1B
b000000010101011 I
b000000010101001 P
b000000010101011 S
#7408
0B
#7416
1B
#7420
b000000010101100 3
b000000011111010 4
b00000010101100 5
b100010111010 6
1>
b100010111010 @
b000000000000010 S
#7424
0B
#7432
b000000011111010 0
1B
b000000010101011 S
#7440
0>
0B
#7448
b000000010101100 1
b000000011111010 2
1B
b000000010101100 I
b000000010101010 P
b000000010101100 S
#7456
0B
#7460
b000000010101101 3
b000000011111011 4
b00000010101101 5
b100010111011 6
1>
b100010111011 @
b000000000000010 S
#7464
b000000011111011 0
1B
b000000010101100 S
#7472
0B
#7480
b000000010101101 1
b000000011111011 2
0>
1B
b000000010101101 I
b000000010101011 P
b000000010101101 S
#7488
0B
#7496
1B
#7500
b000000010101110 3
b000000011111001 4
b00000010101110 5
b100010111100 6
1>
b100010111100 @
b000000000000010 S
#7504
0B
#7512
b000000011111001 0
1B
b000000010101101 S
#7520
0>
0B
#7528
b000000010101110 1
b000000011111001 2
1B
b000000010101110 I
b000000010101100 P
b000000010101110 S
#7536
0B
#7540
b000000010101111 3
b000000011111000 4
b00000010101111 5
b100010111101 6
1>
b100010111101 @
b000000000000010 S
#7544
b000000011111000 0
1B
b000000010101110 S
#7552
0B
#7560
b000000010101111 1
b000000011111000 2
0>
1B
b000000010101111 I
b000000010101101 P
b000000010101111 S
#7568
0B
#7576
1B
#7580
b000000010110000 3
b000000011101000 4
b00000010110000 5
b100010111110 6
1>
b100010111110 @
b000000000000010 S
#7584
0B
#7592
b000000011101000 0
1B
b000000010101111 S
#7600
0>
0B
#7608
b000000010110000 1
b000000011101000 2
1B
b000000010110000 I
b000000010101110 P
b000000010110000 S
#7616
0B
#7620
b000000010110001 3
b000000011101001 4
b00000010110001 5
b100010111111 6
1>
b100010111111 @
b000000000000010 S
#7624
b000000011101001 0
1B
b000000010110000 S
#7632
0B
#7640
b000000010110001 1
b000000011101001 2
0>
1B
b000000010110001 I
b000000010101111 P
b000000010110001 S
#7648
0B
#7656
1B
#7660
b000000010110010 3
b000000011101011 4
b00000010110010 5
b100011000000 6
1>
b100011000000 @
b000000000000010 S
#7664
0B
#7672
b000000011101011 0
1B
b000000010110001 S
#7680
0>
0B
#7688
b000000010110010 1
b000000011101011 2
1B
b000000010110010 I
b000000010110000 P
b000000010110010 S
#7696
0B
#7700
b000000010110011 3
b000000011101010 4
b00000010110011 5
b100011000001 6
1>
b100011000001 @
b000000000000010 S
#7704
b000000011101010 0
1B
b000000010110010 S
#7712
0B
#7720
b000000010110011 1
b000000011101010 2
0>
1B
b000000010110011 I
b000000010110001 P
b000000010110011 S
#7728
0B
#7736
1B
#7740
b000000010110100 3
b000000011101110 4
b00000010110100 5
b100011000010 6
1>
b100011000010 @
b000000000000010 S
#7744
0B
#7752
b000000011101110 0
1B
b000000010110011 S
#7760
0>
0B
#7768
b000000010110100 1
b000000011101110 2
1B
b000000010110100 I
b000000010110010 P
b000000010110100 S
#7776
0B
#7780
b000000010110101 3
b000000011101111 4
b00000010110101 5
b100011000011 6
1>
b100011000011 @
b000000000000010 S
#7784
b000000011101111 0
1B
b000000010110100 S
#7792
0B
#7800
b000000010110101 1
b000000011101111 2
0>
1B
b000000010110101 I
b000000010110011 P
b000000010110101 S
#7808
0B
#7816
1B
#7820
b000000010110110 3
b000000011101101 4
b00000010110110 5
b100011000100 6
1>
b100011000100 @
b000000000000010 S
#7824
0B
#7832
b000000011101101 0
1B
b000000010110101 S
#7840
0>
0B
#7848
b000000010110110 1
b000000011101101 2
1B
b000000010110110 I
b000000010110100 P
b000000010110110 S
#7856
0B
#7860
b000000010110111 3
b000000011101100 4
b00000010110111 5
b100011000101 6
1>
b100011000101 @
b000000000000010 S
#7864
b000000011101100 0
1B
b000000010110110 S
#7872
0B
#7880
b000000010110111 1
b000000011101100 2
0>
1B
b000000010110111 I
b000000010110101 P
b000000010110111 S
#7888
0B
#7896
1B
#7900
b000000010111000 3
b000000011100100 4
b00000010111000 5
b100011000110 6
1>
b100011000110 @
b000000000000010 S
#7904
0B
#7912
b000000011100100 0
1B
b000000010110111 S
#7920
0>
0B
#7928
b000000010111000 1
b000000011100100 2
1B
b000000010111000 I
b000000010110110 P
b000000010111000 S
#7936
0B
#7940
b000000010111001 3
b000000011100101 4
b00000010111001 5
b100011000111 6
1>
b100011000111 @
b000000000000010 S
#7944
b000000011100101 0
1B
b000000010111000 S
#7952
0B
#7960
b000000010111001 1
b000000011100101 2
0>
1B
b000000010111001 I
b000000010110111 P
b000000010111001 S
#7968
0B
#7976
1B
#7980
b000000010111010 3
b000000011100111 4
b00000010111010 5
b100011001000 6
1>
b100011001000 @
b000000000000010 S
#7984
0B
#7992
b000000011100111 0
1B
b000000010111001 S
#8000
0>
0B
#8008
b000000010111010 1
b000000011100111 2
1B
b000000010111010 I
b000000010111000 P
b000000010111010 S
#8016
0B
#8020
b000000010111011 3
b000000011100110 4
b00000010111011 5
b100011001001 6
1>
b100011001001 @
b000000000000010 S
#8024
b000000011100110 0
1B
b000000010111010 S
#8032
0B
#8040
b000000010111011 1
b000000011100110 2
0>
1B
b000000010111011 I
b000000010111001 P
b000000010111011 S
#8048
0B
#8056
1B
#8060
b000000010111100 3
b000000011100010 4
b00000010111100 5
b100011001010 6
1>
b100011001010 @
b000000000000010 S
#8064
0B
#8072
b000000011100010 0
1B
b000000010111011 S
#8080
0>
0B
#8088
b000000010111100 1
b000000011100010 2
1B
b000000010111100 I
b000000010111010 P
b000000010111100 S
#8096
0B
#8100
b000000010111101 3
b000000011100011 4
b00000010111101 5
b100011001011 6
1>
b100011001011 @
b000000000000010 S
#8104
b000000011100011 0
1B
b000000010111100 S
#8112
0B
#8120
b000000010111101 1
b000000011100011 2
0>
1B
b000000010111101 I
b000000010111011 P
b000000010111101 S
#8128
0B
#8136
1B
#8140
b000000010111110 3
b000000011100001 4
b00000010111110 5
b100011001100 6
1>
b100011001100 @
b000000000000010 S
#8144
0B
#8152
b000000011100001 0
1B
b000000010111101 S
#8160
0>
0B
#8168
b000000010111110 1
b000000011100001 2
1B
b000000010111110 I
b000000010111100 P
b000000010111110 S
#8176
0B
#8180
b000000010111111 3
b000000011100000 4
b00000010111111 5
b100011001101 6
1>
b100011001101 @
b000000000000010 S
#8184
b000000011100000 0
1B
b000000010111110 S
#8192
0B
#8200
b000000010111111 1
b000000011100000 2
0>
1B
b000000010111111 I
b000000010111101 P
b000000010111111 S
#8208
0B
#8216
1B
#8220
b000000011000000 3
b000000010100000 4
b00000011000000 5
b100011001110 6
1>
b100011001110 @
b000000000000010 S
#8224
0B
#8232
b000000010100000 0
1B
b000000010111111 S
#8240
0>
0B
#8248
b000000011000000 1
b000000010100000 2
1B
b000000011000000 I
b000000010111110 P
b000000011000000 S
#8256
0B
#8260
b000000011000001 3
b000000010100001 4
b00000011000001 5
b100011001111 6
1>
b100011001111 @
b000000000000010 S
#8264
b000000010100001 0
1B
b000000011000000 S
#8272
0B
#8280
b000000011000001 1
b000000010100001 2
0>
1B
b000000011000001 I
b000000010111111 P
b000000011000001 S
#8288
0B
#8296
1B
#8300
b000000011000010 3
b000000010100011 4
b00000011000010 5
b100011010000 6
1>
b100011010000 @
b000000000000010 S
#8304
0B
#8312
b000000010100011 0
1B
b000000011000001 S
#8320
0>
0B
#8328
b000000011000010 1
b000000010100011 2
1B
b000000011000010 I
b000000011000000 P
b000000011000010 S
#8336
0B
#8340
b000000011000011 3
b000000010100010 4
b00000011000011 5
b100011010001 6
1>
b100011010001 @
b000000000000010 S
#8344
b000000010100010 0
1B
b000000011000010 S
#8352
0B
#8360
b000000011000011 1
b000000010100010 2
0>
1B
b000000011000011 I
b000000011000001 P
b000000011000011 S
#8368
0B
#8376
1B
#8380
b000000011000100 3
b000000010100110 4
b00000011000100 5
b100011010010 6
1>
b100011010010 @
b000000000000010 S
#8384
0B
#8392
b000000010100110 0
1B
b000000011000011 S
#8400
0>
0B
#8408
b000000011000100 1
b000000010100110 2
1B
b000000011000100 I
b000000011000010 P
b000000011000100 S
#8416
0B
#8420
b000000011000101 3
b000000010100111 4
b00000011000101 5
b100011010011 6
1>
b100011010011 @
b000000000000010 S
#8424
b000000010100111 0
1B
b000000011000100 S
#8432
0B
#8440
b000000011000101 1
b000000010100111 2
0>
1B
b000000011000101 I
b000000011000011 P
b000000011000101 S
#8448
0B
#8456
1B
#8460
b000000011000110 3
b000000010100101 4
b00000011000110 5
b100011010100 6
1>
b100011010100 @
b000000000000010 S
#8464
0B
#8472
b000000010100101 0
1B
b000000011000101 S
#8480
0>
0B
#8488
b000000011000110 1
b000000010100101 2
1B
b000000011000110 I
b000000011000100 P
b000000011000110 S
#8496
0B
#8500
b000000011000111 3
b000000010100100 4
b00000011000111 5
b100011010101 6
1>
b100011010101 @
b000000000000010 S
#8504
b000000010100100 0
1B
b000000011000110 S
#8512
0B
#8520
b000000011000111 1
b000000010100100 2
0>
1B
b000000011000111 I
b000000011000101 P
b000000011000111 S
#8528
0B
#8536
1B
#8540
b000000011001000 3
b000000010101100 4
b00000011001000 5
b100011010110 6
1>
b100011010110 @
b000000000000010 S
#8544
0B
#8552
b000000010101100 0
1B
b000000011000111 S
#8560
0>
0B
#8568
b000000011001000 1
b000000010101100 2
1B
b000000011001000 I
b000000011000110 P
b000000011001000 S
#8576
0B
#8580
b000000011001001 3
b000000010101101 4
b00000011001001 5
b100011010111 6
1>
b100011010111 @
b000000000000010 S
#8584
b000000010101101 0
1B
b000000011001000 S
#8592
0B
#8600
b000000011001001 1
b000000010101101 2
0>
1B
b000000011001001 I
b000000011000111 P
b000000011001001 S
#8608
0B
#8616
1B
#8620
b000000011001010 3
b000000010101111 4
b00000011001010 5
b100011011000 6
1>
b100011011000 @
b000000000000010 S
#8624
0B
#8632
b000000010101111 0
1B
b000000011001001 S
#8640
0>
0B
#8648
b000000011001010 1
b000000010101111 2
1B
b000000011001010 I
b000000011001000 P
b000000011001010 S
#8656
0B
#8660
b000000011001011 3
b000000010101110 4
b00000011001011 5
b100011011001 6
1>
b100011011001 @
b000000000000010 S
#8664
b000000010101110 0
1B
b000000011001010 S
#8672
0B
#8680
b000000011001011 1
b000000010101110 2
0>
1B
b000000011001011 I
b000000011001001 P
b000000011001011 S
#8688
0B
#8696
1B
#8700
b000000011001100 3
b000000010101010 4
b00000011001100 5
b100011011010 6
1>
b100011011010 @
b000000000000010 S
#8704
0B
#8712
b000000010101010 0
1B
b000000011001011 S
#8720
0>
0B
#8728
b000000011001100 1
b000000010101010 2
1B
b000000011001100 I
b000000011001010 P
b000000011001100 S
#8736
0B
#8740
b000000011001101 3
b000000010101011 4
b00000011001101 5
b100011011011 6
1>
b100011011011 @
b000000000000010 S
#8744
b000000010101011 0
1B
b000000011001100 S
#8752
0B
#8760
b000000011001101 1
b000000010101011 2
0>
1B
b000000011001101 I
b000000011001011 P
b000000011001101 S
#8768
0B
#8776
1B
#8780
b000000011001110 3
b000000010101001 4
b00000011001110 5
b100011011100 6
1>
b100011011100 @
b000000000000010 S
#8784
0B
#8792
b000000010101001 0
1B
b000000011001101 S
#8800
0>
0B
#8808
b000000011001110 1
b000000010101001 2
1B
b000000011001110 I
b000000011001100 P
b000000011001110 S
#8816
0B
#8820
b000000011001111 3
b000000010101000 4
b00000011001111 5
b100011011101 6
1>
b100011011101 @
b000000000000010 S
#8824
b000000010101000 0
1B
b000000011001110 S
#8832
0B
#8840
b000000011001111 1
b000000010101000 2
0>
1B
b000000011001111 I
b000000011001101 P
b000000011001111 S
#8848
0B
#8856
1B
#8860
b000000011010000 3
b000000010111000 4
b00000011010000 5
b100011011110 6
1>
b100011011110 @
b000000000000010 S
#8864
0B
#8872
b000000010111000 0
1B
b000000011001111 S
#8880
0>
0B
#8888
b000000011010000 1
b000000010111000 2
1B
b000000011010000 I
b000000011001110 P
b000000011010000 S
#8896
0B
#8900
b000000011010001 3
b000000010111001 4
b00000011010001 5
b100011011111 6
1>
b100011011111 @
b000000000000010 S
#8904
b000000010111001 0
1B
b000000011010000 S
#8912
0B
#8920
b000000011010001 1
b000000010111001 2
0>
1B
b000000011010001 I
b000000011001111 P
b000000011010001 S
#8928
0B
#8936
1B
#8940
b000000011010010 3
b000000010111011 4
b00000011010010 5
b100011100000 6
1>
b100011100000 @
b000000000000010 S
#8944
0B
#8952
b000000010111011 0
1B
b000000011010001 S
#8960
0>
0B
#8968
b000000011010010 1
b000000010111011 2
1B
b000000011010010 I
b000000011010000 P
b000000011010010 S
#8976
0B
#8980
b000000011010011 3
b000000010111010 4
b00000011010011 5
b100011100001 6
1>
b100011100001 @
b000000000000010 S
#8984
b000000010111010 0
1B
b000000011010010 S
#8992
0B
#9000
b000000011010011 1
b000000010111010 2
0>
1B
b000000011010011 I
b000000011010001 P
b000000011010011 S
#9008
0B
#9016
1B
#9020
b000000011010100 3
b000000010111110 4
b00000011010100 5
b100011100010 6
1>
b100011100010 @
b000000000000010 S
#9024
0B
#9032
b000000010111110 0
1B
b000000011010011 S
#9040
0>
0B
#9048
b000000011010100 1
b000000010111110 2
1B
b000000011010100 I
b000000011010010 P
b000000011010100 S
#9056
0B
#9060
b000000011010101 3
b000000010111111 4
b00000011010101 5
b100011100011 6
1>
b100011100011 @
b000000000000010 S
#9064
b000000010111111 0
1B
b000000011010100 S
#9072
0B
#9080
b000000011010101 1
b000000010111111 2
0>
1B
b000000011010101 I
b000000011010011 P
b000000011010101 S
#9088
0B
#9096
1B
#9100
b000000011010110 3
b000000010111101 4
b00000011010110 5
b100011100100 6
1>
b100011100100 @
b000000000000010 S
#9104
0B
#9112
b000000010111101 0
1B
b000000011010101 S
#9120
0>
0B
#9128
b000000011010110 1
b000000010111101 2
1B
b000000011010110 I
b000000011010100 P
b000000011010110 S
#9136
0B
#9140
b000000011010111 3
b000000010111100 4
b00000011010111 5
b100011100101 6
1>
b100011100101 @
b000000000000010 S
#9144
b000000010111100 0
1B
b000000011010110 S
#9152
0B
#9160
b000000011010111 1
b000000010111100 2
0>
1B
b000000011010111 I
b000000011010101 P
b000000011010111 S
#9168
0B
#9176
1B
#9180
b000000011011000 3
b000000010110100 4
b00000011011000 5
b100011100110 6
1>
b100011100110 @
b000000000000010 S
#9184
0B
#9192
b000000010110100 0
1B
b000000011010111 S
#9200
0>
0B
#9208
b000000011011000 1
b000000010110100 2
1B
b000000011011000 I
b000000011010110 P
b000000011011000 S
#9216
0B
#9220
b000000011011001 3
b000000010110101 4
b00000011011001 5
b100011100111 6
1>
b100011100111 @
b000000000000010 S
#9224
b000000010110101 0
1B
b000000011011000 S
#9232
0B
#9240
b000000011011001 1
b000000010110101 2
0>
1B
b000000011011001 I
b000000011010111 P
b000000011011001 S
#9248
0B
#9256
1B
#9260
b000000011011010 3
b000000010110111 4
b00000011011010 5
b100011101000 6
1>
b100011101000 @
b000000000000010 S
#9264
0B
#9272
b000000010110111 0
1B
b000000011011001 S
#9280
0>
0B
#9288
b000000011011010 1
b000000010110111 2
1B
b000000011011010 I
b000000011011000 P
b000000011011010 S
#9296
0B
#9300
b000000011011011 3
b000000010110110 4
b00000011011011 5
b100011101001 6
1>
b100011101001 @
b000000000000010 S
#9304
b000000010110110 0
1B
b000000011011010 S
#9312
0B
#9320
b000000011011011 1
b000000010110110 2
0>
1B
b000000011011011 I
b000000011011001 P
b000000011011011 S
#9328
0B
#9336
1B
#9340
b000000011011100 3
b000000010110010 4
b00000011011100 5
b100011101010 6
1>
b100011101010 @
b000000000000010 S
#9344
0B
#9352
b000000010110010 0
1B
b000000011011011 S
#9360
0>
0B
#9368
b000000011011100 1
b000000010110010 2
1B
b000000011011100 I
b000000011011010 P
b000000011011100 S
#9376
0B
#9380
b000000011011101 3
b000000010110011 4
b00000011011101 5
b100011101011 6
1>
b100011101011 @
b000000000000010 S
#9384
b000000010110011 0
1B
b000000011011100 S
#9392
0B
#9400
b000000011011101 1
b000000010110011 2
0>
1B
b000000011011101 I
b000000011011011 P
b000000011011101 S
#9408
0B
#9416
1B
#9420
b000000011011110 3
b000000010110001 4
b00000011011110 5
b100011101100 6
1>
b100011101100 @
b000000000000010 S
#9424
0B
#9432
b000000010110001 0
1B
b000000011011101 S
#9440
0>
0B
#9448
b000000011011110 1
b000000010110001 2
1B
b000000011011110 I
b000000011011100 P
b000000011011110 S
#9456
0B
#9460
b000000011011111 3
b000000010110000 4
b00000011011111 5
b100011101101 6
1>
b100011101101 @
b000000000000010 S
#9464
b000000010110000 0
1B
b000000011011110 S
#9472
0B
#9480
b000000011011111 1
b000000010110000 2
0>
1B
b000000011011111 I
b000000011011101 P
b000000011011111 S
#9488
0B
#9496
1B
#9500
b000000011100000 3
b000000010010000 4
b00000011100000 5
b100011101110 6
1>
b100011101110 @
b000000000000010 S
#9504
0B
#9512
b000000010010000 0
1B
b000000011011111 S
#9520
0>
0B
#9528
b000000011100000 1
b000000010010000 2
1B
b000000011100000 I
b000000011011110 P
b000000011100000 S
#9536
0B
#9540
b000000011100001 3
b000000010010001 4
b00000011100001 5
b100011101111 6
1>
b100011101111 @
b000000000000010 S
#9544
b000000010010001 0
1B
b000000011100000 S
#9552
0B
#9560
b000000011100001 1
b000000010010001 2
0>
1B
b000000011100001 I
b000000011011111 P
b000000011100001 S
#9568
0B
#9576
1B
#9580
b000000011100010 3
b000000010010011 4
b00000011100010 5
b100011110000 6
1>
b100011110000 @
b000000000000010 S
#9584
0B
#9592
b000000010010011 0
1B
b000000011100001 S
#9600
0>
0B
#9608
b000000011100010 1
b000000010010011 2
1B
b000000011100010 I
b000000011100000 P
b000000011100010 S
#9616
0B
#9620
b000000011100011 3
b000000010010010 4
b00000011100011 5
b100011110001 6
1>
b100011110001 @
b000000000000010 S
#9624
b000000010010010 0
1B
b000000011100010 S
#9632
0B
#9640
b000000011100011 1
b000000010010010 2
0>
1B
b000000011100011 I
b000000011100001 P
b000000011100011 S
#9648
0B
#9656
1B
#9660
b000000011100100 3
b000000010010110 4
b00000011100100 5
b100011110010 6
1>
b100011110010 @
b000000000000010 S
#9664
0B
#9672
b000000010010110 0
1B
b000000011100011 S
#9680
0>
0B
#9688
b000000011100100 1
b000000010010110 2
1B
b000000011100100 I
b000000011100010 P
b000000011100100 S
#9696
0B
#9700
b000000011100101 3
b000000010010111 4
b00000011100101 5
b100011110011 6
1>
b100011110011 @
b000000000000010 S
#9704
b000000010010111 0
1B
b000000011100100 S
#9712
0B
#9720
b000000011100101 1
b000000010010111 2
0>
1B
b000000011100101 I
b000000011100011 P
b000000011100101 S
#9728
0B
#9736
1B
#9740
b000000011100110 3
b000000010010101 4
b00000011100110 5
b100011110100 6
1>
b100011110100 @
b000000000000010 S
#9744
0B
#9752
b000000010010101 0
1B
b000000011100101 S
#9760
0>
0B
#9768
b000000011100110 1
b000000010010101 2
1B
b000000011100110 I
b000000011100100 P
b000000011100110 S
#9776
0B
#9780
b000000011100111 3
b000000010010100 4
b00000011100111 5
b100011110101 6
1>
b100011110101 @
b000000000000010 S
#9784
b000000010010100 0
1B
b000000011100110 S
#9792
0B
#9800
b000000011100111 1
b000000010010100 2
0>
1B
b000000011100111 I
b000000011100101 P
b000000011100111 S
#9808
0B
#9816
1B
#9820
b000000011101000 3
b000000010011100 4
b00000011101000 5
b100011110110 6
1>
b100011110110 @
b000000000000010 S
#9824
0B
#9832
b000000010011100 0
1B
b000000011100111 S
#9840
0>
0B
#9848
b000000011101000 1
b000000010011100 2
1B
b000000011101000 I
b000000011100110 P
b000000011101000 S
#9856
0B
#9860
b000000011101001 3
b000000010011101 4
b00000011101001 5
b100011110111 6
1>
b100011110111 @
b000000000000010 S
#9864
b000000010011101 0
1B
b000000011101000 S
#9872
0B
#9880
b000000011101001 1
b000000010011101 2
0>
1B
b000000011101001 I
b000000011100111 P
b000000011101001 S
#9888
0B
#9896
1B
#9900
b000000011101010 3
b000000010011111 4
b00000011101010 5
b100011111000 6
1>
b100011111000 @
b000000000000010 S
#9904
0B
#9912
b000000010011111 0
1B
b000000011101001 S
#9920
0>
0B
#9928
b000000011101010 1
b000000010011111 2
1B
b000000011101010 I
b000000011101000 P
b000000011101010 S
#9936
0B
#9940
b000000011101011 3
b000000010011110 4
b00000011101011 5
b100011111001 6
1>
b100011111001 @
b000000000000010 S
#9944
b000000010011110 0
1B
b000000011101010 S
#9952
0B
#9960
b000000011101011 1
b000000010011110 2
0>
1B
b000000011101011 I
b000000011101001 P
b000000011101011 S
#9968
0B
#9976
1B
#9980
b000000011101100 3
b000000010011010 4
b00000011101100 5
b100011111010 6
1>
b100011111010 @
b000000000000010 S
#9984
0B
#9992
b000000010011010 0
1B
b000000011101011 S
#10000
0>
0B
#10008
b000000011101100 1
b000000010011010 2
1B
b000000011101100 I
b000000011101010 P
b000000011101100 S
#10016
0B
#10020
b000000011101101 3
b000000010011011 4
b00000011101101 5
b100011111011 6
1>
b100011111011 @
b000000000000010 S
#10024
b000000010011011 0
1B
b000000011101100 S
#10032
0B
#10040
b000000011101101 1
b000000010011011 2
0>
1B
b000000011101101 I
b000000011101011 P
b000000011101101 S
#10048
0B
#10056
1B
#10060
b000000011101110 3
b000000010011001 4
b00000011101110 5
b100011111100 6
1>
b100011111100 @
b000000000000010 S
#10064
0B
#10072
b000000010011001 0
1B
b000000011101101 S
#10080
0>
0B
#10088
b000000011101110 1
b000000010011001 2
1B
b000000011101110 I
b000000011101100 P
b000000011101110 S
#10096
0B
#10100
b000000011101111 3
b000000010011000 4
b00000011101111 5
b100011111101 6
1>
b100011111101 @
b000000000000010 S
#10104
b000000010011000 0
1B
b000000011101110 S
#10112
0B
#10120
b000000011101111 1
b000000010011000 2
0>
1B
b000000011101111 I
b000000011101101 P
b000000011101111 S
#10128
0B
#10136
1B
#10140
b000000011110000 3
b000000010001000 4
b00000011110000 5
b100011111110 6
1>
b100011111110 @
b000000000000010 S
#10144
0B
#10152
b000000010001000 0
1B
b000000011101111 S
#10160
0>
0B
#10168
b000000011110000 1
b000000010001000 2
1B
b000000011110000 I
b000000011101110 P
b000000011110000 S
#10176
0B
#10180
b000000011110001 3
b000000010001001 4
b00000011110001 5
b100011111111 6
1>
b100011111111 @
b000000000000010 S
#10184
b000000010001001 0
1B
b000000011110000 S
#10192
0B
#10200
b000000011110001 1
b000000010001001 2
0>
1B
b000000011110001 I
b000000011101111 P
b000000011110001 S
#10208
0B
#10216
1B
#10220
b000000011110010 3
b000000010001011 4
b00000011110010 5
b100100000000 6
1>
b100100000000 @
b000000000000010 S
#10224
0B
#10232
b000000010001011 0
1B
b000000011110001 S
#10240
0>
0B
#10248
b000000011110010 1
b000000010001011 2
1B
b000000011110010 I
b000000011110000 P
b000000011110010 S
#10256
0B
#10260
b000000011110011 3
b000000010001010 4
b00000011110011 5
b100100000001 6
1>
b100100000001 @
b000000000000010 S
#10264
b000000010001010 0
1B
b000000011110010 S
#10272
0B
#10280
b000000011110011 1
b000000010001010 2
0>
1B
b000000011110011 I
b000000011110001 P
b000000011110011 S
#10288
0B
#10296
1B
#10300
b000000011110100 3
b000000010001110 4
b00000011110100 5
b100100000010 6
1>
b100100000010 @
b000000000000010 S
#10304
0B
#10312
b000000010001110 0
1B
b000000011110011 S
#10320
0>
0B
#10328
b000000011110100 1
b000000010001110 2
1B
b000000011110100 I
b000000011110010 P
b000000011110100 S
#10336
0B
#10340
b000000011110101 3
b000000010001111 4
b00000011110101 5
b100100000011 6
1>
b100100000011 @
b000000000000010 S
#10344
b000000010001111 0
1B
b000000011110100 S
#10352
0B
#10360
b000000011110101 1
b000000010001111 2
0>
1B
b000000011110101 I
b000000011110011 P
b000000011110101 S
#10368
0B
#10376
1B
#10380
b000000011110110 3
b000000010001101 4
b00000011110110 5
b100100000100 6
1>
b100100000100 @
b000000000000010 S
#10384
0B
#10392
b000000010001101 0
1B
b000000011110101 S
#10400
0>
0B
#10408
b000000011110110 1
b000000010001101 2
1B
b000000011110110 I
b000000011110100 P
b000000011110110 S
#10416
0B
#10420
b000000011110111 3
b000000010001100 4
b00000011110111 5
b100100000101 6
1>
b100100000101 @
b000000000000010 S
#10424
b000000010001100 0
1B
b000000011110110 S
#10432
0B
#10440
b000000011110111 1
b000000010001100 2
0>
1B
b000000011110111 I
b000000011110101 P
b000000011110111 S
#10448
0B
#10456
1B
#10460
b000000011111000 3
b000000010000100 4
b00000011111000 5
b100100000110 6
1>
b100100000110 @
b000000000000010 S
#10464
0B
#10472
b000000010000100 0
1B
b000000011110111 S
#10480
0>
0B
#10488
b000000011111000 1
b000000010000100 2
1B
b000000011111000 I
b000000011110110 P
b000000011111000 S
#10496
0B
#10500
b000000011111001 3
b000000010000101 4
b00000011111001 5
b100100000111 6
1>
b100100000111 @
b000000000000010 S
#10504
b000000010000101 0
1B
b000000011111000 S
#10512
0B
#10520
b000000011111001 1
b000000010000101 2
0>
1B
b000000011111001 I
b000000011110111 P
b000000011111001 S
#10528
0B
#10536
1B
#10540
b000000011111010 3
b000000010000111 4
b00000011111010 5
b100100001000 6
1>
b100100001000 @
b000000000000010 S
#10544
0B
#10552
b000000010000111 0
1B
b000000011111001 S
#10560
0>
0B
#10568
b000000011111010 1
b000000010000111 2
1B
b000000011111010 I
b000000011111000 P
b000000011111010 S
#10576
0B
#10580
b000000011111011 3
b000000010000110 4
b00000011111011 5
b100100001001 6
1>
b100100001001 @
b000000000000010 S
#10584
b000000010000110 0
1B
b000000011111010 S
#10592
0B
#10600
b000000011111011 1
b000000010000110 2
0>
1B
b000000011111011 I
b000000011111001 P
b000000011111011 S
#10608
0B
#10616
1B
#10620
b000000011111100 3
b000000010000010 4
b00000011111100 5
b100100001010 6
1>
b100100001010 @
b000000000000010 S
#10624
0B
#10632
b000000010000010 0
1B
b000000011111011 S
#10640
0>
0B
#10648
b000000011111100 1
b000000010000010 2
1B
b000000011111100 I
b000000011111010 P
b000000011111100 S
#10656
0B
#10660
b000000011111101 3
b000000010000011 4
b00000011111101 5
b100100001011 6
1>
b100100001011 @
b000000000000010 S
#10664
b000000010000011 0
1B
b000000011111100 S
#10672
0B
#10680
b000000011111101 1
b000000010000011 2
0>
1B
b000000011111101 I
b000000011111011 P
b000000011111101 S
#10688
0B
#10696
1B
#10700
b000000011111110 3
b000000010000001 4
b00000011111110 5
b100100001100 6
1>
b100100001100 @
b000000000000010 S
#10704
0B
#10712
b000000010000001 0
1B
b000000011111101 S
#10720
0>
0B
#10728
b000000011111110 1
b000000010000001 2
1B
b000000011111110 I
b000000011111100 P
b000000011111110 S
#10736
0B
#10740
b000000011111111 3
b000000010000000 4
b00000011111111 5
b100100001101 6
1>
b100100001101 @
b000000000000010 S
#10744
b000000010000000 0
1B
b000000011111110 S
#10752
0B
#10760
b000000011111111 1
b000000010000000 2
0>
1B
b000000011111111 I
b000000011111101 P
b000000011111111 S
#10768
0B
#10776
1B
#10780
b000000100000000 3
b000000110000000 4
b00000100000000 5
b100100001110 6
1>
b100100001110 @
b000000000000010 S
#10784
0B
#10792
b000000110000000 0
1B
b000000011111111 S
#10800
0>
0B
#10808
b000000100000000 1
b000000110000000 2
1B
b000000100000000 I
b000000011111110 P
b000000100000000 S
#10816
0B
#10820
b000000100000001 3
b000000110000001 4
b00000100000001 5
b100100001111 6
1>
b100100001111 @
b000000000000010 S
#10824
b000000110000001 0
1B
b000000100000000 S
#10832
0B
#10840
b000000100000001 1
b000000110000001 2
0>
1B
b000000100000001 I
b000000011111111 P
b000000100000001 S
#10848
0B
#10856
1B
#10860
b000000100000010 3
b000000110000011 4
b00000100000010 5
b100100010000 6
1>
b100100010000 @
b000000000000010 S
#10864
0B
#10872
b000000110000011 0
1B
b000000100000001 S
#10880
0>
0B
#10888
b000000100000010 1
b000000110000011 2
1B
b000000100000010 I
b000000100000000 P
b000000100000010 S
#10896
0B
#10900
b000000100000011 3
b000000110000010 4
b00000100000011 5
b100100010001 6
1>
b100100010001 @
b000000000000010 S
#10904
b000000110000010 0
1B
b000000100000010 S
#10912
0B
#10920
b000000100000011 1
b000000110000010 2
0>
1B
b000000100000011 I
b000000100000001 P
b000000100000011 S
#10928
0B
#10936
1B
#10940
b000000100000100 3
b000000110000110 4
b00000100000100 5
b100100010010 6
1>
b100100010010 @
b000000000000010 S
#10944
0B
#10952
b000000110000110 0
1B
b000000100000011 S
#10960
0>
0B
#10968
b000000100000100 1
b000000110000110 2
1B
b000000100000100 I
b000000100000010 P
b000000100000100 S
#10976
0B
#10980
b000000100000101 3
b000000110000111 4
b00000100000101 5
b100100010011 6
1>
b100100010011 @
b000000000000010 S
#10984
b000000110000111 0
1B
b000000100000100 S
#10992
0B
#11000
b000000100000101 1
b000000110000111 2
0>
1B
b000000100000101 I
b000000100000011 P
b000000100000101 S
#11008
0B
#11016
1B
#11020
b000000100000110 3
b000000110000101 4
b00000100000110 5
b100100010100 6
1>
b100100010100 @
b000000000000010 S
#11024
0B
#11032
b000000110000101 0
1B
b000000100000101 S
#11040
0>
0B
#11048
b000000100000110 1
b000000110000101 2
1B
b000000100000110 I
b000000100000100 P
b000000100000110 S
#11056
0B
#11060
b000000100000111 3
b000000110000100 4
b00000100000111 5
b100100010101 6
1>
b100100010101 @
b000000000000010 S
#11064
b000000110000100 0
1B
b000000100000110 S
#11072
0B
#11080
b000000100000111 1
b000000110000100 2
0>
1B
b000000100000111 I
b000000100000101 P
b000000100000111 S
#11088
0B
#11096
1B
#11100
b000000100001000 3
b000000110001100 4
b00000100001000 5
b100100010110 6
1>
b100100010110 @
b000000000000010 S
#11104
0B
#11112
b000000110001100 0
1B
b000000100000111 S
#11120
0>
0B
#11128
b000000100001000 1
b000000110001100 2
1B
b000000100001000 I
b000000100000110 P
b000000100001000 S
#11136
0B
#11140
b000000100001001 3
b000000110001101 4
b00000100001001 5
b100100010111 6
1>
b100100010111 @
b000000000000010 S
#11144
b000000110001101 0
1B
b000000100001000 S
#11152
0B
#11160
b000000100001001 1
b000000110001101 2
0>
1B
b000000100001001 I
b000000100000111 P
b000000100001001 S
#11168
0B
#11176
1B
#11180
b000000100001010 3
b000000110001111 4
b00000100001010 5
b100100011000 6
1>
b100100011000 @
b000000000000010 S
#11184
0B
#11192
b000000110001111 0
1B
b000000100001001 S
#11200
0>
0B
#11208
b000000100001010 1
b000000110001111 2
1B
b000000100001010 I
b000000100001000 P
b000000100001010 S
#11216
0B
#11220
b000000100001011 3
b000000110001110 4
b00000100001011 5
b100100011001 6
1>
b100100011001 @
b000000000000010 S
#11224
b000000110001110 0
1B
b000000100001010 S
#11232
0B
#11240
b000000100001011 1
b000000110001110 2
0>
1B
b000000100001011 I
b000000100001001 P
b000000100001011 S
#11248
0B
#11256
1B
#11260
b000000100001100 3
b000000110001010 4
b00000100001100 5
b100100011010 6
1>
b100100011010 @
b000000000000010 S
#11264
0B
#11272
b000000110001010 0
1B
b000000100001011 S
#11280
0>
0B
#11288
b000000100001100 1
b000000110001010 2
1B
b000000100001100 I
b000000100001010 P
b000000100001100 S
#11296
0B
#11300
b000000100001101 3
b000000110001011 4
b00000100001101 5
b100100011011 6
1>
b100100011011 @
b000000000000010 S
#11304
b000000110001011 0
1B
b000000100001100 S
#11312
0B
#11320
b000000100001101 1
b000000110001011 2
0>
1B
b000000100001101 I
b000000100001011 P
b000000100001101 S
#11328
0B
#11336
1B
#11340
b000000100001110 3
b000000110001001 4
b00000100001110 5
b100100011100 6
1>
b100100011100 @
b000000000000010 S
#11344
0B
#11352
b000000110001001 0
1B
b000000100001101 S
#11360
0>
0B
#11368
b000000100001110 1
b000000110001001 2
1B
b000000100001110 I
b000000100001100 P
b000000100001110 S
#11376
0B
#11380
b000000100001111 3
b000000110001000 4
b00000100001111 5
b100100011101 6
1>
b100100011101 @
b000000000000010 S
#11384
b000000110001000 0
1B
b000000100001110 S
#11392
0B
#11400
b000000100001111 1
b000000110001000 2
0>
1B
b000000100001111 I
b000000100001101 P
b000000100001111 S
#11408
0B
#11416
1B
#11420
b000000100010000 3
b000000110011000 4
b00000100010000 5
b100100011110 6
1>
b100100011110 @
b000000000000010 S
#11424
0B
#11432
b000000110011000 0
1B
b000000100001111 S
#11440
0>
0B
#11448
b000000100010000 1
b000000110011000 2
1B
b000000100010000 I
b000000100001110 P
b000000100010000 S
#11456
0B
#11460
b000000100010001 3
b000000110011001 4
b00000100010001 5
b100100011111 6
1>
b100100011111 @
b000000000000010 S
#11464
b000000110011001 0
1B
b000000100010000 S
#11472
0B
#11480
b000000100010001 1
b000000110011001 2
0>
1B
b000000100010001 I
b000000100001111 P
b000000100010001 S
#11488
0B
#11496
1B
#11500
b000000100010010 3
b000000110011011 4
b00000100010010 5
b100100100000 6
1>
b100100100000 @
b000000000000010 S
#11504
0B
#11512
b000000110011011 0
1B
b000000100010001 S
#11520
0>
0B
#11528
b000000100010010 1
b000000110011011 2
1B
b000000100010010 I
b000000100010000 P
b000000100010010 S
#11536
0B
#11540
b000000100010011 3
b000000110011010 4
b00000100010011 5
b100100100001 6
1>
b100100100001 @
b000000000000010 S
#11544
b000000110011010 0
1B
b000000100010010 S
#11552
0B
#11560
b000000100010011 1
b000000110011010 2
0>
1B
b000000100010011 I
b000000100010001 P
b000000100010011 S
#11568
0B
#11576
1B
#11580
b000000100010100 3
b000000110011110 4
b00000100010100 5
b100100100010 6
1>
b100100100010 @
b000000000000010 S
#11584
0B
#11592
b000000110011110 0
1B
b000000100010011 S
#11600
0>
0B
#11608
b000000100010100 1
b000000110011110 2
1B
b000000100010100 I
b000000100010010 P
b000000100010100 S
#11616
0B
#11620
b000000100010101 3
b000000110011111 4
b00000100010101 5
b100100100011 6
1>
b100100100011 @
b000000000000010 S
#11624
b000000110011111 0
1B
b000000100010100 S
#11632
0B
#11640
b000000100010101 1
b000000110011111 2
0>
1B
b000000100010101 I
b000000100010011 P
b000000100010101 S
#11648
0B
#11656
1B
#11660
b000000100010110 3
b000000110011101 4
b00000100010110 5
b100100100100 6
1>
b100100100100 @
b000000000000010 S
#11664
0B
#11672
b000000110011101 0
1B
b000000100010101 S
#11680
0>
0B
#11688
b000000100010110 1
b000000110011101 2
1B
b000000100010110 I
b000000100010100 P
b000000100010110 S
#11696
0B
#11700
b000000100010111 3
b000000110011100 4
b00000100010111 5
b100100100101 6
1>
b100100100101 @
b000000000000010 S
#11704
b000000110011100 0
1B
b000000100010110 S
#11712
0B
#11720
b000000100010111 1
b000000110011100 2
0>
1B
b000000100010111 I
b000000100010101 P
b000000100010111 S
#11728
0B
#11736
1B
#11740
b000000100011000 3
b000000110010100 4
b00000100011000 5
b100100100110 6
1>
b100100100110 @
b000000000000010 S
#11744
0B
#11752
b000000110010100 0
1B
b000000100010111 S
#11760
0>
0B
#11768
b000000100011000 1
b000000110010100 2
1B
b000000100011000 I
b000000100010110 P
b000000100011000 S
#11776
0B
#11780
b000000100011001 3
b000000110010101 4
b00000100011001 5
b100100100111 6
1>
b100100100111 @
b000000000000010 S
#11784
b000000110010101 0
1B
b000000100011000 S
#11792
0B
#11800
b000000100011001 1
b000000110010101 2
0>
1B
b000000100011001 I
b000000100010111 P
b000000100011001 S
#11808
0B
#11816
1B
#11820
b000000100011010 3
b000000110010111 4
b00000100011010 5
b100100101000 6
1>
b100100101000 @
b000000000000010 S
#11824
0B
#11832
b000000110010111 0
1B
b000000100011001 S
#11840
0>
0B
#11848
b000000100011010 1
b000000110010111 2
1B
b000000100011010 I
b000000100011000 P
b000000100011010 S
#11856
0B
#11860
b000000100011011 3
b000000110010110 4
b00000100011011 5
b100100101001 6
1>
b100100101001 @
b000000000000010 S
#11864
b000000110010110 0
1B
b000000100011010 S
#11872
0B
#11880
b000000100011011 1
b000000110010110 2
0>
1B
b000000100011011 I
b000000100011001 P
b000000100011011 S
#11888
0B
#11896
1B
#11900
b000000100011100 3
b000000110010010 4
b00000100011100 5
b100100101010 6
1>
b100100101010 @
b000000000000010 S
#11904
0B
#11912
b000000110010010 0
1B
b000000100011011 S
#11920
0>
0B
#11928
b000000100011100 1
b000000110010010 2
1B
b000000100011100 I
b000000100011010 P
b000000100011100 S
#11936
0B
#11940
b000000100011101 3
b000000110010011 4
b00000100011101 5
b100100101011 6
1>
b100100101011 @
b000000000000010 S
#11944
b000000110010011 0
1B
b000000100011100 S
#11952
0B
#11960
b000000100011101 1
b000000110010011 2
0>
1B
b000000100011101 I
b000000100011011 P
b000000100011101 S
#11968
0B
#11976
1B
#11980
b000000100011110 3
b000000110010001 4
b00000100011110 5
b100100101100 6
1>
b100100101100 @
b000000000000010 S
#11984
0B
#11992
b000000110010001 0
1B
b000000100011101 S
#12000
0>
0B
#12008
b000000100011110 1
b000000110010001 2
1B
b000000100011110 I
b000000100011100 P
b000000100011110 S
#12016
0B
#12020
b000000100011111 3
b000000110010000 4
b00000100011111 5
b100100101101 6
1>
b100100101101 @
b000000000000010 S
#12024
b000000110010000 0
1B
b000000100011110 S
#12032
0B
#12040
b000000100011111 1
b000000110010000 2
0>
1B
b000000100011111 I
b000000100011101 P
b000000100011111 S
#12048
0B
#12056
1B
#12060
b000000100100000 3
b000000110110000 4
b00000100100000 5
b100100101110 6
1>
b100100101110 @
b000000000000010 S
#12064
0B
#12072
b000000110110000 0
1B
b000000100011111 S
#12080
0>
0B
#12088
b000000100100000 1
b000000110110000 2
1B
b000000100100000 I
b000000100011110 P
b000000100100000 S
#12096
0B
#12100
b000000100100001 3
b000000110110001 4
b00000100100001 5
b100100101111 6
1>
b100100101111 @
b000000000000010 S
#12104
b000000110110001 0
1B
b000000100100000 S
#12112
0B
#12120
b000000100100001 1
b000000110110001 2
0>
1B
b000000100100001 I
b000000100011111 P
b000000100100001 S
#12128
0B
#12136
1B
#12140
b000000100100010 3
b000000110110011 4
b00000100100010 5
b100100110000 6
1>
b100100110000 @
b000000000000010 S
#12144
0B
#12152
b000000110110011 0
1B
b000000100100001 S
#12160
0>
0B
#12168
b000000100100010 1
b000000110110011 2
1B
b000000100100010 I
b000000100100000 P
b000000100100010 S
#12176
0B
#12180
b000000100100011 3
b000000110110010 4
b00000100100011 5
b100100110001 6
1>
b100100110001 @
b000000000000010 S
#12184
b000000110110010 0
1B
b000000100100010 S
#12192
0B
#12200
b000000100100011 1
b000000110110010 2
0>
1B
b000000100100011 I
b000000100100001 P
b000000100100011 S
#12208
0B
#12216
1B
#12220
b000000100100100 3
b000000110110110 4
b00000100100100 5
b100100110010 6
1>
b100100110010 @
b000000000000010 S
#12224
0B
#12232
b000000110110110 0
1B
b000000100100011 S
#12240
0>
0B
#12248
b000000100100100 1
b000000110110110 2
1B
b000000100100100 I
b000000100100010 P
b000000100100100 S
#12256
0B
#12260
b000000100100101 3
b000000110110111 4
b00000100100101 5
b100100110011 6
1>
b100100110011 @
b000000000000010 S
#12264
b000000110110111 0
1B
b000000100100100 S
#12272
0B
#12280
b000000100100101 1
b000000110110111 2
0>
1B
b000000100100101 I
b000000100100011 P
b000000100100101 S
#12288
0B
#12296
1B
#12300
b000000100100110 3
b000000110110101 4
b00000100100110 5
b100100110100 6
1>
b100100110100 @
b000000000000010 S
#12304
0B
#12312
b000000110110101 0
1B
b000000100100101 S
#12320
0>
0B
#12328
b000000100100110 1
b000000110110101 2
1B
b000000100100110 I
b000000100100100 P
b000000100100110 S
#12336
0B
#12340
b000000100100111 3
b000000110110100 4
b00000100100111 5
b100100110101 6
1>
b100100110101 @
b000000000000010 S
#12344
b000000110110100 0
1B
b000000100100110 S
#12352
0B
#12360
b000000100100111 1
b000000110110100 2
0>
1B
b000000100100111 I
b000000100100101 P
b000000100100111 S
#12368
0B
#12376
1B
#12380
b000000100101000 3
b000000110111100 4
b00000100101000 5
b100100110110 6
1>
b100100110110 @
b000000000000010 S
#12384
0B
#12392
b000000110111100 0
1B
b000000100100111 S
#12400
0>
0B
#12408
b000000100101000 1
b000000110111100 2
1B
b000000100101000 I
b000000100100110 P
b000000100101000 S
#12416
0B
#12420
b000000100101001 3
b000000110111101 4
b00000100101001 5
b100100110111 6
1>
b100100110111 @
b000000000000010 S
#12424
b000000110111101 0
1B
b000000100101000 S
#12432
0B
#12440
b000000100101001 1
b000000110111101 2
0>
1B
b000000100101001 I
b000000100100111 P
b000000100101001 S
#12448
0B
#12456
1B
#12460
b000000100101010 3
b000000110111111 4
b00000100101010 5
b100100111000 6
1>
b100100111000 @
b000000000000010 S
#12464
0B
#12472
b000000110111111 0
1B
b000000100101001 S
#12480
0>
0B
#12488
b000000100101010 1
b000000110111111 2
1B
b000000100101010 I
b000000100101000 P
b000000100101010 S
#12496
0B
#12500
b000000100101011 3
b000000110111110 4
b00000100101011 5
b100100111001 6
1>
b100100111001 @
b000000000000010 S
#12504
b000000110111110 0
1B
b000000100101010 S
#12512
0B
#12520
b000000100101011 1
b000000110111110 2
0>
1B
b000000100101011 I
b000000100101001 P
b000000100101011 S
#12528
0B
#12536
1B
#12540
b000000100101100 3
b000000110111010 4
b00000100101100 5
b100100111010 6
1>
b100100111010 @
b000000000000010 S
#12544
0B
#12552
b000000110111010 0
1B
b000000100101011 S
#12560
0>
0B
#12568
b000000100101100 1
b000000110111010 2
1B
b000000100101100 I
b000000100101010 P
b000000100101100 S
#12576
0B
#12580
b000000100101101 3
b000000110111011 4
b00000100101101 5
b100100111011 6
1>
b100100111011 @
b000000000000010 S
#12584
b000000110111011 0
1B
b000000100101100 S
#12592
0B
#12600
b000000100101101 1
b000000110111011 2
0>
1B
b000000100101101 I
b000000100101011 P
b000000100101101 S
#12608
0B
#12616
1B
#12620
b000000100101110 3
b000000110111001 4
b00000100101110 5
b100100111100 6
1>
b100100111100 @
b000000000000010 S
#12624
0B
#12632
b000000110111001 0
1B
b000000100101101 S
#12640
0>
0B
#12648
b000000100101110 1
b000000110111001 2
1B
b000000100101110 I
b000000100101100 P
b000000100101110 S
#12656
0B
#12660
b000000100101111 3
b000000110111000 4
b00000100101111 5
b100100111101 6
1>
b100100111101 @
b000000000000010 S
#12664
b000000110111000 0
1B
b000000100101110 S
#12672
0B
#12680
b000000100101111 1
b000000110111000 2
0>
1B
b000000100101111 I
b000000100101101 P
b000000100101111 S
#12688
0B
#12696
1B
#12700
b000000100110000 3
b000000110101000 4
b00000100110000 5
b100100111110 6
1>
b100100111110 @
b000000000000010 S
#12704
0B
#12712
b000000110101000 0
1B
b000000100101111 S
#12720
0>
0B
#12728
b000000100110000 1
b000000110101000 2
1B
b000000100110000 I
b000000100101110 P
b000000100110000 S
#12736
0B
#12740
b000000100110001 3
b000000110101001 4
b00000100110001 5
b100100111111 6
1>
b100100111111 @
b000000000000010 S
#12744
b000000110101001 0
1B
b000000100110000 S
#12752
0B
#12760
b000000100110001 1
b000000110101001 2
0>
1B
b000000100110001 I
b000000100101111 P
b000000100110001 S
#12768
0B
#12776
1B
#12780
b000000100110010 3
b000000110101011 4
b00000100110010 5
b100101000000 6
1>
b100101000000 @
b000000000000010 S
#12784
0B
#12792
b000000110101011 0
1B
b000000100110001 S
#12800
0>
0B
#12808
b000000100110010 1
b000000110101011 2
1B
b000000100110010 I
b000000100110000 P
b000000100110010 S
#12816
0B
#12820
b000000100110011 3
b000000110101010 4
b00000100110011 5
b100101000001 6
1>
b100101000001 @
b000000000000010 S
#12824
b000000110101010 0
1B
b000000100110010 S
#12832
0B
#12840
b000000100110011 1
b000000110101010 2
0>
1B
b000000100110011 I
b000000100110001 P
b000000100110011 S
#12848
0B
#12856
1B
#12860
b000000100110100 3
b000000110101110 4
b00000100110100 5
b100101000010 6
1>
b100101000010 @
b000000000000010 S
#12864
0B
#12872
b000000110101110 0
1B
b000000100110011 S
#12880
0>
0B
#12888
b000000100110100 1
b000000110101110 2
1B
b000000100110100 I
b000000100110010 P
b000000100110100 S
#12896
0B
#12900
b000000100110101 3
b000000110101111 4
b00000100110101 5
b100101000011 6
1>
b100101000011 @
b000000000000010 S
#12904
b000000110101111 0
1B
b000000100110100 S
#12912
0B
#12920
b000000100110101 1
b000000110101111 2
0>
1B
b000000100110101 I
b000000100110011 P
b000000100110101 S
#12928
0B
#12936
1B
#12940
b000000100110110 3
b000000110101101 4
b00000100110110 5
b100101000100 6
1>
b100101000100 @
b000000000000010 S
#12944
0B
#12952
b000000110101101 0
1B
b000000100110101 S
#12960
0>
0B
#12968
b000000100110110 1
b000000110101101 2
1B
b000000100110110 I
b000000100110100 P
b000000100110110 S
#12976
0B
#12980
b000000100110111 3
b000000110101100 4
b00000100110111 5
b100101000101 6
1>
b100101000101 @
b000000000000010 S
#12984
b000000110101100 0
1B
b000000100110110 S
#12992
0B
#13000
b000000100110111 1
b000000110101100 2
0>
1B
b000000100110111 I
b000000100110101 P
b000000100110111 S
#13008
0B
#13016
1B
#13020
b000000100111000 3
b000000110100100 4
b00000100111000 5
b100101000110 6
1>
b100101000110 @
b000000000000010 S
#13024
0B
#13032
b000000110100100 0
1B
b000000100110111 S
#13040
0>
0B
#13048
b000000100111000 1
b000000110100100 2
1B
b000000100111000 I
b000000100110110 P
b000000100111000 S
#13056
0B
#13060
b000000100111001 3
b000000110100101 4
b00000100111001 5
b100101000111 6
1>
b100101000111 @
b000000000000010 S
#13064
b000000110100101 0
1B
b000000100111000 S
#13072
0B
#13080
b000000100111001 1
b000000110100101 2
0>
1B
b000000100111001 I
b000000100110111 P
b000000100111001 S
#13088
0B
#13096
1B
#13100
b000000100111010 3
b000000110100111 4
b00000100111010 5
b100101001000 6
1>
b100101001000 @
b000000000000010 S
#13104
0B
#13112
b000000110100111 0
1B
b000000100111001 S
#13120
0>
0B
#13128
b000000100111010 1
b000000110100111 2
1B
b000000100111010 I
b000000100111000 P
b000000100111010 S
#13136
0B
#13140
b000000100111011 3
b000000110100110 4
b00000100111011 5
b100101001001 6
1>
b100101001001 @
b000000000000010 S
#13144
b000000110100110 0
1B
b000000100111010 S
#13152
0B
#13160
b000000100111011 1
b000000110100110 2
0>
1B
b000000100111011 I
b000000100111001 P
b000000100111011 S
#13168
0B
#13176
1B
#13180
b000000100111100 3
b000000110100010 4
b00000100111100 5
b100101001010 6
1>
b100101001010 @
b000000000000010 S
#13184
0B
#13192
b000000110100010 0
1B
b000000100111011 S
#13200
0>
0B
#13208
b000000100111100 1
b000000110100010 2
1B
b000000100111100 I
b000000100111010 P
b000000100111100 S
#13216
0B
#13220
b000000100111101 3
b000000110100011 4
b00000100111101 5
b100101001011 6
1>
b100101001011 @
b000000000000010 S
#13224
b000000110100011 0
1B
b000000100111100 S
#13232
0B
#13240
b000000100111101 1
b000000110100011 2
0>
1B
b000000100111101 I
b000000100111011 P
b000000100111101 S
#13248
0B
#13256
1B
#13260
b000000100111110 3
b000000110100001 4
b00000100111110 5
b100101001100 6
1>
b100101001100 @
b000000000000010 S
#13264
0B
#13272
b000000110100001 0
1B
b000000100111101 S
#13280
0>
0B
#13288
b000000100111110 1
b000000110100001 2
1B
b000000100111110 I
b000000100111100 P
b000000100111110 S
#13296
0B
#13300
b000000100111111 3
b000000110100000 4
b00000100111111 5
b100101001101 6
1>
b100101001101 @
b000000000000010 S
#13304
b000000110100000 0
1B
b000000100111110 S
#13312
0B
#13320
b000000100111111 1
b000000110100000 2
0>
1B
b000000100111111 I
b000000100111101 P
b000000100111111 S
#13328
0B
#13336
1B
#13340
b000000101000000 3
b000000111100000 4
b00000101000000 5
b100101001110 6
1>
b100101001110 @
b000000000000010 S
#13344
0B
#13352
b000000111100000 0
1B
b000000100111111 S
#13360
0>
0B
#13368
b000000101000000 1
b000000111100000 2
1B
b000000101000000 I
b000000100111110 P
b000000101000000 S
#13376
0B
#13380
b000000101000001 3
b000000111100001 4
b00000101000001 5
b100101001111 6
1>
b100101001111 @
b000000000000010 S
#13384
b000000111100001 0
1B
b000000101000000 S
#13392
0B
#13400
b000000101000001 1
b000000111100001 2
0>
1B
b000000101000001 I
b000000100111111 P
b000000101000001 S
#13408
0B
#13416
1B
#13420
b000000101000010 3
b000000111100011 4
b00000101000010 5
b100101010000 6
1>
b100101010000 @
b000000000000010 S
#13424
0B
#13432
b000000111100011 0
1B
b000000101000001 S
#13440
0>
0B
#13448
b000000101000010 1
b000000111100011 2
1B
b000000101000010 I
b000000101000000 P
b000000101000010 S
#13456
0B
#13460
b000000101000011 3
b000000111100010 4
b00000101000011 5
b100101010001 6
1>
b100101010001 @
b000000000000010 S
#13464
b000000111100010 0
1B
b000000101000010 S
#13472
0B
#13480
b000000101000011 1
b000000111100010 2
0>
1B
b000000101000011 I
b000000101000001 P
b000000101000011 S
#13488
0B
#13496
1B
#13500
b000000101000100 3
b000000111100110 4
b00000101000100 5
b100101010010 6
1>
b100101010010 @
b000000000000010 S
#13504
0B
#13512
b000000111100110 0
1B
b000000101000011 S
#13520
0>
0B
#13528
b000000101000100 1
b000000111100110 2
1B
b000000101000100 I
b000000101000010 P
b000000101000100 S
#13536
0B
#13540
b000000101000101 3
b000000111100111 4
b00000101000101 5
b100101010011 6
1>
b100101010011 @
b000000000000010 S
#13544
b000000111100111 0
1B
b000000101000100 S
#13552
0B
#13560
b000000101000101 1
b000000111100111 2
0>
1B
b000000101000101 I
b000000101000011 P
b000000101000101 S
#13568
0B
#13576
1B
#13580
b000000101000110 3
b000000111100101 4
b00000101000110 5
b100101010100 6
1>
b100101010100 @
b000000000000010 S
#13584
0B
#13592
b000000111100101 0
1B
b000000101000101 S
#13600
0>
0B
#13608
b000000101000110 1
b000000111100101 2
1B
b000000101000110 I
b000000101000100 P
b000000101000110 S
#13616
0B
#13620
b000000101000111 3
b000000111100100 4
b00000101000111 5
b100101010101 6
1>
b100101010101 @
b000000000000010 S
#13624
b000000111100100 0
1B
b000000101000110 S
#13632
0B
#13640
b000000101000111 1
b000000111100100 2
0>
1B
b000000101000111 I
b000000101000101 P
b000000101000111 S
#13648
0B
#13656
1B
#13660
b000000101001000 3
b000000111101100 4
b00000101001000 5
b100101010110 6
1>
b100101010110 @
b000000000000010 S
#13664
0B
#13672
b000000111101100 0
1B
b000000101000111 S
#13680
0>
0B
#13688
b000000101001000 1
b000000111101100 2
1B
b000000101001000 I
b000000101000110 P
b000000101001000 S
#13696
0B
#13700
b000000101001001 3
b000000111101101 4
b00000101001001 5
b100101010111 6
1>
b100101010111 @
b000000000000010 S
#13704
b000000111101101 0
1B
b000000101001000 S
#13712
0B
#13720
b000000101001001 1
b000000111101101 2
0>
1B
b000000101001001 I
b000000101000111 P
b000000101001001 S
#13728
0B
#13736
1B
#13740
b000000101001010 3
b000000111101111 4
b00000101001010 5
b100101011000 6
1>
b100101011000 @
b000000000000010 S
#13744
0B
#13752
b000000111101111 0
1B
b000000101001001 S
#13760
0>
0B
#13768
b000000101001010 1
b000000111101111 2
1B
b000000101001010 I
b000000101001000 P
b000000101001010 S
#13776
0B
#13780
b000000101001011 3
b000000111101110 4
b00000101001011 5
b100101011001 6
1>
b100101011001 @
b000000000000010 S
#13784
b000000111101110 0
1B
b000000101001010 S
#13792
0B
#13800
b000000101001011 1
b000000111101110 2
0>
1B
b000000101001011 I
b000000101001001 P
b000000101001011 S
#13808
0B
#13816
1B
#13820
b000000101001100 3
b000000111101010 4
b00000101001100 5
b100101011010 6
1>
b100101011010 @
b000000000000010 S
#13824
0B
#13832
b000000111101010 0
1B
b000000101001011 S
#13840
0>
0B
#13848
b000000101001100 1
b000000111101010 2
1B
b000000101001100 I
b000000101001010 P
b000000101001100 S
#13856
0B
#13860
b000000101001101 3
b000000111101011 4
b00000101001101 5
b100101011011 6
1>
b100101011011 @
b000000000000010 S
#13864
b000000111101011 0
1B
b000000101001100 S
#13872
0B
#13880
b000000101001101 1
b000000111101011 2
0>
1B
b000000101001101 I
b000000101001011 P
b000000101001101 S
#13888
0B
#13896
1B
#13900
b000000101001110 3
b000000111101001 4
b00000101001110 5
b100101011100 6
1>
b100101011100 @
b000000000000010 S
#13904
0B
#13912
b000000111101001 0
1B
b000000101001101 S
#13920
0>
0B
#13928
b000000101001110 1
b000000111101001 2
1B
b000000101001110 I
b000000101001100 P
b000000101001110 S
#13936
0B
#13940
b000000101001111 3
b000000111101000 4
b00000101001111 5
b100101011101 6
1>
b100101011101 @
b000000000000010 S
#13944
b000000111101000 0
1B
b000000101001110 S
#13952
0B
#13960
b000000101001111 1
b000000111101000 2
0>
1B
b000000101001111 I
b000000101001101 P
b000000101001111 S
#13968
0B
#13976
1B
#13980
b000000101010000 3
b000000111111000 4
b00000101010000 5
b100101011110 6
1>
b100101011110 @
b000000000000010 S
#13984
0B
#13992
b000000111111000 0
1B
b000000101001111 S
#14000
0>
0B
#14008
b000000101010000 1
b000000111111000 2
1B
b000000101010000 I
b000000101001110 P
b000000101010000 S
#14016
0B
#14020
b000000101010001 3
b000000111111001 4
b00000101010001 5
b100101011111 6
1>
b100101011111 @
b000000000000010 S
#14024
b000000111111001 0
1B
b000000101010000 S
#14032
0B
#14040
b000000101010001 1
b000000111111001 2
0>
1B
b000000101010001 I
b000000101001111 P
b000000101010001 S
#14048
0B
#14056
1B
#14060
b000000101010010 3
b000000111111011 4
b00000101010010 5
b100101100000 6
1>
b100101100000 @
b000000000000010 S
#14064
0B
#14072
b000000111111011 0
1B
b000000101010001 S
#14080
0>
0B
#14088
b000000101010010 1
b000000111111011 2
1B
b000000101010010 I
b000000101010000 P
b000000101010010 S
#14096
0B
#14100
b000000101010011 3
b000000111111010 4
b00000101010011 5
b100101100001 6
1>
b100101100001 @
b000000000000010 S
#14104
b000000111111010 0
1B
b000000101010010 S
#14112
0B
#14120
b000000101010011 1
b000000111111010 2
0>
1B
b000000101010011 I
b000000101010001 P
b000000101010011 S
#14128
0B
#14136
1B
#14140
b000000101010100 3
b000000111111110 4
b00000101010100 5
b100101100010 6
1>
b100101100010 @
b000000000000010 S
#14144
0B
#14152
b000000111111110 0
1B
b000000101010011 S
#14160
0>
0B
#14168
b000000101010100 1
b000000111111110 2
1B
b000000101010100 I
b000000101010010 P
b000000101010100 S
#14176
0B
#14180
b000000101010101 3
b000000111111111 4
b00000101010101 5
b100101100011 6
1>
b100101100011 @
b000000000000010 S
#14184
b000000111111111 0
1B
b000000101010100 S
#14192
0B
#14200
b000000101010101 1
b000000111111111 2
0>
1B
b000000101010101 I
b000000101010011 P
b000000101010101 S
#14208
0B
#14216
1B
#14220
b000000101010110 3
b000000111111101 4
b00000101010110 5
b100101100100 6
1>
b100101100100 @
b000000000000010 S
#14224
0B
#14232
b000000111111101 0
1B
b000000101010101 S
#14240
0>
0B
#14248
b000000101010110 1
b000000111111101 2
1B
b000000101010110 I
b000000101010100 P
b000000101010110 S
#14256
0B
#14260
b000000101010111 3
b000000111111100 4
b00000101010111 5
b100101100101 6
1>
b100101100101 @
b000000000000010 S
#14264
b000000111111100 0
1B
b000000101010110 S
#14272
0B
#14280
b000000101010111 1
b000000111111100 2
0>
1B
b000000101010111 I
b000000101010101 P
b000000101010111 S
#14288
0B
#14296
1B
#14300
b000000101011000 3
b000000111110100 4
b00000101011000 5
b100101100110 6
1>
b100101100110 @
b000000000000010 S
#14304
0B
#14312
b000000111110100 0
1B
b000000101010111 S
#14320
0>
0B
#14328
b000000101011000 1
b000000111110100 2
1B
b000000101011000 I
b000000101010110 P
b000000101011000 S
#14336
0B
#14340
b000000101011001 3
b000000111110101 4
b00000101011001 5
b100101100111 6
1>
b100101100111 @
b000000000000010 S
#14344
b000000111110101 0
1B
b000000101011000 S
#14352
0B
#14360
b000000101011001 1
b000000111110101 2
0>
1B
b000000101011001 I
b000000101010111 P
b000000101011001 S
#14368
0B
#14376
1B
#14380
b000000101011010 3
b000000111110111 4
b00000101011010 5
b100101101000 6
1>
b100101101000 @
b000000000000010 S
#14384
0B
#14392
b000000111110111 0
1B
b000000101011001 S
#14400
0>
0B
#14408
b000000101011010 1
b000000111110111 2
1B
b000000101011010 I
b000000101011000 P
b000000101011010 S
#14416
0B
#14420
b000000101011011 3
b000000111110110 4
b00000101011011 5
b100101101001 6
1>
b100101101001 @
b000000000000010 S
#14424
b000000111110110 0
1B
b000000101011010 S
#14432
0B
#14440
b000000101011011 1
b000000111110110 2
0>
1B
b000000101011011 I
b000000101011001 P
b000000101011011 S
#14448
0B
#14456
1B
#14460
b000000101011100 3
b000000111110010 4
b00000101011100 5
b100101101010 6
1>
b100101101010 @
b000000000000010 S
#14464
0B
#14472
b000000111110010 0
1B
b000000101011011 S
#14480
0>
0B
#14488
b000000101011100 1
b000000111110010 2
1B
b000000101011100 I
b000000101011010 P
b000000101011100 S
#14496
0B
#14500
b000000101011101 3
b000000111110011 4
b00000101011101 5
b100101101011 6
1>
b100101101011 @
b000000000000010 S
#14504
b000000111110011 0
1B
b000000101011100 S
#14512
0B
#14520
b000000101011101 1
b000000111110011 2
0>
1B
b000000101011101 I
b000000101011011 P
b000000101011101 S
#14528
0B
#14536
1B
#14540
b000000101011110 3
b000000111110001 4
b00000101011110 5
b100101101100 6
1>
b100101101100 @
b000000000000010 S
#14544
0B
#14552
b000000111110001 0
1B
b000000101011101 S
#14560
0>
0B
#14568
b000000101011110 1
b000000111110001 2
1B
b000000101011110 I
b000000101011100 P
b000000101011110 S
#14576
0B
#14580
b000000101011111 3
b000000111110000 4
b00000101011111 5
b100101101101 6
1>
b100101101101 @
b000000000000010 S
#14584
b000000111110000 0
1B
b000000101011110 S
#14592
0B
#14600
b000000101011111 1
b000000111110000 2
0>
1B
b000000101011111 I
b000000101011101 P
b000000101011111 S
#14608
0B
#14616
1B
#14620
b000000101100000 3
b000000111010000 4
b00000101100000 5
b100101101110 6
1>
b100101101110 @
b000000000000010 S
#14624
0B
#14632
b000000111010000 0
1B
b000000101011111 S
#14640
0>
0B
#14648
b000000101100000 1
b000000111010000 2
1B
b000000101100000 I
b000000101011110 P
b000000101100000 S
#14656
0B
#14660
b000000101100001 3
b000000111010001 4
b00000101100001 5
b100101101111 6
1>
b100101101111 @
b000000000000010 S
#14664
b000000111010001 0
1B
b000000101100000 S
#14672
0B
#14680
b000000101100001 1
b000000111010001 2
0>
1B
b000000101100001 I
b000000101011111 P
b000000101100001 S
#14688
0B
#14696
1B
#14700
b000000101100010 3
b000000111010011 4
b00000101100010 5
b100101110000 6
1>
b100101110000 @
b000000000000010 S
#14704
0B
#14712
b000000111010011 0
1B
b000000101100001 S
#14720
0>
0B
#14728
b000000101100010 1
b000000111010011 2
1B
b000000101100010 I
b000000101100000 P
b000000101100010 S
#14736
0B
#14740
b000000101100011 3
b000000111010010 4
b00000101100011 5
b100101110001 6
1>
b100101110001 @
b000000000000010 S
#14744
b000000111010010 0
1B
b000000101100010 S
#14752
0B
#14760
b000000101100011 1
b000000111010010 2
0>
1B
b000000101100011 I
b000000101100001 P
b000000101100011 S
#14768
0B
#14776
1B
#14780
b000000101100100 3
b000000111010110 4
b00000101100100 5
b100101110010 6
1>
b100101110010 @
b000000000000010 S
#14784
0B
#14792
b000000111010110 0
1B
b000000101100011 S
#14800
0>
0B
#14808
b000000101100100 1
b000000111010110 2
1B
b000000101100100 I
b000000101100010 P
b000000101100100 S
#14816
0B
#14820
b000000101100101 3
b000000111010111 4
b00000101100101 5
b100101110011 6
1>
b100101110011 @
b000000000000010 S
#14824
b000000111010111 0
1B
b000000101100100 S
#14832
0B
#14840
b000000101100101 1
b000000111010111 2
0>
1B
b000000101100101 I
b000000101100011 P
b000000101100101 S
#14848
0B
#14856
1B
#14860
b000000101100110 3
b000000111010101 4
b00000101100110 5
b100101110100 6
1>
b100101110100 @
b000000000000010 S
#14864
0B
#14872
b000000111010101 0
1B
b000000101100101 S
#14880
0>
0B
#14888
b000000101100110 1
b000000111010101 2
1B
b000000101100110 I
b000000101100100 P
b000000101100110 S
#14896
0B
#14900
b000000101100111 3
b000000111010100 4
b00000101100111 5
b100101110101 6
1>
b100101110101 @
b000000000000010 S
#14904
b000000111010100 0
1B
b000000101100110 S
#14912
0B
#14920
b000000101100111 1
b000000111010100 2
0>
1B
b000000101100111 I
b000000101100101 P
b000000101100111 S
#14928
0B
#14936
1B
#14940
b000000101101000 3
b000000111011100 4
b00000101101000 5
b100101110110 6
1>
b100101110110 @
b000000000000010 S
#14944
0B
#14952
b000000111011100 0
1B
b000000101100111 S
#14960
0>
0B
#14968
b000000101101000 1
b000000111011100 2
1B
b000000101101000 I
b000000101100110 P
b000000101101000 S
#14976
0B
#14980
b000000101101001 3
b000000111011101 4
b00000101101001 5
b100101110111 6
1>
b100101110111 @
b000000000000010 S
#14984
b000000111011101 0
1B
b000000101101000 S
#14992
0B
#15000
b000000101101001 1
b000000111011101 2
0>
1B
b000000101101001 I
b000000101100111 P
b000000101101001 S
#15008
0B
#15016
1B
#15020
b000000101101010 3
b000000111011111 4
b00000101101010 5
b100101111000 6
1>
b100101111000 @
b000000000000010 S
#15024
0B
#15032
b000000111011111 0
1B
b000000101101001 S
#15040
0>
0B
#15048
b000000101101010 1
b000000111011111 2
1B
b000000101101010 I
b000000101101000 P
b000000101101010 S
#15056
0B
#15060
b000000101101011 3
b000000111011110 4
b00000101101011 5
b100101111001 6
1>
b100101111001 @
b000000000000010 S
#15064
b000000111011110 0
1B
b000000101101010 S
#15072
0B
#15080
b000000101101011 1
b000000111011110 2
0>
1B
b000000101101011 I
b000000101101001 P
b000000101101011 S
#15088
0B
#15096
1B
#15100
b000000101101100 3
b000000111011010 4
b00000101101100 5
b100101111010 6
1>
b100101111010 @
b000000000000010 S
#15104
0B
#15112
b000000111011010 0
1B
b000000101101011 S
#15120
0>
0B
#15128
b000000101101100 1
b000000111011010 2
1B
b000000101101100 I
b000000101101010 P
b000000101101100 S
#15136
0B
#15140
b000000101101101 3
b000000111011011 4
b00000101101101 5
b100101111011 6
1>
b100101111011 @
b000000000000010 S
#15144
b000000111011011 0
1B
b000000101101100 S
#15152
0B
#15160
b000000101101101 1
b000000111011011 2
0>
1B
b000000101101101 I
b000000101101011 P
b000000101101101 S
#15168
0B
#15176
1B
#15180
b000000101101110 3
b000000111011001 4
b00000101101110 5
b100101111100 6
1>
b100101111100 @
b000000000000010 S
#15184
0B
#15192
b000000111011001 0
1B
b000000101101101 S
#15200
0>
0B
#15208
b000000101101110 1
b000000111011001 2
1B
b000000101101110 I
b000000101101100 P
b000000101101110 S
#15216
0B
#15220
b000000101101111 3
b000000111011000 4
b00000101101111 5
b100101111101 6
1>
b100101111101 @
b000000000000010 S
#15224
b000000111011000 0
1B
b000000101101110 S
#15232
0B
#15240
b000000101101111 1
b000000111011000 2
0>
1B
b000000101101111 I
b000000101101101 P
b000000101101111 S
#15248
0B
#15256
1B
#15260
b000000101110000 3
b000000111001000 4
b00000101110000 5
b100101111110 6
1>
b100101111110 @
b000000000000010 S
#15264
0B
#15272
b000000111001000 0
1B
b000000101101111 S
#15280
0>
0B
#15288
b000000101110000 1
b000000111001000 2
1B
b000000101110000 I
b000000101101110 P
b000000101110000 S
#15296
0B
#15300
b000000101110001 3
b000000111001001 4
b00000101110001 5
b100101111111 6
1>
b100101111111 @
b000000000000010 S
#15304
b000000111001001 0
1B
b000000101110000 S
#15312
0B
#15320
b000000101110001 1
b000000111001001 2
0>
1B
b000000101110001 I
b000000101101111 P
b000000101110001 S
#15328
0B
#15336
1B
#15340
b000000101110010 3
b000000111001011 4
b00000101110010 5
b100110000000 6
1>
b100110000000 @
b000000000000010 S
#15344
0B
#15352
b000000111001011 0
1B
b000000101110001 S
#15360
0>
0B
#15368
b000000101110010 1
b000000111001011 2
1B
b000000101110010 I
b000000101110000 P
b000000101110010 S
#15376
0B
#15380
b000000101110011 3
b000000111001010 4
b00000101110011 5
b100110000001 6
1>
b100110000001 @
b000000000000010 S
#15384
b000000111001010 0
1B
b000000101110010 S
#15392
0B
#15400
b000000101110011 1
b000000111001010 2
0>
1B
b000000101110011 I
b000000101110001 P
b000000101110011 S
#15408
0B
#15416
1B
#15420
b000000101110100 3
b000000111001110 4
b00000101110100 5
b100110000010 6
1>
b100110000010 @
b000000000000010 S
#15424
0B
#15432
b000000111001110 0
1B
b000000101110011 S
#15440
0>
0B
#15448
b000000101110100 1
b000000111001110 2
1B
b000000101110100 I
b000000101110010 P
b000000101110100 S
#15456
0B
#15460
b000000101110101 3
b000000111001111 4
b00000101110101 5
b100110000011 6
1>
b100110000011 @
b000000000000010 S
#15464
b000000111001111 0
1B
b000000101110100 S
#15472
0B
#15480
b000000101110101 1
b000000111001111 2
0>
1B
b000000101110101 I
b000000101110011 P
b000000101110101 S
#15488
0B
#15496
1B
#15500
b000000101110110 3
b000000111001101 4
b00000101110110 5
b100110000100 6
1>
b100110000100 @
b000000000000010 S
#15504
0B
#15512
b000000111001101 0
1B
b000000101110101 S
#15520
0>
0B
#15528
b000000101110110 1
b000000111001101 2
1B
b000000101110110 I
b000000101110100 P
b000000101110110 S
#15536
0B
#15540
b000000101110111 3
b000000111001100 4
b00000101110111 5
b100110000101 6
1>
b100110000101 @
b000000000000010 S
#15544
b000000111001100 0
1B
b000000101110110 S
#15552
0B
#15560
b000000101110111 1
b000000111001100 2
0>
1B
b000000101110111 I
b000000101110101 P
b000000101110111 S
#15568
0B
#15576
1B
#15580
b000000101111000 3
b000000111000100 4
b00000101111000 5
b100110000110 6
1>
b100110000110 @
b000000000000010 S
#15584
0B
#15592
b000000111000100 0
1B
b000000101110111 S
#15600
0>
0B
#15608
b000000101111000 1
b000000111000100 2
1B
b000000101111000 I
b000000101110110 P
b000000101111000 S
#15616
0B
#15620
b000000101111001 3
b000000111000101 4
b00000101111001 5
b100110000111 6
1>
b100110000111 @
b000000000000010 S
#15624
b000000111000101 0
1B
b000000101111000 S
#15632
0B
#15640
b000000101111001 1
b000000111000101 2
0>
1B
b000000101111001 I
b000000101110111 P
b000000101111001 S
#15648
0B
#15656
1B
#15660
b000000101111010 3
b000000111000111 4
b00000101111010 5
b100110001000 6
1>
b100110001000 @
b000000000000010 S
#15664
0B
#15672
b000000111000111 0
1B
b000000101111001 S
#15680
0>
0B
#15688
b000000101111010 1
b000000111000111 2
1B
b000000101111010 I
b000000101111000 P
b000000101111010 S
#15696
0B
#15700
b000000101111011 3
b000000111000110 4
b00000101111011 5
b100110001001 6
1>
b100110001001 @
b000000000000010 S
#15704
b000000111000110 0
1B
b000000101111010 S
#15712
0B
#15720
b000000101111011 1
b000000111000110 2
0>
1B
b000000101111011 I
b000000101111001 P
b000000101111011 S
#15728
0B
#15736
1B
#15740
b000000101111100 3
b000000111000010 4
b00000101111100 5
b100110001010 6
1>
b100110001010 @
b000000000000010 S
#15744
0B
#15752
b000000111000010 0
1B
b000000101111011 S
#15760
0>
0B
#15768
b000000101111100 1
b000000111000010 2
1B
b000000101111100 I
b000000101111010 P
b000000101111100 S
#15776
0B
#15780
b000000101111101 3
b000000111000011 4
b00000101111101 5
b100110001011 6
1>
b100110001011 @
b000000000000010 S
#15784
b000000111000011 0
1B
b000000101111100 S
#15792
0B
#15800
b000000101111101 1
b000000111000011 2
0>
1B
b000000101111101 I
b000000101111011 P
b000000101111101 S
#15808
0B
#15816
1B
#15820
b000000101111110 3
b000000111000001 4
b00000101111110 5
b100110001100 6
1>
b100110001100 @
b000000000000010 S
#15824
0B
#15832
b000000111000001 0
1B
b000000101111101 S
#15840
0>
0B
#15848
b000000101111110 1
b000000111000001 2
1B
b000000101111110 I
b000000101111100 P
b000000101111110 S
#15856
0B
#15860
b000000101111111 3
b000000111000000 4
b00000101111111 5
b100110001101 6
1>
b100110001101 @
b000000000000010 S
#15864
b000000111000000 0
1B
b000000101111110 S
#15872
0B
#15880
b000000101111111 1
b000000111000000 2
0>
1B
b000000101111111 I
b000000101111101 P
b000000101111111 S
#15888
0B
#15896
1B
#15900
b000000110000000 3
b000000101000000 4
b00000110000000 5
b100110001110 6
1>
b100110001110 @
b000000000000010 S
#15904
0B
#15912
b000000101000000 0
1B
b000000101111111 S
#15920
0>
0B
#15928
b000000110000000 1
b000000101000000 2
1B
b000000110000000 I
b000000101111110 P
b000000110000000 S
#15936
0B
#15940
b000000110000001 3
b000000101000001 4
b00000110000001 5
b100110001111 6
1>
b100110001111 @
b000000000000010 S
#15944
b000000101000001 0
1B
b000000110000000 S
#15952
0B
#15960
b000000110000001 1
b000000101000001 2
0>
1B
b000000110000001 I
b000000101111111 P
b000000110000001 S
#15968
0B
#15976
1B
#15980
b000000110000010 3
b000000101000011 4
b00000110000010 5
b100110010000 6
1>
b100110010000 @
b000000000000010 S
#15984
0B
#15992
b000000101000011 0
1B
b000000110000001 S
#16000
0>
0B
#16008
b000000110000010 1
b000000101000011 2
1B
b000000110000010 I
b000000110000000 P
b000000110000010 S
#16016
0B
#16020
b000000110000011 3
b000000101000010 4
b00000110000011 5
b100110010001 6
1>
b100110010001 @
b000000000000010 S
#16024
b000000101000010 0
1B
b000000110000010 S
#16032
0B
#16040
b000000110000011 1
b000000101000010 2
0>
1B
b000000110000011 I
b000000110000001 P
b000000110000011 S
#16048
0B
#16056
1B
#16060
b000000110000100 3
b000000101000110 4
b00000110000100 5
b100110010010 6
1>
b100110010010 @
b000000000000010 S
#16064
0B
#16072
b000000101000110 0
1B
b000000110000011 S
#16080
0>
0B
#16088
b000000110000100 1
b000000101000110 2
1B
b000000110000100 I
b000000110000010 P
b000000110000100 S
#16096
0B
#16100
b000000110000101 3
b000000101000111 4
b00000110000101 5
b100110010011 6
1>
b100110010011 @
b000000000000010 S
#16104
b000000101000111 0
1B
b000000110000100 S
#16112
0B
#16120
b000000110000101 1
b000000101000111 2
0>
1B
b000000110000101 I
b000000110000011 P
b000000110000101 S
#16128
0B
#16136
1B
#16140
b000000110000110 3
b000000101000101 4
b00000110000110 5
b100110010100 6
1>
b100110010100 @
b000000000000010 S
#16144
0B
#16152
b000000101000101 0
1B
b000000110000101 S
#16160
0>
0B
#16168
b000000110000110 1
b000000101000101 2
1B
b000000110000110 I
b000000110000100 P
b000000110000110 S
#16176
0B
#16180
b000000110000111 3
b000000101000100 4
b00000110000111 5
b100110010101 6
1>
b100110010101 @
b000000000000010 S
#16184
b000000101000100 0
1B
b000000110000110 S
#16192
0B
#16200
b000000110000111 1
b000000101000100 2
0>
1B
b000000110000111 I
b000000110000101 P
b000000110000111 S
#16208
0B
#16216
1B
#16220
b000000110001000 3
b000000101001100 4
b00000110001000 5
b100110010110 6
1>
b100110010110 @
b000000000000010 S
#16224
0B
#16232
b000000101001100 0
1B
b000000110000111 S
#16240
0>
0B
#16248
b000000110001000 1
b000000101001100 2
1B
b000000110001000 I
b000000110000110 P
b000000110001000 S
#16256
0B
#16260
b000000110001001 3
b000000101001101 4
b00000110001001 5
b100110010111 6
1>
b100110010111 @
b000000000000010 S
#16264
b000000101001101 0
1B
b000000110001000 S
#16272
0B
#16280
b000000110001001 1
b000000101001101 2
0>
1B
b000000110001001 I
b000000110000111 P
b000000110001001 S
#16288
0B
#16296
1B
#16300
b000000110001010 3
b000000101001111 4
b00000110001010 5
b100110011000 6
1>
b100110011000 @
b000000000000010 S
#16304
0B
#16312
b000000101001111 0
1B
b000000110001001 S
#16320
0>
0B
#16328
b000000110001010 1
b000000101001111 2
1B
b000000110001010 I
b000000110001000 P
b000000110001010 S
#16336
0B
#16340
b000000110001011 3
b000000101001110 4
b00000110001011 5
b100110011001 6
1>
b100110011001 @
b000000000000010 S
#16344
b000000101001110 0
1B
b000000110001010 S
#16352
0B
#16360
b000000110001011 1
b000000101001110 2
0>
1B
b000000110001011 I
b000000110001001 P
b000000110001011 S
#16368
0B
#16376
1B
#16380
b000000110001100 3
b000000101001010 4
b00000110001100 5
b100110011010 6
1>
b100110011010 @
b000000000000010 S
#16384
0B
#16392
b000000101001010 0
1B
b000000110001011 S
#16400
0>
0B
#16408
b000000110001100 1
b000000101001010 2
1B
b000000110001100 I
b000000110001010 P
b000000110001100 S
#16416
0B
#16420
b000000110001101 3
b000000101001011 4
b00000110001101 5
b100110011011 6
1>
b100110011011 @
b000000000000010 S
#16424
b000000101001011 0
1B
b000000110001100 S
#16432
0B
#16440
b000000110001101 1
b000000101001011 2
0>
1B
b000000110001101 I
b000000110001011 P
b000000110001101 S
#16448
0B
#16456
1B
#16460
b000000110001110 3
b000000101001001 4
b00000110001110 5
b100110011100 6
1>
b100110011100 @
b000000000000010 S
#16464
0B
#16472
b000000101001001 0
1B
b000000110001101 S
#16480
0>
0B
#16488
b000000110001110 1
b000000101001001 2
1B
b000000110001110 I
b000000110001100 P
b000000110001110 S
#16496
0B
#16500
b000000110001111 3
b000000101001000 4
b00000110001111 5
b100110011101 6
1>
b100110011101 @
b000000000000010 S
#16504
b000000101001000 0
1B
b000000110001110 S
#16512
0B
#16520
b000000110001111 1
b000000101001000 2
0>
1B
b000000110001111 I
b000000110001101 P
b000000110001111 S
#16528
0B
#16536
1B
#16540
b000000110010000 3
b000000101011000 4
b00000110010000 5
b100110011110 6
1>
b100110011110 @
b000000000000010 S
#16544
0B
#16552
b000000101011000 0
1B
b000000110001111 S
#16560
0>
0B
#16568
b000000110010000 1
b000000101011000 2
1B
b000000110010000 I
b000000110001110 P
b000000110010000 S
#16576
0B
#16580
b000000110010001 3
b000000101011001 4
b00000110010001 5
b100110011111 6
1>
b100110011111 @
b000000000000010 S
#16584
b000000101011001 0
1B
b000000110010000 S
#16592
0B
#16600
b000000110010001 1
b000000101011001 2
0>
1B
b000000110010001 I
b000000110001111 P
b000000110010001 S
#16608
0B
#16616
1B
#16620
b000000110010010 3
b000000101011011 4
b00000110010010 5
b100110100000 6
1>
b100110100000 @
b000000000000010 S
#16624
0B
#16632
b000000101011011 0
1B
b000000110010001 S
#16640
0>
0B
#16648
b000000110010010 1
b000000101011011 2
1B
b000000110010010 I
b000000110010000 P
b000000110010010 S
#16656
0B
#16660
b000000110010011 3
b000000101011010 4
b00000110010011 5
b100110100001 6
1>
b100110100001 @
b000000000000010 S
#16664
b000000101011010 0
1B
b000000110010010 S
#16672
0B
#16680
b000000110010011 1
b000000101011010 2
0>
1B
b000000110010011 I
b000000110010001 P
b000000110010011 S
#16688
0B
#16696
1B
#16700
b000000110010100 3
b000000101011110 4
b00000110010100 5
b100110100010 6
1>
b100110100010 @
b000000000000010 S
#16704
0B
#16712
b000000101011110 0
1B
b000000110010011 S
#16720
0>
0B
#16728
b000000110010100 1
b000000101011110 2
1B
b000000110010100 I
b000000110010010 P
b000000110010100 S
#16736
0B
#16740
b000000110010101 3
b000000101011111 4
b00000110010101 5
b100110100011 6
1>
b100110100011 @
b000000000000010 S
#16744
b000000101011111 0
1B
b000000110010100 S
#16752
0B
#16760
b000000110010101 1
b000000101011111 2
0>
1B
b000000110010101 I
b000000110010011 P
b000000110010101 S
#16768
0B
#16776
1B
#16780
b000000110010110 3
b000000101011101 4
b00000110010110 5
b100110100100 6
1>
b100110100100 @
b000000000000010 S
#16784
0B
#16792
b000000101011101 0
1B
b000000110010101 S
#16800
0>
0B
#16808
b000000110010110 1
b000000101011101 2
1B
b000000110010110 I
b000000110010100 P
b000000110010110 S
#16816
0B
#16820
b000000110010111 3
b000000101011100 4
b00000110010111 5
b100110100101 6
1>
b100110100101 @
b000000000000010 S
#16824
b000000101011100 0
1B
b000000110010110 S
#16832
0B
#16840
b000000110010111 1
b000000101011100 2
0>
1B
b000000110010111 I
b000000110010101 P
b000000110010111 S
#16848
0B
#16856
1B
#16860
b000000110011000 3
b000000101010100 4
b00000110011000 5
b100110100110 6
1>
b100110100110 @
b000000000000010 S
#16864
0B
#16872
b000000101010100 0
1B
b000000110010111 S
#16880
0>
0B
#16888
b000000110011000 1
b000000101010100 2
1B
b000000110011000 I
b000000110010110 P
b000000110011000 S
#16896
0B
#16900
b000000110011001 3
b000000101010101 4
b00000110011001 5
b100110100111 6
1>
b100110100111 @
b000000000000010 S
#16904
b000000101010101 0
1B
b000000110011000 S
#16912
0B
#16920
b000000110011001 1
b000000101010101 2
0>
1B
b000000110011001 I
b000000110010111 P
b000000110011001 S
#16928
0B
#16936
1B
#16940
b000000110011010 3
b000000101010111 4
b00000110011010 5
b100110101000 6
1>
b100110101000 @
b000000000000010 S
#16944
0B
#16952
b000000101010111 0
1B
b000000110011001 S
#16960
0>
0B
#16968
b000000110011010 1
b000000101010111 2
1B
b000000110011010 I
b000000110011000 P
b000000110011010 S
#16976
0B
#16980
b000000110011011 3
b000000101010110 4
b00000110011011 5
b100110101001 6
1>
b100110101001 @
b000000000000010 S
#16984
b000000101010110 0
1B
b000000110011010 S
#16992
0B
#17000
b000000110011011 1
b000000101010110 2
0>
1B
b000000110011011 I
b000000110011001 P
b000000110011011 S
#17008
0B
#17016
1B
#17020
b000000110011100 3
b000000101010010 4
b00000110011100 5
b100110101010 6
1>
b100110101010 @
b000000000000010 S
#17024
0B
#17032
b000000101010010 0
1B
b000000110011011 S
#17040
0>
0B
#17048
b000000110011100 1
b000000101010010 2
1B
b000000110011100 I
b000000110011010 P
b000000110011100 S
#17056
0B
#17060
b000000110011101 3
b000000101010011 4
b00000110011101 5
b100110101011 6
1>
b100110101011 @
b000000000000010 S
#17064
b000000101010011 0
1B
b000000110011100 S
#17072
0B
#17080
b000000110011101 1
b000000101010011 2
0>
1B
b000000110011101 I
b000000110011011 P
b000000110011101 S
#17088
0B
#17096
1B
#17100
b000000110011110 3
b000000101010001 4
b00000110011110 5
b100110101100 6
1>
b100110101100 @
b000000000000010 S
#17104
0B
#17112
b000000101010001 0
1B
b000000110011101 S
#17120
0>
0B
#17128
b000000110011110 1
b000000101010001 2
1B
b000000110011110 I
b000000110011100 P
b000000110011110 S
#17136
0B
#17140
b000000110011111 3
b000000101010000 4
b00000110011111 5
b100110101101 6
1>
b100110101101 @
b000000000000010 S
#17144
b000000101010000 0
1B
b000000110011110 S
#17152
0B
#17160
b000000110011111 1
b000000101010000 2
0>
1B
b000000110011111 I
b000000110011101 P
b000000110011111 S
#17168
0B
#17176
1B
#17180
b000000110100000 3
b000000101110000 4
b00000110100000 5
b100110101110 6
1>
b100110101110 @
b000000000000010 S
#17184
0B
#17192
b000000101110000 0
1B
b000000110011111 S
#17200
0>
0B
#17208
b000000110100000 1
b000000101110000 2
1B
b000000110100000 I
b000000110011110 P
b000000110100000 S
#17216
0B
#17220
b000000110100001 3
b000000101110001 4
b00000110100001 5
b100110101111 6
1>
b100110101111 @
b000000000000010 S
#17224
b000000101110001 0
1B
b000000110100000 S
#17232
0B
#17240
b000000110100001 1
b000000101110001 2
0>
1B
b000000110100001 I
b000000110011111 P
b000000110100001 S
#17248
0B
#17256
1B
#17260
b000000110100010 3
b000000101110011 4
b00000110100010 5
b100110110000 6
1>
b100110110000 @
b000000000000010 S
#17264
0B
#17272
b000000101110011 0
1B
b000000110100001 S
#17280
0>
0B
#17288
b000000110100010 1
b000000101110011 2
1B
b000000110100010 I
b000000110100000 P
b000000110100010 S
#17296
0B
#17300
b000000110100011 3
b000000101110010 4
b00000110100011 5
b100110110001 6
1>
b100110110001 @
b000000000000010 S
#17304
b000000101110010 0
1B
b000000110100010 S
#17312
0B
#17320
b000000110100011 1
b000000101110010 2
0>
1B
b000000110100011 I
b000000110100001 P
b000000110100011 S
#17328
0B
#17336
1B
#17340
b000000110100100 3
b000000101110110 4
b00000110100100 5
b100110110010 6
1>
b100110110010 @
b000000000000010 S
#17344
0B
#17352
b000000101110110 0
1B
b000000110100011 S
#17360
0>
0B
#17368
b000000110100100 1
b000000101110110 2
1B
b000000110100100 I
b000000110100010 P
b000000110100100 S
#17376
0B
#17380
b000000110100101 3
b000000101110111 4
b00000110100101 5
b100110110011 6
1>
b100110110011 @
b000000000000010 S
#17384
b000000101110111 0
1B
b000000110100100 S
#17392
0B
#17400
b000000110100101 1
b000000101110111 2
0>
1B
b000000110100101 I
b000000110100011 P
b000000110100101 S
#17408
0B
#17416
1B
#17420
b000000110100110 3
b000000101110101 4
b00000110100110 5
b100110110100 6
1>
b100110110100 @
b000000000000010 S
#17424
0B
#17432
b000000101110101 0
1B
b000000110100101 S
#17440
0>
0B
#17448
b000000110100110 1
b000000101110101 2
1B
b000000110100110 I
b000000110100100 P
b000000110100110 S
#17456
0B
#17460
b000000110100111 3
b000000101110100 4
b00000110100111 5
b100110110101 6
1>
b100110110101 @
b000000000000010 S
#17464
b000000101110100 0
1B
b000000110100110 S
#17472
0B
#17480
b000000110100111 1
b000000101110100 2
0>
1B
b000000110100111 I
b000000110100101 P
b000000110100111 S
#17488
0B
#17496
1B
#17500
b000000110101000 3
b000000101111100 4
b00000110101000 5
b100110110110 6
1>
b100110110110 @
b000000000000010 S
#17504
0B
#17512
b000000101111100 0
1B
b000000110100111 S
#17520
0>
0B
#17528
b000000110101000 1
b000000101111100 2
1B
b000000110101000 I
b000000110100110 P
b000000110101000 S
#17536
0B
#17540
b000000110101001 3
b000000101111101 4
b00000110101001 5
b100110110111 6
1>
b100110110111 @
b000000000000010 S
#17544
b000000101111101 0
1B
b000000110101000 S
#17552
0B
#17560
b000000110101001 1
b000000101111101 2
0>
1B
b000000110101001 I
b000000110100111 P
b000000110101001 S
#17568
0B
#17576
1B
#17580
b000000110101010 3
b000000101111111 4
b00000110101010 5
b100110111000 6
1>
b100110111000 @
b000000000000010 S
#17584
0B
#17592
b000000101111111 0
1B
b000000110101001 S
#17600
0>
0B
#17608
b000000110101010 1
b000000101111111 2
1B
b000000110101010 I
b000000110101000 P
b000000110101010 S
#17616
0B
#17620
b000000110101011 3
b000000101111110 4
b00000110101011 5
b100110111001 6
1>
b100110111001 @
b000000000000010 S
#17624
b000000101111110 0
1B
b000000110101010 S
#17632
0B
#17640
b000000110101011 1
b000000101111110 2
0>
1B
b000000110101011 I
b000000110101001 P
b000000110101011 S
#17648
0B
#17656
1B
#17660
b000000110101100 3
b000000101111010 4
b00000110101100 5
b100110111010 6
1>
b100110111010 @
b000000000000010 S
#17664
0B
#17672
b000000101111010 0
1B
b000000110101011 S
#17680
0>
0B
#17688
b000000110101100 1
b000000101111010 2
1B
b000000110101100 I
b000000110101010 P
b000000110101100 S
#17696
0B
#17700
b000000110101101 3
b000000101111011 4
b00000110101101 5
b100110111011 6
1>
b100110111011 @
b000000000000010 S
#17704
b000000101111011 0
1B
b000000110101100 S
#17712
0B
#17720
b000000110101101 1
b000000101111011 2
0>
1B
b000000110101101 I
b000000110101011 P
b000000110101101 S
#17728
0B
#17736
1B
#17740
b000000110101110 3
b000000101111001 4
b00000110101110 5
b100110111100 6
1>
b100110111100 @
b000000000000010 S
#17744
0B
#17752
b000000101111001 0
1B
b000000110101101 S
#17760
0>
0B
#17768
b000000110101110 1
b000000101111001 2
1B
b000000110101110 I
b000000110101100 P
b000000110101110 S
#17776
0B
#17780
b000000110101111 3
b000000101111000 4
b00000110101111 5
b100110111101 6
1>
b100110111101 @
b000000000000010 S
#17784
b000000101111000 0
1B
b000000110101110 S
#17792
0B
#17800
b000000110101111 1
b000000101111000 2
0>
1B
b000000110101111 I
b000000110101101 P
b000000110101111 S
#17808
0B
#17816
1B
#17820
b000000110110000 3
b000000101101000 4
b00000110110000 5
b100110111110 6
1>
b100110111110 @
b000000000000010 S
#17824
0B
#17832
b000000101101000 0
1B
b000000110101111 S
#17840
0>
0B
#17848
b000000110110000 1
b000000101101000 2
1B
b000000110110000 I
b000000110101110 P
b000000110110000 S
#17856
0B
#17860
b000000110110001 3
b000000101101001 4
b00000110110001 5
b100110111111 6
1>
b100110111111 @
b000000000000010 S
#17864
b000000101101001 0
1B
b000000110110000 S
#17872
0B
#17880
b000000110110001 1
b000000101101001 2
0>
1B
b000000110110001 I
b000000110101111 P
b000000110110001 S
#17888
0B
#17896
1B
#17900
b000000110110010 3
b000000101101011 4
b00000110110010 5
b100111000000 6
1>
b100111000000 @
b000000000000010 S
#17904
0B
#17912
b000000101101011 0
1B
b000000110110001 S
#17920
0>
0B
#17928
b000000110110010 1
b000000101101011 2
1B
b000000110110010 I
b000000110110000 P
b000000110110010 S
#17936
0B
#17940
b000000110110011 3
b000000101101010 4
b00000110110011 5
b100111000001 6
1>
b100111000001 @
b000000000000010 S
#17944
b000000101101010 0
1B
b000000110110010 S
#17952
0B
#17960
b000000110110011 1
b000000101101010 2
0>
1B
b000000110110011 I
b000000110110001 P
b000000110110011 S
#17968
0B
#17976
1B
#17980
b000000110110100 3
b000000101101110 4
b00000110110100 5
b100111000010 6
1>
b100111000010 @
b000000000000010 S
#17984
0B
#17992
b000000101101110 0
1B
b000000110110011 S
#18000
0>
0B
#18008
b000000110110100 1
b000000101101110 2
1B
b000000110110100 I
b000000110110010 P
b000000110110100 S
#18016
0B
#18020
b000000110110101 3
b000000101101111 4
b00000110110101 5
b100111000011 6
1>
b100111000011 @
b000000000000010 S
#18024
b000000101101111 0
1B
b000000110110100 S
#18032
0B
#18040
b000000110110101 1
b000000101101111 2
0>
1B
b000000110110101 I
b000000110110011 P
b000000110110101 S
#18048
0B
#18056
1B
#18060
b000000110110110 3
b000000101101101 4
b00000110110110 5
b100111000100 6
1>
b100111000100 @
b000000000000010 S
#18064
0B
#18072
b000000101101101 0
1B
b000000110110101 S
#18080
0>
0B
#18088
b000000110110110 1
b000000101101101 2
1B
b000000110110110 I
b000000110110100 P
b000000110110110 S
#18096
0B
#18100
b000000110110111 3
b000000101101100 4
b00000110110111 5
b100111000101 6
1>
b100111000101 @
b000000000000010 S
#18104
b000000101101100 0
1B
b000000110110110 S
#18112
0B
#18120
b000000110110111 1
b000000101101100 2
0>
1B
b000000110110111 I
b000000110110101 P
b000000110110111 S
#18128
0B
#18136
1B
#18140
b000000110111000 3
b000000101100100 4
b00000110111000 5
b100111000110 6
1>
b100111000110 @
b000000000000010 S
#18144
0B
#18152
b000000101100100 0
1B
b000000110110111 S
#18160
0>
0B
#18168
b000000110111000 1
b000000101100100 2
1B
b000000110111000 I
b000000110110110 P
b000000110111000 S
#18176
0B
#18180
b000000110111001 3
b000000101100101 4
b00000110111001 5
b100111000111 6
1>
b100111000111 @
b000000000000010 S
#18184
b000000101100101 0
1B
b000000110111000 S
#18192
0B
#18200
b000000110111001 1
b000000101100101 2
0>
1B
b000000110111001 I
b000000110110111 P
b000000110111001 S
#18208
0B
#18216
1B
#18220
b000000110111010 3
b000000101100111 4
b00000110111010 5
b100111001000 6
1>
b100111001000 @
b000000000000010 S
#18224
0B
#18232
b000000101100111 0
1B
b000000110111001 S
#18240
0>
0B
#18248
b000000110111010 1
b000000101100111 2
1B
b000000110111010 I
b000000110111000 P
b000000110111010 S
#18256
0B
#18260
b000000110111011 3
b000000101100110 4
b00000110111011 5
b100111001001 6
1>
b100111001001 @
b000000000000010 S
#18264
b000000101100110 0
1B
b000000110111010 S
#18272
0B
#18280
b000000110111011 1
b000000101100110 2
0>
1B
b000000110111011 I
b000000110111001 P
b000000110111011 S
#18288
0B
#18296
1B
#18300
b000000110111100 3
b000000101100010 4
b00000110111100 5
b100111001010 6
1>
b100111001010 @
b000000000000010 S
#18304
0B
#18312
b000000101100010 0
1B
b000000110111011 S
#18320
0>
0B
#18328
b000000110111100 1
b000000101100010 2
1B
b000000110111100 I
b000000110111010 P
b000000110111100 S
#18336
0B
#18340
b000000110111101 3
b000000101100011 4
b00000110111101 5
b100111001011 6
1>
b100111001011 @
b000000000000010 S
#18344
b000000101100011 0
1B
b000000110111100 S
#18352
0B
#18360
b000000110111101 1
b000000101100011 2
0>
1B
b000000110111101 I
b000000110111011 P
b000000110111101 S
#18368
0B
#18376
1B
#18380
b000000110111110 3
b000000101100001 4
b00000110111110 5
b100111001100 6
1>
b100111001100 @
b000000000000010 S
#18384
0B
#18392
b000000101100001 0
1B
b000000110111101 S
#18400
0>
0B
#18408
b000000110111110 1
b000000101100001 2
1B
b000000110111110 I
b000000110111100 P
b000000110111110 S
#18416
0B
#18420
b000000110111111 3
b000000101100000 4
b00000110111111 5
b100111001101 6
1>
b100111001101 @
b000000000000010 S
#18424
b000000101100000 0
1B
b000000110111110 S
#18432
0B
#18440
b000000110111111 1
b000000101100000 2
0>
1B
b000000110111111 I
b000000110111101 P
b000000110111111 S
#18448
0B
#18456
1B
#18460
b000000111000000 3
b000000100100000 4
b00000111000000 5
b100111001110 6
1>
b100111001110 @
b000000000000010 S
#18464
0B
#18472
b000000100100000 0
1B
b000000110111111 S
#18480
0>
0B
#18488
b000000111000000 1
b000000100100000 2
1B
b000000111000000 I
b000000110111110 P
b000000111000000 S
#18496
0B
#18500
b000000111000001 3
b000000100100001 4
b00000111000001 5
b100111001111 6
1>
b100111001111 @
b000000000000010 S
#18504
b000000100100001 0
1B
b000000111000000 S
#18512
0B
#18520
b000000111000001 1
b000000100100001 2
0>
1B
b000000111000001 I
b000000110111111 P
b000000111000001 S
#18528
0B
#18536
1B
#18540
b000000111000010 3
b000000100100011 4
b00000111000010 5
b100111010000 6
1>
b100111010000 @
b000000000000010 S
#18544
0B
#18552
b000000100100011 0
1B
b000000111000001 S
#18560
0>
0B
#18568
b000000111000010 1
b000000100100011 2
1B
b000000111000010 I
b000000111000000 P
b000000111000010 S
#18576
0B
#18580
b000000111000011 3
b000000100100010 4
b00000111000011 5
b100111010001 6
1>
b100111010001 @
b000000000000010 S
#18584
b000000100100010 0
1B
b000000111000010 S
#18592
0B
#18600
b000000111000011 1
b000000100100010 2
0>
1B
b000000111000011 I
b000000111000001 P
b000000111000011 S
#18608
0B
#18616
1B
#18620
b000000111000100 3
b000000100100110 4
b00000111000100 5
b100111010010 6
1>
b100111010010 @
b000000000000010 S
#18624
0B
#18632
b000000100100110 0
1B
b000000111000011 S
#18640
0>
0B
#18648
b000000111000100 1
b000000100100110 2
1B
b000000111000100 I
b000000111000010 P
b000000111000100 S
#18656
0B
#18660
b000000111000101 3
b000000100100111 4
b00000111000101 5
b100111010011 6
1>
b100111010011 @
b000000000000010 S
#18664
b000000100100111 0
1B
b000000111000100 S
#18672
0B
#18680
b000000111000101 1
b000000100100111 2
0>
1B
b000000111000101 I
b000000111000011 P
b000000111000101 S
#18688
0B
#18696
1B
#18700
b000000111000110 3
b000000100100101 4
b00000111000110 5
b100111010100 6
1>
b100111010100 @
b000000000000010 S
#18704
0B
#18712
b000000100100101 0
1B
b000000111000101 S
#18720
0>
0B
#18728
b000000111000110 1
b000000100100101 2
1B
b000000111000110 I
b000000111000100 P
b000000111000110 S
#18736
0B
#18740
b000000111000111 3
b000000100100100 4
b00000111000111 5
b100111010101 6
1>
b100111010101 @
b000000000000010 S
#18744
b000000100100100 0
1B
b000000111000110 S
#18752
0B
#18760
b000000111000111 1
b000000100100100 2
0>
1B
b000000111000111 I
b000000111000101 P
b000000111000111 S
#18768
0B
#18776
1B
#18780
b000000111001000 3
b000000100101100 4
b00000111001000 5
b100111010110 6
1>
b100111010110 @
b000000000000010 S
#18784
0B
#18792
b000000100101100 0
1B
b000000111000111 S
#18800
0>
0B
#18808
b000000111001000 1
b000000100101100 2
1B
b000000111001000 I
b000000111000110 P
b000000111001000 S
#18816
0B
#18820
b000000111001001 3
b000000100101101 4
b00000111001001 5
b100111010111 6
1>
b100111010111 @
b000000000000010 S
#18824
b000000100101101 0
1B
b000000111001000 S
#18832
0B
#18840
b000000111001001 1
b000000100101101 2
0>
1B
b000000111001001 I
b000000111000111 P
b000000111001001 S
#18848
0B
#18856
1B
#18860
b000000111001010 3
b000000100101111 4
b00000111001010 5
b100111011000 6
1>
b100111011000 @
b000000000000010 S
#18864
0B
#18872
b000000100101111 0
1B
b000000111001001 S
#18880
0>
0B
#18888
b000000111001010 1
b000000100101111 2
1B
b000000111001010 I
b000000111001000 P
b000000111001010 S
#18896
0B
#18900
b000000111001011 3
b000000100101110 4
b00000111001011 5
b100111011001 6
1>
b100111011001 @
b000000000000010 S
#18904
b000000100101110 0
1B
b000000111001010 S
#18912
0B
#18920
b000000111001011 1
b000000100101110 2
0>
1B
b000000111001011 I
b000000111001001 P
b000000111001011 S
#18928
0B
#18936
1B
#18940
b000000111001100 3
b000000100101010 4
b00000111001100 5
b100111011010 6
1>
b100111011010 @
b000000000000010 S
#18944
0B
#18952
b000000100101010 0
1B
b000000111001011 S
#18960
0>
0B
#18968
b000000111001100 1
b000000100101010 2
1B
b000000111001100 I
b000000111001010 P
b000000111001100 S
#18976
0B
#18980
b000000111001101 3
b000000100101011 4
b00000111001101 5
b100111011011 6
1>
b100111011011 @
b000000000000010 S
#18984
b000000100101011 0
1B
b000000111001100 S
#18992
0B
#19000
b000000111001101 1
b000000100101011 2
0>
1B
b000000111001101 I
b000000111001011 P
b000000111001101 S
#19008
0B
#19016
1B
#19020
b000000111001110 3
b000000100101001 4
b00000111001110 5
b100111011100 6
1>
b100111011100 @
b000000000000010 S
#19024
0B
#19032
b000000100101001 0
1B
b000000111001101 S
#19040
0>
0B
#19048
b000000111001110 1
b000000100101001 2
1B
b000000111001110 I
b000000111001100 P
b000000111001110 S
#19056
0B
#19060
b000000111001111 3
b000000100101000 4
b00000111001111 5
b100111011101 6
1>
b100111011101 @
b000000000000010 S
#19064
b000000100101000 0
1B
b000000111001110 S
#19072
0B
#19080
b000000111001111 1
b000000100101000 2
0>
1B
b000000111001111 I
b000000111001101 P
b000000111001111 S
#19088
0B
#19096
1B
#19100
b000000111010000 3
b000000100111000 4
b00000111010000 5
b100111011110 6
1>
b100111011110 @
b000000000000010 S
#19104
0B
#19112
b000000100111000 0
1B
b000000111001111 S
#19120
0>
0B
#19128
b000000111010000 1
b000000100111000 2
1B
b000000111010000 I
b000000111001110 P
b000000111010000 S
#19136
0B
#19140
b000000111010001 3
b000000100111001 4
b00000111010001 5
b100111011111 6
1>
b100111011111 @
b000000000000010 S
#19144
b000000100111001 0
1B
b000000111010000 S
#19152
0B
#19160
b000000111010001 1
b000000100111001 2
0>
1B
b000000111010001 I
b000000111001111 P
b000000111010001 S
#19168
0B
#19176
1B
#19180
b000000111010010 3
b000000100111011 4
b00000111010010 5
b100111100000 6
1>
b100111100000 @
b000000000000010 S
#19184
0B
#19192
b000000100111011 0
1B
b000000111010001 S
#19200
0>
0B
#19208
b000000111010010 1
b000000100111011 2
1B
b000000111010010 I
b000000111010000 P
b000000111010010 S
#19216
0B
#19220
b000000111010011 3
b000000100111010 4
b00000111010011 5
b100111100001 6
1>
b100111100001 @
b000000000000010 S
#19224
b000000100111010 0
1B
b000000111010010 S
#19232
0B
#19240
b000000111010011 1
b000000100111010 2
0>
1B
b000000111010011 I
b000000111010001 P
b000000111010011 S
#19248
0B
#19256
1B
#19260
b000000111010100 3
b000000100111110 4
b00000111010100 5
b100111100010 6
1>
b100111100010 @
b000000000000010 S
#19264
0B
#19272
b000000100111110 0
1B
b000000111010011 S
#19280
0>
0B
#19288
b000000111010100 1
b000000100111110 2
1B
b000000111010100 I
b000000111010010 P
b000000111010100 S
#19296
0B
#19300
b000000111010101 3
b000000100111111 4
b00000111010101 5
b100111100011 6
1>
b100111100011 @
b000000000000010 S
#19304
b000000100111111 0
1B
b000000111010100 S
#19312
0B
#19320
b000000111010101 1
b000000100111111 2
0>
1B
b000000111010101 I
b000000111010011 P
b000000111010101 S
#19328
0B
#19336
1B
#19340
b000000111010110 3
b000000100111101 4
b00000111010110 5
b100111100100 6
1>
b100111100100 @
b000000000000010 S
#19344
0B
#19352
b000000100111101 0
1B
b000000111010101 S
#19360
0>
0B
#19368
b000000111010110 1
b000000100111101 2
1B
b000000111010110 I
b000000111010100 P
b000000111010110 S
#19376
0B
#19380
b000000111010111 3
b000000100111100 4
b00000111010111 5
b100111100101 6
1>
b100111100101 @
b000000000000010 S
#19384
b000000100111100 0
1B
b000000111010110 S
#19392
0B
#19400
b000000111010111 1
b000000100111100 2
0>
1B
b000000111010111 I
b000000111010101 P
b000000111010111 S
#19408
0B
#19416
1B
#19420
b000000111011000 3
b000000100110100 4
b00000111011000 5
b100111100110 6
1>
b100111100110 @
b000000000000010 S
#19424
0B
#19432
b000000100110100 0
1B
b000000111010111 S
#19440
0>
0B
#19448
b000000111011000 1
b000000100110100 2
1B
b000000111011000 I
b000000111010110 P
b000000111011000 S
#19456
0B
#19460
b000000111011001 3
b000000100110101 4
b00000111011001 5
b100111100111 6
1>
b100111100111 @
b000000000000010 S
#19464
b000000100110101 0
1B
b000000111011000 S
#19472
0B
#19480
b000000111011001 1
b000000100110101 2
0>
1B
b000000111011001 I
b000000111010111 P
b000000111011001 S
#19488
0B
#19496
1B
#19500
b000000111011010 3
b000000100110111 4
b00000111011010 5
b100111101000 6
1>
b100111101000 @
b000000000000010 S
#19504
0B
#19512
b000000100110111 0
1B
b000000111011001 S
#19520
0>
0B
#19528
b000000111011010 1
b000000100110111 2
1B
b000000111011010 I
b000000111011000 P
b000000111011010 S
#19536
0B
#19540
b000000111011011 3
b000000100110110 4
b00000111011011 5
b100111101001 6
1>
b100111101001 @
b000000000000010 S
#19544
b000000100110110 0
1B
b000000111011010 S
#19552
0B
#19560
b000000111011011 1
b000000100110110 2
0>
1B
b000000111011011 I
b000000111011001 P
b000000111011011 S
#19568
0B
#19576
1B
#19580
b000000111011100 3
b000000100110010 4
b00000111011100 5
b100111101010 6
1>
b100111101010 @
b000000000000010 S
#19584
0B
#19592
b000000100110010 0
1B
b000000111011011 S
#19600
0>
0B
#19608
b000000111011100 1
b000000100110010 2
1B
b000000111011100 I
b000000111011010 P
b000000111011100 S
#19616
0B
#19620
b000000111011101 3
b000000100110011 4
b00000111011101 5
b100111101011 6
1>
b100111101011 @
b000000000000010 S
#19624
b000000100110011 0
1B
b000000111011100 S
#19632
0B
#19640
b000000111011101 1
b000000100110011 2
0>
1B
b000000111011101 I
b000000111011011 P
b000000111011101 S
#19648
0B
#19656
1B
#19660
b000000111011110 3
b000000100110001 4
b00000111011110 5
b100111101100 6
1>
b100111101100 @
b000000000000010 S
#19664
0B
#19672
b000000100110001 0
1B
b000000111011101 S
#19680
0>
0B
#19688
b000000111011110 1
b000000100110001 2
1B
b000000111011110 I
b000000111011100 P
b000000111011110 S
#19696
0B
#19700
b000000111011111 3
b000000100110000 4
b00000111011111 5
b100111101101 6
1>
b100111101101 @
b000000000000010 S
#19704
b000000100110000 0
1B
b000000111011110 S
#19712
0B
#19720
b000000111011111 1
b000000100110000 2
0>
1B
b000000111011111 I
b000000111011101 P
b000000111011111 S
#19728
0B
#19736
1B
#19740
b000000111100000 3
b000000100010000 4
b00000111100000 5
b100111101110 6
1>
b100111101110 @
b000000000000010 S
#19744
0B
#19752
b000000100010000 0
1B
b000000111011111 S
#19760
0>
0B
#19768
b000000111100000 1
b000000100010000 2
1B
b000000111100000 I
b000000111011110 P
b000000111100000 S
#19776
0B
#19780
b000000111100001 3
b000000100010001 4
b00000111100001 5
b100111101111 6
1>
b100111101111 @
b000000000000010 S
#19784
b000000100010001 0
1B
b000000111100000 S
#19792
0B
#19800
b000000111100001 1
b000000100010001 2
0>
1B
b000000111100001 I
b000000111011111 P
b000000111100001 S
#19808
0B
#19816
1B
#19820
b000000111100010 3
b000000100010011 4
b00000111100010 5
b100111110000 6
1>
b100111110000 @
b000000000000010 S
#19824
0B
#19832
b000000100010011 0
1B
b000000111100001 S
#19840
0>
0B
#19848
b000000111100010 1
b000000100010011 2
1B
b000000111100010 I
b000000111100000 P
b000000111100010 S
#19856
0B
#19860
b000000111100011 3
b000000100010010 4
b00000111100011 5
b100111110001 6
1>
b100111110001 @
b000000000000010 S
#19864
b000000100010010 0
1B
b000000111100010 S
#19872
0B
#19880
b000000111100011 1
b000000100010010 2
0>
1B
b000000111100011 I
b000000111100001 P
b000000111100011 S
#19888
0B
#19896
1B
#19900
b000000111100100 3
b000000100010110 4
b00000111100100 5
b100111110010 6
1>
b100111110010 @
b000000000000010 S
#19904
0B
#19912
b000000100010110 0
1B
b000000111100011 S
#19920
0>
0B
#19928
b000000111100100 1
b000000100010110 2
1B
b000000111100100 I
b000000111100010 P
b000000111100100 S
#19936
0B
#19940
b000000111100101 3
b000000100010111 4
b00000111100101 5
b100111110011 6
1>
b100111110011 @
b000000000000010 S
#19944
b000000100010111 0
1B
b000000111100100 S
#19952
0B
#19960
b000000111100101 1
b000000100010111 2
0>
1B
b000000111100101 I
b000000111100011 P
b000000111100101 S
#19968
0B
#19976
1B
#19980
b000000111100110 3
b000000100010101 4
b00000111100110 5
b100111110100 6
1>
b100111110100 @
b000000000000010 S
#19984
0B
#19992
b000000100010101 0
1B
b000000111100101 S
#20000
0>
0B
#20008
b000000111100110 1
b000000100010101 2
1B
b000000111100110 I
b000000111100100 P
b000000111100110 S
#20016
0B
#20020
b000000111100111 3
b000000100010100 4
b00000111100111 5
b100111110101 6
1>
b100111110101 @
b000000000000010 S
#20024
b000000100010100 0
1B
b000000111100110 S
#20032
0B
#20040
b000000111100111 1
b000000100010100 2
0>
1B
b000000111100111 I
b000000111100101 P
b000000111100111 S
#20048
0B
#20056
1B
#20060
b000000111101000 3
b000000100011100 4
b00000111101000 5
b100111110110 6
1>
b100111110110 @
b000000000000010 S
#20064
0B
#20072
b000000100011100 0
1B
b000000111100111 S
#20080
0>
0B
#20088
b000000111101000 1
b000000100011100 2
1B
b000000111101000 I
b000000111100110 P
b000000111101000 S
#20096
0B
#20100
b000000111101001 3
b000000100011101 4
b00000111101001 5
b100111110111 6
1>
b100111110111 @
b000000000000010 S
#20104
b000000100011101 0
1B
b000000111101000 S
#20112
0B
#20120
b000000111101001 1
b000000100011101 2
0>
1B
b000000111101001 I
b000000111100111 P
b000000111101001 S
#20128
0B
#20136
1B
#20140
b000000111101010 3
b000000100011111 4
b00000111101010 5
b100111111000 6
1>
b100111111000 @
b000000000000010 S
#20144
0B
#20152
b000000100011111 0
1B
b000000111101001 S
#20160
0>
0B
#20168
b000000111101010 1
b000000100011111 2
1B
b000000111101010 I
b000000111101000 P
b000000111101010 S
#20176
0B
#20180
b000000111101011 3
b000000100011110 4
b00000111101011 5
b100111111001 6
1>
b100111111001 @
b000000000000010 S
#20184
b000000100011110 0
1B
b000000111101010 S
#20192
0B
#20200
b000000111101011 1
b000000100011110 2
0>
1B
b000000111101011 I
b000000111101001 P
b000000111101011 S
#20208
0B
#20216
1B
#20220
b000000111101100 3
b000000100011010 4
b00000111101100 5
b100111111010 6
1>
b100111111010 @
b000000000000010 S
#20224
0B
#20232
b000000100011010 0
1B
b000000111101011 S
#20240
0>
0B
#20248
b000000111101100 1
b000000100011010 2
1B
b000000111101100 I
b000000111101010 P
b000000111101100 S
#20256
0B
#20260
b000000111101101 3
b000000100011011 4
b00000111101101 5
b100111111011 6
1>
b100111111011 @
b000000000000010 S
#20264
b000000100011011 0
1B
b000000111101100 S
#20272
0B
#20280
b000000111101101 1
b000000100011011 2
0>
1B
b000000111101101 I
b000000111101011 P
b000000111101101 S
#20288
0B
#20296
1B
#20300
b000000111101110 3
b000000100011001 4
b00000111101110 5
b100111111100 6
1>
b100111111100 @
b000000000000010 S
#20304
0B
#20312
b000000100011001 0
1B
b000000111101101 S
#20320
0>
0B
#20328
b000000111101110 1
b000000100011001 2
1B
b000000111101110 I
b000000111101100 P
b000000111101110 S
#20336
0B
#20340
b000000111101111 3
b000000100011000 4
b00000111101111 5
b100111111101 6
1>
b100111111101 @
b000000000000010 S
#20344
b000000100011000 0
1B
b000000111101110 S
#20352
0B
#20360
b000000111101111 1
b000000100011000 2
0>
1B
b000000111101111 I
b000000111101101 P
b000000111101111 S
#20368
0B
#20376
1B
#20380
b000000111110000 3
b000000100001000 4
b00000111110000 5
b100111111110 6
1>
b100111111110 @
b000000000000010 S
#20384
0B
#20392
b000000100001000 0
1B
b000000111101111 S
#20400
0>
0B
#20408
b000000111110000 1
b000000100001000 2
1B
b000000111110000 I
b000000111101110 P
b000000111110000 S
#20416
0B
#20420
b000000111110001 3
b000000100001001 4
b00000111110001 5
b100111111111 6
1>
b100111111111 @
b000000000000010 S
#20424
b000000100001001 0
1B
b000000111110000 S
#20432
0B
#20440
b000000111110001 1
b000000100001001 2
0>
1B
b000000111110001 I
b000000111101111 P
b000000111110001 S
#20448
0B
#20456
1B
#20460
b000000111110010 3
b000000100001011 4
b00000111110010 5
b101000000000 6
1>
b101000000000 @
b000000000000010 S
#20464
0B
#20472
b000000100001011 0
1B
b000000111110001 S
#20480
0>
0B
#20488
b000000111110010 1
b000000100001011 2
1B
b000000111110010 I
b000000111110000 P
b000000111110010 S
#20496
0B
#20500
b000000111110011 3
b000000100001010 4
b00000111110011 5
b101000000001 6
1>
b101000000001 @
b000000000000010 S
#20504
b000000100001010 0
1B
b000000111110010 S
#20512
0B
#20520
b000000111110011 1
b000000100001010 2
0>
1B
b000000111110011 I
b000000111110001 P
b000000111110011 S
#20528
0B
#20536
1B
#20540
b000000111110100 3
b000000100001110 4
b00000111110100 5
b101000000010 6
1>
b101000000010 @
b000000000000010 S
#20544
0B
#20552
b000000100001110 0
1B
b000000111110011 S
#20560
0>
0B
#20568
b000000111110100 1
b000000100001110 2
1B
b000000111110100 I
b000000111110010 P
b000000111110100 S
#20576
0B
#20580
b000000111110101 3
b000000100001111 4
b00000111110101 5
b101000000011 6
1>
b101000000011 @
b000000000000010 S
#20584
b000000100001111 0
1B
b000000111110100 S
#20592
0B
#20600
b000000111110101 1
b000000100001111 2
0>
1B
b000000111110101 I
b000000111110011 P
b000000111110101 S
#20608
0B
#20616
1B
#20620
b000000111110110 3
b000000100001101 4
b00000111110110 5
b101000000100 6
1>
b101000000100 @
b000000000000010 S
#20624
0B
#20632
b000000100001101 0
1B
b000000111110101 S
#20640
0>
0B
#20648
b000000111110110 1
b000000100001101 2
1B
b000000111110110 I
b000000111110100 P
b000000111110110 S
#20656
0B
#20660
b000000111110111 3
b000000100001100 4
b00000111110111 5
b101000000101 6
1>
b101000000101 @
b000000000000010 S
#20664
b000000100001100 0
1B
b000000111110110 S
#20672
0B
#20680
b000000111110111 1
b000000100001100 2
0>
1B
b000000111110111 I
b000000111110101 P
b000000111110111 S
#20688
0B
#20696
1B
#20700
b000000111111000 3
b000000100000100 4
b00000111111000 5
b101000000110 6
1>
b101000000110 @
b000000000000010 S
#20704
0B
#20712
b000000100000100 0
1B
b000000111110111 S
#20720
0>
0B
#20728
b000000111111000 1
b000000100000100 2
1B
b000000111111000 I
b000000111110110 P
b000000111111000 S
#20736
0B
#20740
b000000111111001 3
b000000100000101 4
b00000111111001 5
b101000000111 6
1>
b101000000111 @
b000000000000010 S
#20744
b000000100000101 0
1B
b000000111111000 S
#20752
0B
#20760
b000000111111001 1
b000000100000101 2
0>
1B
b000000111111001 I
b000000111110111 P
b000000111111001 S
#20768
0B
#20776
1B
#20780
b000000111111010 3
b000000100000111 4
b00000111111010 5
b101000001000 6
1>
b101000001000 @
b000000000000010 S
#20784
0B
#20792
b000000100000111 0
1B
b000000111111001 S
#20800
0>
0B
#20808
b000000111111010 1
b000000100000111 2
1B
b000000111111010 I
b000000111111000 P
b000000111111010 S
#20816
0B
#20820
b000000111111011 3
b000000100000110 4
b00000111111011 5
b101000001001 6
1>
b101000001001 @
b000000000000010 S
#20824
b000000100000110 0
1B
b000000111111010 S
#20832
0B
#20840
b000000111111011 1
b000000100000110 2
0>
1B
b000000111111011 I
b000000111111001 P
b000000111111011 S
#20848
0B
#20856
1B
#20860
b000000111111100 3
b000000100000010 4
b00000111111100 5
b101000001010 6
1>
b101000001010 @
b000000000000010 S
#20864
0B
#20872
b000000100000010 0
1B
b000000111111011 S
#20880
0>
0B
#20888
b000000111111100 1
b000000100000010 2
1B
b000000111111100 I
b000000111111010 P
b000000111111100 S
#20896
0B
#20900
b000000111111101 3
b000000100000011 4
b00000111111101 5
b101000001011 6
1>
b101000001011 @
b000000000000010 S
#20904
b000000100000011 0
1B
b000000111111100 S
#20912
0B
#20920
b000000111111101 1
b000000100000011 2
0>
1B
b000000111111101 I
b000000111111011 P
b000000111111101 S
#20928
0B
#20936
1B
#20940
b000000111111110 3
b000000100000001 4
b00000111111110 5
b101000001100 6
1>
b101000001100 @
b000000000000010 S
#20944
0B
#20952
b000000100000001 0
1B
b000000111111101 S
#20960
0>
0B
#20968
b000000111111110 1
b000000100000001 2
1B
b000000111111110 I
b000000111111100 P
b000000111111110 S
#20976
0B
#20980
b000000111111111 3
b000000100000000 4
b00000111111111 5
b101000001101 6
1>
b101000001101 @
b000000000000010 S
#20984
b000000100000000 0
1B
b000000111111110 S
#20992
0B
#21000
b000000111111111 1
b000000100000000 2
0>
1B
b000000111111111 I
1L
b000000111111101 P
b000000111111111 S
#21008
0B
#21016
1'
1B
1H
1O
#21020
b000001000000000 3
b000001100000000 4
b00001000000000 5
b101000001110 6
1>
b101000001110 @
b000000000000010 S
#21024
0B
#21032
1*
0+
b100000010000 /
b000001100000000 0
b000000000000011 9
b000000000000010 :
b00000000000011 ;
1B
b100000001111 D
1E
b000000111111110 I
1M
b000000111111100 P
b000000111111111 S
#21040
0>
0B
#21048
b0000000001 (
b100000010001 /
b000001000000000 1
b000001100000000 2
b000000000000100 9
b000000000000110 :
b00000000000100 ;
1B
b100000010000 D
b000001000000000 S
#21056
0B
#21060
b000000000000110 #
b000001000000001 3
b000001100000001 4
b00001000000001 5
b101000001111 6
1>
b101000001111 @
b000000000000010 S
#21064
b0000000010 (
b100000010010 /
b000001100000001 0
b000000000000101 9
b000000000000111 :
b00000000000101 ;
1B
b100000010001 D
b000000111111101 I
b000000111111011 P
b000001000000000 S
#21072
0B
#21080
b0000000011 (
b100000010011 /
b000001000000001 1
b000001100000001 2
b000000000000110 9
b000000000000101 :
b00000000000110 ;
0>
1B
b100000010010 D
b000001000000001 S
#21088
0B
#21096
b0000000100 (
b100000010100 /
b000000000000111 9
b000000000000100 :
b00000000000111 ;
1B
b100000010011 D
b000000111111100 I
b000000111111010 P
#21100
b000000000000100 #
b000000000000100 $
b000000000000110 %
b000001000000010 3
b000001100000011 4
b00001000000010 5
b101000010000 6
1>
b101000010000 @
b000000000000100 S
#21104
0B
#21112
b0000000101 (
b100000010101 /
b000001100000011 0
b000000000001000 9
b000000000001100 :
b00000000001000 ;
1B
b100000010100 D
b000000111111011 I
b000000111111001 P
b000001000000001 S
#21120
0>
0B
#21128
b0000000110 (
b100000010110 /
b000001000000010 1
b000001100000011 2
b000000000001001 9
b000000000001101 :
b00000000001001 ;
1B
b100000010101 D
b000001000000010 S
#21136
0B
#21140
b000000000001101 #
b000000000000111 $
b000000000000100 %
b000001000000011 3
b000001100000010 4
b00001000000011 5
b101000010001 6
1>
b101000010001 @
b000000000000111 S
#21144
b0000000111 (
b100000010111 /
b000001100000010 0
b000000000001010 9
b000000000001111 :
b00000000001010 ;
1B
b100000010110 D
b000000111111010 I
b000000111111000 P
b000001000000010 S
#21152
0B
#21160
b0000001000 (
b100000011000 /
b000001000000011 1
b000001100000010 2
b000000000001011 9
b000000000001110 :
b00000000001011 ;
0>
1B
b100000010111 D
b000001000000011 S
#21168
0B
#21176
b0000001001 (
b100000011001 /
b000000000001100 9
b000000000001010 :
b00000000001100 ;
1B
b100000011000 D
b000000111111001 I
b000000111110111 P
#21180
b000000000001010 #
b000000000001001 $
b000000000001101 %
b000001000000100 3
b000001100000110 4
b00001000000100 5
b101000010010 6
1>
b101000010010 @
b000000000001001 S
#21184
0B
#21192
b0000001010 (
b100000011010 /
b000001100000110 0
b000000000001101 9
b000000000001011 :
b00000000001101 ;
1B
b100000011001 D
b000000111111000 I
b000000111110110 P
b000001000000011 S
#21200
0>
0B
#21208
b0000001011 (
b100000011011 /
b000001000000100 1
b000001100000110 2
b000000000001110 9
b000000000001001 :
b00000000001110 ;
1B
b100000011010 D
b000001000000100 S
#21216
0B
#21220
b000000000001001 #
b000000000001100 $
b000000000001010 %
b000001000000101 3
b000001100000111 4
b00001000000101 5
b101000010011 6
1>
b101000010011 @
b000000000001100 S
#21224
b0000001100 (
b100000011100 /
b000001100000111 0
b000000000001111 9
b000000000001000 :
b00000000001111 ;
1B
b100000011011 D
b000000111110111 I
b000000111110101 P
b000001000000100 S
#21232
0B
#21240
b0000001101 (
b100000011101 /
b000001000000101 1
b000001100000111 2
b000000000010000 9
b000000000011000 :
b00000000010000 ;
0>
1B
b100000011100 D
b000001000000101 S
#21248
0B
#21256
b0000001110 (
b100000011110 /
b000000000010001 9
b000000000011001 :
b00000000010001 ;
1B
b100000011101 D
b000000111110110 I
b000000111110100 P
#21260
b000000000011001 #
b000000000001110 $
b000000000001001 %
b000001000000110 3
b000001100000101 4
b00001000000110 5
b101000010100 6
1>
b101000010100 @
b000000000001110 S
#21264
0B
#21272
b0000001111 (
b100000011111 /
b000001100000101 0
b000000000010010 9
b000000000011011 :
b00000000010010 ;
1B
b100000011110 D
b000000111110101 I
b000000111110011 P
b000001000000101 S
#21280
0>
0B
#21288
b0000010000 (
b100000100000 /
b000001000000110 1
b000001100000101 2
b000000000010011 9
b000000000011010 :
b00000000010011 ;
1B
b100000011111 D
b000001000000110 S
#21296
0B
#21300
b000000000011010 #
b000000000010001 $
b000000000011001 %
b000001000000111 3
b000001100000100 4
b00001000000111 5
b101000010101 6
1>
b101000010101 @
b000000000010001 S
#21304
b0000010001 (
b100000100001 /
b000001100000100 0
b000000000010100 9
b000000000011110 :
b00000000010100 ;
1B
b100000100000 D
b000000111110100 I
b000000111110010 P
b000001000000110 S
#21312
0B
#21320
b0000010010 (
b100000100010 /
b000001000000111 1
b000001100000100 2
b000000000010101 9
b000000000011111 :
b00000000010101 ;
0>
1B
b100000100001 D
b000001000000111 S
#21328
0B
#21336
b0000010011 (
b100000100011 /
b000000000010110 9
b000000000011101 :
b00000000010110 ;
1B
b100000100010 D
b000000111110011 I
b000000111110001 P
#21340
b000000000011101 #
b000000000010011 $
b000000000011010 %
b000001000001000 3
b000001100001100 4
b00001000001000 5
b101000010110 6
1>
b101000010110 @
b000000000010011 S
#21344
0B
#21352
b0000010100 (
b100000100100 /
b000001100001100 0
b000000000010111 9
b000000000011100 :
b00000000010111 ;
1B
b100000100011 D
b000000111110010 I
b000000111110000 P
b000001000000111 S
#21360
0>
0B
#21368
b0000010101 (
b100000100101 /
b000001000001000 1
b000001100001100 2
b000000000011000 9
b000000000010100 :
b00000000011000 ;
1B
b100000100100 D
b000001000001000 S
#21376
0B
#21380
b000000000010100 #
b000000000010110 $
b000000000011101 %
b000001000001001 3
b000001100001101 4
b00001000001001 5
b101000010111 6
1>
b101000010111 @
b000000000010110 S
#21384
b0000010110 (
b100000100110 /
b000001100001101 0
b000000000011001 9
b000000000010101 :
b00000000011001 ;
1B
b100000100101 D
b000000111110001 I
b000000111101111 P
b000001000001000 S
#21392
0B
#21400
b0000010111 (
b100000100111 /
b000001000001001 1
b000001100001101 2
b000000000011010 9
b000000000010111 :
b00000000011010 ;
0>
1B
b100000100110 D
b000001000001001 S
#21408
0B
#21416
b0000011000 (
b100000101000 /
b000000000011011 9
b000000000010110 :
b00000000011011 ;
1B
b100000100111 D
b000000111110000 I
b000000111101110 P
#21420
b000000000010110 #
b000000000011000 $
b000000000010100 %
b000001000001010 3
b000001100001111 4
b00001000001010 5
b101000011000 6
1>
b101000011000 @
b000000000011000 S
#21424
0B
#21432
b0000011001 (
b100000101001 /
b000001100001111 0
b000000000011100 9
b000000000010010 :
b00000000011100 ;
1B
b100000101000 D
b000000111101111 I
b000000111101101 P
b000001000001001 S
#21440
0>
0B
#21448
b0000011010 (
b100000101010 /
b000001000001010 1
b000001100001111 2
b000000000011101 9
b000000000010011 :
b00000000011101 ;
1B
b100000101001 D
b000001000001010 S
#21456
0B
#21460
b000000000010011 #
b000000000011011 $
b000000000010110 %
b000001000001011 3
b000001100001110 4
b00001000001011 5
b101000011001 6
1>
b101000011001 @
b000000000011011 S
#21464
b0000011011 (
b100000101011 /
b000001100001110 0
b000000000011110 9
b000000000010001 :
b00000000011110 ;
1B
b100000101010 D
b000000111101110 I
b000000111101100 P
b000001000001010 S
#21472
0B
#21480
b0000011100 (
b100000101100 /
b000001000001011 1
b000001100001110 2
b000000000011111 9
b000000000010000 :
b00000000011111 ;
0>
1B
b100000101011 D
b000001000001011 S
#21488
0B
#21496
b0000011101 (
b100000101101 /
b000000000100000 9
b000000000110000 :
b00000000100000 ;
1B
b100000101100 D
b000000111101101 I
b000000111101011 P
#21500
b000000000110000 #
b000000000011101 $
b000000000010011 %
b000001000001100 3
b000001100001010 4
b00001000001100 5
b101000011010 6
1>
b101000011010 @
b000000000011101 S
#21504
0B
#21512
b0000011110 (
b100000101110 /
b000001100001010 0
b000000000100001 9
b000000000110001 :
b00000000100001 ;
1B
b100000101101 D
b000000111101100 I
b000000111101010 P
b000001000001011 S
#21520
0>
0B
#21528
b0000011111 (
b100000101111 /
b000001000001100 1
b000001100001010 2
b000000000100010 9
b000000000110011 :
b00000000100010 ;
1B
b100000101110 D
b000001000001100 S
#21536
0B
#21540
b000000000110011 #
b000000000100000 $
b000000000110000 %
b000001000001101 3
b000001100001011 4
b00001000001101 5
b101000011011 6
1>
b101000011011 @
b000000000100000 S
#21544
b0000100000 (
b100000110000 /
b000001100001011 0
b000000000100011 9
b000000000110010 :
b00000000100011 ;
1B
b100000101111 D
b000000111101011 I
b000000111101001 P
b000001000001100 S
#21552
0B
#21560
b0000100001 (
b100000110001 /
b000001000001101 1
b000001100001011 2
b000000000100100 9
b000000000110110 :
b00000000100100 ;
0>
1B
b100000110000 D
b000001000001101 S
#21568
0B
#21576
b0000100010 (
b100000110010 /
b000000000100101 9
b000000000110111 :
b00000000100101 ;
1B
b100000110001 D
b000000111101010 I
b000000111101000 P
#21580
b000000000110111 #
b000000000100010 $
b000000000110011 %
b000001000001110 3
b000001100001001 4
b00001000001110 5
b101000011100 6
1>
b101000011100 @
b000000000100010 S
#21584
0B
#21592
b0000100011 (
b100000110011 /
b000001100001001 0
b000000000100110 9
b000000000110101 :
b00000000100110 ;
1B
b100000110010 D
b000000111101001 I
b000000111100111 P
b000001000001101 S
#21600
0>
0B
#21608
b0000100100 (
b100000110100 /
b000001000001110 1
b000001100001001 2
b000000000100111 9
b000000000110100 :
b00000000100111 ;
1B
b100000110011 D
b000001000001110 S
#21616
0B
#21620
b000000000110100 #
b000000000100101 $
b000000000110111 %
b000001000001111 3
b000001100001000 4
b00001000001111 5
b101000011101 6
1>
b101000011101 @
b000000000100101 S
#21624
b0000100101 (
b100000110101 /
b000001100001000 0
b000000000101000 9
b000000000111100 :
b00000000101000 ;
1B
b100000110100 D
b000000111101000 I
b000000111100110 P
b000001000001110 S
#21632
0B
#21640
b0000100110 (
b100000110110 /
b000001000001111 1
b000001100001000 2
b000000000101001 9
b000000000111101 :
b00000000101001 ;
0>
1B
b100000110101 D
b000001000001111 S
#21648
0B
#21656
b0000100111 (
b100000110111 /
b000000000101010 9
b000000000111111 :
b00000000101010 ;
1B
b100000110110 D
b000000111100111 I
b000000111100101 P
#21660
b000000000111111 #
b000000000100111 $
b000000000110100 %
b000001000010000 3
b000001100011000 4
b00001000010000 5
b101000011110 6
1>
b101000011110 @
b000000000100111 S
#21664
0B
#21672
b0000101000 (
b100000111000 /
b000001100011000 0
b000000000101011 9
b000000000111110 :
b00000000101011 ;
1B
b100000110111 D
b000000111100110 I
b000000111100100 P
b000001000001111 S
#21680
0>
0B
#21688
b0000101001 (
b100000111001 /
b000001000010000 1
b000001100011000 2
b000000000101100 9
b000000000111010 :
b00000000101100 ;
1B
b100000111000 D
b000001000010000 S
#21696
0B
#21700
b000000000111010 #
b000000000101010 $
b000000000111111 %
b000001000010001 3
b000001100011001 4
b00001000010001 5
b101000011111 6
1>
b101000011111 @
b000000000101010 S
#21704
b0000101010 (
b100000111010 /
b000001100011001 0
b000000000101101 9
b000000000111011 :
b00000000101101 ;
1B
b100000111001 D
b000000111100101 I
b000000111100011 P
b000001000010000 S
#21712
0B
#21720
b0000101011 (
b100000111011 /
b000001000010001 1
b000001100011001 2
b000000000101110 9
b000000000111001 :
b00000000101110 ;
0>
1B
b100000111010 D
b000001000010001 S
#21728
0B
#21736
b0000101100 (
b100000111100 /
b000000000101111 9
b000000000111000 :
b00000000101111 ;
1B
b100000111011 D
b000000111100100 I
b000000111100010 P
#21740
b000000000111000 #
b000000000101100 $
b000000000111010 %
b000001000010010 3
b000001100011011 4
b00001000010010 5
b101000100000 6
1>
b101000100000 @
b000000000101100 S
#21744
0B
#21752
b0000101101 (
b100000111101 /
b000001100011011 0
b000000000110000 9
b000000000101000 :
b00000000110000 ;
1B
b100000111100 D
b000000111100011 I
b000000111100001 P
b000001000010001 S
#21760
0>
0B
#21768
b0000101110 (
b100000111110 /
b000001000010010 1
b000001100011011 2
b000000000110001 9
b000000000101001 :
b00000000110001 ;
1B
b100000111101 D
b000001000010010 S
#21776
0B
#21780
b000000000101001 #
b000000000101111 $
b000000000111000 %
b000001000010011 3
b000001100011010 4
b00001000010011 5
b101000100001 6
1>
b101000100001 @
b000000000101111 S
#21784
b0000101111 (
b100000111111 /
b000001100011010 0
b000000000110010 9
b000000000101011 :
b00000000110010 ;
1B
b100000111110 D
b000000111100010 I
b000000111100000 P
b000001000010010 S
#21792
0B
#21800
b0000110000 (
b100001000000 /
b000001000010011 1
b000001100011010 2
b000000000110011 9
b000000000101010 :
b00000000110011 ;
0>
1B
b100000111111 D
b000001000010011 S
#21808
0B
#21816
b0000110001 (
b100001000001 /
b000000000110100 9
b000000000101110 :
b00000000110100 ;
1B
b100001000000 D
b000000111100001 I
b000000111011111 P
#21820
b000000000101110 #
b000000000110001 $
b000000000101001 %
b000001000010100 3
b000001100011110 4
b00001000010100 5
b101000100010 6
1>
b101000100010 @
b000000000110001 S
#21824
0B
#21832
b0000110010 (
b100001000010 /
b000001100011110 0
b000000000110101 9
b000000000101111 :
b00000000110101 ;
1B
b100001000001 D
b000000111100000 I
b000000111011110 P
b000001000010011 S
#21840
0>
0B
#21848
b0000110011 (
b100001000011 /
b000001000010100 1
b000001100011110 2
b000000000110110 9
b000000000101101 :
b00000000110110 ;
1B
b100001000010 D
b000001000010100 S
#21856
0B
#21860
b000000000101101 #
b000000000110100 $
b000000000101110 %
b000001000010101 3
b000001100011111 4
b00001000010101 5
b101000100011 6
1>
b101000100011 @
b000000000110100 S
#21864
b0000110100 (
b100001000100 /
b000001100011111 0
b000000000110111 9
b000000000101100 :
b00000000110111 ;
1B
b100001000011 D
b000000111011111 I
b000000111011101 P
b000001000010100 S
#21872
0B
#21880
b0000110101 (
b100001000101 /
b000001000010101 1
b000001100011111 2
b000000000111000 9
b000000000100100 :
b00000000111000 ;
0>
1B
b100001000100 D
b000001000010101 S
#21888
0B
#21896
b0000110110 (
b100001000110 /
b000000000111001 9
b000000000100101 :
b00000000111001 ;
1B
b100001000101 D
b000000111011110 I
b000000111011100 P
#21900
b000000000100101 #
b000000000110110 $
b000000000101101 %
b000001000010110 3
b000001100011101 4
b00001000010110 5
b101000100100 6
1>
b101000100100 @
b000000000110110 S
#21904
0B
#21912
b0000110111 (
b100001000111 /
b000001100011101 0
b000000000111010 9
b000000000100111 :
b00000000111010 ;
1B
b100001000110 D
b000000111011101 I
b000000111011011 P
b000001000010101 S
#21920
0>
0B
#21928
b0000111000 (
b100001001000 /
b000001000010110 1
b000001100011101 2
b000000000111011 9
b000000000100110 :
b00000000111011 ;
1B
b100001000111 D
b000001000010110 S
#21936
0B
#21940
b000000000100110 #
b000000000111001 $
b000000000100101 %
b000001000010111 3
b000001100011100 4
b00001000010111 5
b101000100101 6
1>
b101000100101 @
b000000000111001 S
#21944
b0000111001 (
b100001001001 /
b000001100011100 0
b000000000111100 9
b000000000100010 :
b00000000111100 ;
1B
b100001001000 D
b000000111011100 I
b000000111011010 P
b000001000010110 S
#21952
0B
#21960
b0000111010 (
b100001001010 /
b000001000010111 1
b000001100011100 2
b000000000111101 9
b000000000100011 :
b00000000111101 ;
0>
1B
b100001001001 D
b000001000010111 S
#21968
0B
#21976
b0000111011 (
b100001001011 /
b000000000111110 9
b000000000100001 :
b00000000111110 ;
1B
b100001001010 D
b000000111011011 I
b000000111011001 P
#21980
b000000000100001 #
b000000000111011 $
b000000000100110 %
b000001000011000 3
b000001100010100 4
b00001000011000 5
b101000100110 6
1>
b101000100110 @
b000000000111011 S
#21984
0B
#21992
b0000111100 (
b100001001100 /
b000001100010100 0
b000000000111111 9
b000000000100000 :
b00000000111111 ;
1B
b100001001011 D
b000000111011010 I
b000000111011000 P
b000001000010111 S
#22000
0>
0B
#22008
b0000111101 (
b100001001101 /
b000001000011000 1
b000001100010100 2
b000000001000000 9
b000000001100000 :
b00000001000000 ;
1B
b100001001100 D
b000001000011000 S
#22016
0B
#22020
b000000001100000 #
b000000000111110 $
b000000000100001 %
b000001000011001 3
b000001100010101 4
b00001000011001 5
b101000100111 6
1>
b101000100111 @
b000000000111110 S
#22024
b0000111110 (
b100001001110 /
b000001100010101 0
b000000001000001 9
b000000001100001 :
b00000001000001 ;
1B
b100001001101 D
b000000111011001 I
b000000111010111 P
b000001000011000 S
#22032
0B
#22040
b0000111111 (
b100001001111 /
b000001000011001 1
b000001100010101 2
b000000001000010 9
b000000001100011 :
b00000001000010 ;
0>
1B
b100001001110 D
b000001000011001 S
#22048
0B
#22056
b0001000000 (
b100001010000 /
b000000001000011 9
b000000001100010 :
b00000001000011 ;
1B
b100001001111 D
b000000111011000 I
b000000111010110 P
#22060
b000000001100010 #
b000000001000000 $
b000000001100000 %
b000001000011010 3
b000001100010111 4
b00001000011010 5
b101000101000 6
1>
b101000101000 @
b000000001000000 S
#22064
0B
#22072
b0001000001 (
b100001010001 /
b000001100010111 0
b000000001000100 9
b000000001100110 :
b00000001000100 ;
1B
b100001010000 D
b000000111010111 I
b000000111010101 P
b000001000011001 S
#22080
0>
0B
#22088
b0001000010 (
b100001010010 /
b000001000011010 1
b000001100010111 2
b000000001000101 9
b000000001100111 :
b00000001000101 ;
1B
b100001010001 D
b000001000011010 S
#22096
0B
#22100
b000000001100111 #
b000000001000011 $
b000000001100010 %
b000001000011011 3
b000001100010110 4
b00001000011011 5
b101000101001 6
1>
b101000101001 @
b000000001000011 S
#22104
b0001000011 (
b100001010011 /
b000001100010110 0
b000000001000110 9
b000000001100101 :
b00000001000110 ;
1B
b100001010010 D
b000000111010110 I
b000000111010100 P
b000001000011010 S
#22112
0B
#22120
b0001000100 (
b100001010100 /
b000001000011011 1
b000001100010110 2
b000000001000111 9
b000000001100100 :
b00000001000111 ;
0>
1B
b100001010011 D
b000001000011011 S
#22128
0B
#22136
b0001000101 (
b100001010101 /
b000000001001000 9
b000000001101100 :
b00000001001000 ;
1B
b100001010100 D
b000000111010101 I
b000000111010011 P
#22140
b000000001101100 #
b000000001000101 $
b000000001100111 %
b000001000011100 3
b000001100010010 4
b00001000011100 5
b101000101010 6
1>
b101000101010 @
b000000001000101 S
#22144
0B
#22152
b0001000110 (
b100001010110 /
b000001100010010 0
b000000001001001 9
b000000001101101 :
b00000001001001 ;
1B
b100001010101 D
b000000111010100 I
b000000111010010 P
b000001000011011 S
#22160
0>
0B
#22168
b0001000111 (
b100001010111 /
b000001000011100 1
b000001100010010 2
b000000001001010 9
b000000001101111 :
b00000001001010 ;
1B
b100001010110 D
b000001000011100 S
#22176
0B
#22180
b000000001101111 #
b000000001001000 $
b000000001101100 %
b000001000011101 3
b000001100010011 4
b00001000011101 5
b101000101011 6
1>
b101000101011 @
b000000001001000 S
#22184
b0001001000 (
b100001011000 /
b000001100010011 0
b000000001001011 9
b000000001101110 :
b00000001001011 ;
1B
b100001010111 D
b000000111010011 I
b000000111010001 P
b000001000011100 S
#22192
0B
#22200
b0001001001 (
b100001011001 /
b000001000011101 1
b000001100010011 2
b000000001001100 9
b000000001101010 :
b00000001001100 ;
0>
1B
b100001011000 D
b000001000011101 S
#22208
0B
#22216
b0001001010 (
b100001011010 /
b000000001001101 9
b000000001101011 :
b00000001001101 ;
1B
b100001011001 D
b000000111010010 I
b000000111010000 P
#22220
b000000001101011 #
b000000001001010 $
b000000001101111 %
b000001000011110 3
b000001100010001 4
b00001000011110 5
b101000101100 6
1>
b101000101100 @
b000000001001010 S
#22224
0B
#22232
b0001001011 (
b100001011011 /
b000001100010001 0
b000000001001110 9
b000000001101001 :
b00000001001110 ;
1B
b100001011010 D
b000000111010001 I
b000000111001111 P
b000001000011101 S
#22240
0>
0B
#22248
b0001001100 (
b100001011100 /
b000001000011110 1
b000001100010001 2
b000000001001111 9
b000000001101000 :
b00000001001111 ;
1B
b100001011011 D
b000001000011110 S
#22256
0B
#22260
b000000001101000 #
b000000001001101 $
b000000001101011 %
b000001000011111 3
b000001100010000 4
b00001000011111 5
b101000101101 6
1>
b101000101101 @
b000000001001101 S
#22264
b0001001101 (
b100001011101 /
b000001100010000 0
b000000001010000 9
b000000001111000 :
b00000001010000 ;
1B
b100001011100 D
b000000111010000 I
b000000111001110 P
b000001000011110 S
#22272
0B
#22280
b0001001110 (
b100001011110 /
b000001000011111 1
b000001100010000 2
b000000001010001 9
b000000001111001 :
b00000001010001 ;
0>
1B
b100001011101 D
b000001000011111 S
#22288
0B
#22296
b0001001111 (
b100001011111 /
b000000001010010 9
b000000001111011 :
b00000001010010 ;
1B
b100001011110 D
b000000111001111 I
b000000111001101 P
#22300
b000000001111011 #
b000000001001111 $
b000000001101000 %
b000001000100000 3
b000001100110000 4
b00001000100000 5
b101000101110 6
1>
b101000101110 @
b000000001001111 S
#22304
0B
#22312
b0001010000 (
b100001100000 /
b000001100110000 0
b000000001010011 9
b000000001111010 :
b00000001010011 ;
1B
b100001011111 D
b000000111001110 I
b000000111001100 P
b000001000011111 S
#22320
0>
0B
#22328
b0001010001 (
b100001100001 /
b000001000100000 1
b000001100110000 2
b000000001010100 9
b000000001111110 :
b00000001010100 ;
1B
b100001100000 D
b000001000100000 S
#22336
0B
#22340
b000000001111110 #
b000000001010010 $
b000000001111011 %
b000001000100001 3
b000001100110001 4
b00001000100001 5
b101000101111 6
1>
b101000101111 @
b000000001010010 S
#22344
b0001010010 (
b100001100010 /
b000001100110001 0
b000000001010101 9
b000000001111111 :
b00000001010101 ;
1B
b100001100001 D
b000000111001101 I
b000000111001011 P
b000001000100000 S
#22352
0B
#22360
b0001010011 (
b100001100011 /
b000001000100001 1
b000001100110001 2
b000000001010110 9
b000000001111101 :
b00000001010110 ;
0>
1B
b100001100010 D
b000001000100001 S
#22368
0B
#22376
b0001010100 (
b100001100100 /
b000000001010111 9
b000000001111100 :
b00000001010111 ;
1B
b100001100011 D
b000000111001100 I
b000000111001010 P
#22380
b000000001111100 #
b000000001010100 $
b000000001111110 %
b000001000100010 3
b000001100110011 4
b00001000100010 5
b101000110000 6
1>
b101000110000 @
b000000001010100 S
#22384
0B
#22392
b0001010101 (
b100001100101 /
b000001100110011 0
b000000001011000 9
b000000001110100 :
b00000001011000 ;
1B
b100001100100 D
b000000111001011 I
b000000111001001 P
b000001000100001 S
#22400
0>
0B
#22408
b0001010110 (
b100001100110 /
b000001000100010 1
b000001100110011 2
b000000001011001 9
b000000001110101 :
b00000001011001 ;
1B
b100001100101 D
b000001000100010 S
#22416
0B
#22420
b000000001110101 #
b000000001010111 $
b000000001111100 %
b000001000100011 3
b000001100110010 4
b00001000100011 5
b101000110001 6
1>
b101000110001 @
b000000001010111 S
#22424
b0001010111 (
b100001100111 /
b000001100110010 0
b000000001011010 9
b000000001110111 :
b00000001011010 ;
1B
b100001100110 D
b000000111001010 I
b000000111001000 P
b000001000100010 S
#22432
0B
#22440
b0001011000 (
b100001101000 /
b000001000100011 1
b000001100110010 2
b000000001011011 9
b000000001110110 :
b00000001011011 ;
0>
1B
b100001100111 D
b000001000100011 S
#22448
0B
#22456
b0001011001 (
b100001101001 /
b000000001011100 9
b000000001110010 :
b00000001011100 ;
1B
b100001101000 D
b000000111001001 I
b000000111000111 P
#22460
b000000001110010 #
b000000001011001 $
b000000001110101 %
b000001000100100 3
b000001100110110 4
b00001000100100 5
b101000110010 6
1>
b101000110010 @
b000000001011001 S
#22464
0B
#22472
b0001011010 (
b100001101010 /
b000001100110110 0
b000000001011101 9
b000000001110011 :
b00000001011101 ;
1B
b100001101001 D
b000000111001000 I
b000000111000110 P
b000001000100011 S
#22480
0>
0B
#22488
b0001011011 (
b100001101011 /
b000001000100100 1
b000001100110110 2
b000000001011110 9
b000000001110001 :
b00000001011110 ;
1B
b100001101010 D
b000001000100100 S
#22496
0B
#22500
b000000001110001 #
b000000001011100 $
b000000001110010 %
b000001000100101 3
b000001100110111 4
b00001000100101 5
b101000110011 6
1>
b101000110011 @
b000000001011100 S
#22504
b0001011100 (
b100001101100 /
b000001100110111 0
b000000001011111 9
b000000001110000 :
b00000001011111 ;
1B
b100001101011 D
b000000111000111 I
b000000111000101 P
b000001000100100 S
#22512
0B
#22520
b0001011101 (
b100001101101 /
b000001000100101 1
b000001100110111 2
b000000001100000 9
b000000001010000 :
b00000001100000 ;
0>
1B
b100001101100 D
b000001000100101 S
#22528
0B
#22536
b0001011110 (
b100001101110 /
b000000001100001 9
b000000001010001 :
b00000001100001 ;
1B
b100001101101 D
b000000111000110 I
b000000111000100 P
#22540
b000000001010001 #
b000000001011110 $
b000000001110001 %
b000001000100110 3
b000001100110101 4
b00001000100110 5
b101000110100 6
1>
b101000110100 @
b000000001011110 S
#22544
0B
#22552
b0001011111 (
b100001101111 /
b000001100110101 0
b000000001100010 9
b000000001010011 :
b00000001100010 ;
1B
b100001101110 D
b000000111000101 I
b000000111000011 P
b000001000100101 S
#22560
0>
0B
#22568
b0001100000 (
b100001110000 /
b000001000100110 1
b000001100110101 2
b000000001100011 9
b000000001010010 :
b00000001100011 ;
1B
b100001101111 D
b000001000100110 S
#22576
0B
#22580
b000000001010010 #
b000000001100001 $
b000000001010001 %
b000001000100111 3
b000001100110100 4
b00001000100111 5
b101000110101 6
1>
b101000110101 @
b000000001100001 S
#22584
b0001100001 (
b100001110001 /
b000001100110100 0
b000000001100100 9
b000000001010110 :
b00000001100100 ;
1B
b100001110000 D
b000000111000100 I
b000000111000010 P
b000001000100110 S
#22592
0B
#22600
b0001100010 (
b100001110010 /
b000001000100111 1
b000001100110100 2
b000000001100101 9
b000000001010111 :
b00000001100101 ;
0>
1B
b100001110001 D
b000001000100111 S
#22608
0B
#22616
b0001100011 (
b100001110011 /
b000000001100110 9
b000000001010101 :
b00000001100110 ;
1B
b100001110010 D
b000000111000011 I
b000000111000001 P
#22620
b000000001010101 #
b000000001100011 $
b000000001010010 %
b000001000101000 3
b000001100111100 4
b00001000101000 5
b101000110110 6
1>
b101000110110 @
b000000001100011 S
#22624
0B
#22632
b0001100100 (
b100001110100 /
b000001100111100 0
b000000001100111 9
b000000001010100 :
b00000001100111 ;
1B
b100001110011 D
b000000111000010 I
b000000111000000 P
b000001000100111 S
#22640
0>
0B
#22648
b0001100101 (
b100001110101 /
b000001000101000 1
b000001100111100 2
b000000001101000 9
b000000001011100 :
b00000001101000 ;
1B
b100001110100 D
b000001000101000 S
#22656
0B
#22660
b000000001011100 #
b000000001100110 $
b000000001010101 %
b000001000101001 3
b000001100111101 4
b00001000101001 5
b101000110111 6
1>
b101000110111 @
b000000001100110 S
#22664
b0001100110 (
b100001110110 /
b000001100111101 0
b000000001101001 9
b000000001011101 :
b00000001101001 ;
1B
b100001110101 D
b000000111000001 I
b000000110111111 P
b000001000101000 S
#22672
0B
#22680
b0001100111 (
b100001110111 /
b000001000101001 1
b000001100111101 2
b000000001101010 9
b000000001011111 :
b00000001101010 ;
0>
1B
b100001110110 D
b000001000101001 S
#22688
0B
#22696
b0001101000 (
b100001111000 /
b000000001101011 9
b000000001011110 :
b00000001101011 ;
1B
b100001110111 D
b000000111000000 I
b000000110111110 P
#22700
b000000001011110 #
b000000001101000 $
b000000001011100 %
b000001000101010 3
b000001100111111 4
b00001000101010 5
b101000111000 6
1>
b101000111000 @
b000000001101000 S
#22704
0B
#22712
b0001101001 (
b100001111001 /
b000001100111111 0
b000000001101100 9
b000000001011010 :
b00000001101100 ;
1B
b100001111000 D
b000000110111111 I
b000000110111101 P
b000001000101001 S
#22720
0>
0B
#22728
b0001101010 (
b100001111010 /
b000001000101010 1
b000001100111111 2
b000000001101101 9
b000000001011011 :
b00000001101101 ;
1B
b100001111001 D
b000001000101010 S
#22736
0B
#22740
b000000001011011 #
b000000001101011 $
b000000001011110 %
b000001000101011 3
b000001100111110 4
b00001000101011 5
b101000111001 6
1>
b101000111001 @
b000000001101011 S
#22744
b0001101011 (
b100001111011 /
b000001100111110 0
b000000001101110 9
b000000001011001 :
b00000001101110 ;
1B
b100001111010 D
b000000110111110 I
b000000110111100 P
b000001000101010 S
#22752
0B
#22760
b0001101100 (
b100001111100 /
b000001000101011 1
b000001100111110 2
b000000001101111 9
b000000001011000 :
b00000001101111 ;
0>
1B
b100001111011 D
b000001000101011 S
#22768
0B
#22776
b0001101101 (
b100001111101 /
b000000001110000 9
b000000001001000 :
b00000001110000 ;
1B
b100001111100 D
b000000110111101 I
b000000110111011 P
#22780
b000000001001000 #
b000000001101101 $
b000000001011011 %
b000001000101100 3
b000001100111010 4
b00001000101100 5
b101000111010 6
1>
b101000111010 @
b000000001101101 S
#22784
0B
#22792
b0001101110 (
b100001111110 /
b000001100111010 0
b000000001110001 9
b000000001001001 :
b00000001110001 ;
1B
b100001111101 D
b000000110111100 I
b000000110111010 P
b000001000101011 S
#22800
0>
0B
#22808
b0001101111 (
b100001111111 /
b000001000101100 1
b000001100111010 2
b000000001110010 9
b000000001001011 :
b00000001110010 ;
1B
b100001111110 D
b000001000101100 S
#22816
0B
#22820
b000000001001011 #
b000000001110000 $
b000000001001000 %
b000001000101101 3
b000001100111011 4
b00001000101101 5
b101000111011 6
1>
b101000111011 @
b000000001110000 S
#22824
b0001110000 (
b100010000000 /
b000001100111011 0
b000000001110011 9
b000000001001010 :
b00000001110011 ;
1B
b100001111111 D
b000000110111011 I
b000000110111001 P
b000001000101100 S
#22832
0B
#22840
b0001110001 (
b100010000001 /
b000001000101101 1
b000001100111011 2
b000000001110100 9
b000000001001110 :
b00000001110100 ;
0>
1B
b100010000000 D
b000001000101101 S
#22848
0B
#22856
b0001110010 (
b100010000010 /
b000000001110101 9
b000000001001111 :
b00000001110101 ;
1B
b100010000001 D
b000000110111010 I
b000000110111000 P
#22860
b000000001001111 #
b000000001110010 $
b000000001001011 %
b000001000101110 3
b000001100111001 4
b00001000101110 5
b101000111100 6
1>
b101000111100 @
b000000001110010 S
#22864
0B
#22872
b0001110011 (
b100010000011 /
b000001100111001 0
b000000001110110 9
b000000001001101 :
b00000001110110 ;
1B
b100010000010 D
b000000110111001 I
b000000110110111 P
b000001000101101 S
#22880
0>
0B
#22888
b0001110100 (
b100010000100 /
b000001000101110 1
b000001100111001 2
b000000001110111 9
b000000001001100 :
b00000001110111 ;
1B
b100010000011 D
b000001000101110 S
#22896
0B
#22900
b000000001001100 #
b000000001110101 $
b000000001001111 %
b000001000101111 3
b000001100111000 4
b00001000101111 5
b101000111101 6
1>
b101000111101 @
b000000001110101 S
#22904
b0001110101 (
b100010000101 /
b000001100111000 0
b000000001111000 9
b000000001000100 :
b00000001111000 ;
1B
b100010000100 D
b000000110111000 I
b000000110110110 P
b000001000101110 S
#22912
0B
#22920
b0001110110 (
b100010000110 /
b000001000101111 1
b000001100111000 2
b000000001111001 9
b000000001000101 :
b00000001111001 ;
0>
1B
b100010000101 D
b000001000101111 S
#22928
0B
#22936
b0001110111 (
b100010000111 /
b000000001111010 9
b000000001000111 :
b00000001111010 ;
1B
b100010000110 D
b000000110110111 I
b000000110110101 P
#22940
b000000001000111 #
b000000001110111 $
b000000001001100 %
b000001000110000 3
b000001100101000 4
b00001000110000 5
b101000111110 6
1>
b101000111110 @
b000000001110111 S
#22944
0B
#22952
b0001111000 (
b100010001000 /
b000001100101000 0
b000000001111011 9
b000000001000110 :
b00000001111011 ;
1B
b100010000111 D
b000000110110110 I
b000000110110100 P
b000001000101111 S
#22960
0>
0B
#22968
b0001111001 (
b100010001001 /
b000001000110000 1
b000001100101000 2
b000000001111100 9
b000000001000010 :
b00000001111100 ;
1B
b100010001000 D
b000001000110000 S
#22976
0B
#22980
b000000001000010 #
b000000001111010 $
b000000001000111 %
b000001000110001 3
b000001100101001 4
b00001000110001 5
b101000111111 6
1>
b101000111111 @
b000000001111010 S
#22984
b0001111010 (
b100010001010 /
b000001100101001 0
b000000001111101 9
b000000001000011 :
b00000001111101 ;
1B
b100010001001 D
b000000110110101 I
b000000110110011 P
b000001000110000 S
#22992
0B
#23000
b0001111011 (
b100010001011 /
b000001000110001 1
b000001100101001 2
b000000001111110 9
b000000001000001 :
b00000001111110 ;
0>
1B
b100010001010 D
b000001000110001 S
#23008
0B
#23016
b0001111100 (
b100010001100 /
b000000001111111 9
b000000001000000 :
b00000001111111 ;
1B
b100010001011 D
b000000110110100 I
b000000110110010 P
#23020
b000000001000000 #
b000000001111100 $
b000000001000010 %
b000001000110010 3
b000001100101011 4
b00001000110010 5
b101001000000 6
1>
b101001000000 @
b000000001111100 S
#23024
0B
#23032
b0001111101 (
b100010001101 /
b000001100101011 0
b000000010000000 9
b000000011000000 :
b00000010000000 ;
1B
b100010001100 D
b000000110110011 I
b000000110110001 P
b000001000110001 S
#23040
0>
0B
#23048
b0001111110 (
b100010001110 /
b000001000110010 1
b000001100101011 2
b000000010000001 9
b000000011000001 :
b00000010000001 ;
1B
b100010001101 D
b000001000110010 S
#23056
0B
#23060
b000000011000001 #
b000000001111111 $
b000000001000000 %
b000001000110011 3
b000001100101010 4
b00001000110011 5
b101001000001 6
1>
b101001000001 @
b000000001111111 S
#23064
b0001111111 (
b100010001111 /
b000001100101010 0
b000000010000010 9
b000000011000011 :
b00000010000010 ;
1B
b100010001110 D
b000000110110010 I
b000000110110000 P
b000001000110010 S
#23072
0B
#23080
b0010000000 (
b100010010000 /
b000001000110011 1
b000001100101010 2
b000000010000011 9
b000000011000010 :
b00000010000011 ;
0>
1B
b100010001111 D
b000001000110011 S
#23088
0B
#23096
b0010000001 (
b100010010001 /
b000000010000100 9
b000000011000110 :
b00000010000100 ;
1B
b100010010000 D
b000000110110001 I
b000000110101111 P
#23100
b000000011000110 #
b000000010000001 $
b000000011000001 %
b000001000110100 3
b000001100101110 4
b00001000110100 5
b101001000010 6
1>
b101001000010 @
b000000010000001 S
#23104
0B
#23112
b0010000010 (
b100010010010 /
b000001100101110 0
b000000010000101 9
b000000011000111 :
b00000010000101 ;
1B
b100010010001 D
b000000110110000 I
b000000110101110 P
b000001000110011 S
#23120
0>
0B
#23128
b0010000011 (
b100010010011 /
b000001000110100 1
b000001100101110 2
b000000010000110 9
b000000011000101 :
b00000010000110 ;
1B
b100010010010 D
b000001000110100 S
#23136
0B
#23140
b000000011000101 #
b000000010000100 $
b000000011000110 %
b000001000110101 3
b000001100101111 4
b00001000110101 5
b101001000011 6
1>
b101001000011 @
b000000010000100 S
#23144
b0010000100 (
b100010010100 /
b000001100101111 0
b000000010000111 9
b000000011000100 :
b00000010000111 ;
1B
b100010010011 D
b000000110101111 I
b000000110101101 P
b000001000110100 S
#23152
0B
#23160
b0010000101 (
b100010010101 /
b000001000110101 1
b000001100101111 2
b000000010001000 9
b000000011001100 :
b00000010001000 ;
0>
1B
b100010010100 D
b000001000110101 S
#23168
0B
#23176
b0010000110 (
b100010010110 /
b000000010001001 9
b000000011001101 :
b00000010001001 ;
1B
b100010010101 D
b000000110101110 I
b000000110101100 P
#23180
b000000011001101 #
b000000010000110 $
b000000011000101 %
b000001000110110 3
b000001100101101 4
b00001000110110 5
b101001000100 6
1>
b101001000100 @
b000000010000110 S
#23184
0B
#23192
b0010000111 (
b100010010111 /
b000001100101101 0
b000000010001010 9
b000000011001111 :
b00000010001010 ;
1B
b100010010110 D
b000000110101101 I
b000000110101011 P
b000001000110101 S
#23200
0>
0B
#23208
b0010001000 (
b100010011000 /
b000001000110110 1
b000001100101101 2
b000000010001011 9
b000000011001110 :
b00000010001011 ;
1B
b100010010111 D
b000001000110110 S
#23216
0B
#23220
b000000011001110 #
b000000010001001 $
b000000011001101 %
b000001000110111 3
b000001100101100 4
b00001000110111 5
b101001000101 6
1>
b101001000101 @
b000000010001001 S
#23224
b0010001001 (
b100010011001 /
b000001100101100 0
b000000010001100 9
b000000011001010 :
b00000010001100 ;
1B
b100010011000 D
b000000110101100 I
b000000110101010 P
b000001000110110 S
#23232
0B
#23240
b0010001010 (
b100010011010 /
b000001000110111 1
b000001100101100 2
b000000010001101 9
b000000011001011 :
b00000010001101 ;
0>
1B
b100010011001 D
b000001000110111 S
#23248
0B
#23256
b0010001011 (
b100010011011 /
b000000010001110 9
b000000011001001 :
b00000010001110 ;
1B
b100010011010 D
b000000110101011 I
b000000110101001 P
#23260
b000000011001001 #
b000000010001011 $
b000000011001110 %
b000001000111000 3
b000001100100100 4
b00001000111000 5
b101001000110 6
1>
b101001000110 @
b000000010001011 S
#23264
0B
#23272
b0010001100 (
b100010011100 /
b000001100100100 0
b000000010001111 9
b000000011001000 :
b00000010001111 ;
1B
b100010011011 D
b000000110101010 I
b000000110101000 P
b000001000110111 S
#23280
0>
0B
#23288
b0010001101 (
b100010011101 /
b000001000111000 1
b000001100100100 2
b000000010010000 9
b000000011011000 :
b00000010010000 ;
1B
b100010011100 D
b000001000111000 S
#23296
0B
#23300
b000000011011000 #
b000000010001110 $
b000000011001001 %
b000001000111001 3
b000001100100101 4
b00001000111001 5
b101001000111 6
1>
b101001000111 @
b000000010001110 S
#23304
b0010001110 (
b100010011110 /
b000001100100101 0
b000000010010001 9
b000000011011001 :
b00000010010001 ;
1B
b100010011101 D
b000000110101001 I
b000000110100111 P
b000001000111000 S
#23312
0B
#23320
b0010001111 (
b100010011111 /
b000001000111001 1
b000001100100101 2
b000000010010010 9
b000000011011011 :
b00000010010010 ;
0>
1B
b100010011110 D
b000001000111001 S
#23328
0B
#23336
b0010010000 (
b100010100000 /
b000000010010011 9
b000000011011010 :
b00000010010011 ;
1B
b100010011111 D
b000000110101000 I
b000000110100110 P
#23340
b000000011011010 #
b000000010010000 $
b000000011011000 %
b000001000111010 3
b000001100100111 4
b00001000111010 5
b101001001000 6
1>
b101001001000 @
b000000010010000 S
#23344
0B
#23352
b0010010001 (
b100010100001 /
b000001100100111 0
b000000010010100 9
b000000011011110 :
b00000010010100 ;
1B
b100010100000 D
b000000110100111 I
b000000110100101 P
b000001000111001 S
#23360
0>
0B
#23368
b0010010010 (
b100010100010 /
b000001000111010 1
b000001100100111 2
b000000010010101 9
b000000011011111 :
b00000010010101 ;
1B
b100010100001 D
b000001000111010 S
#23376
0B
#23380
b000000011011111 #
b000000010010011 $
b000000011011010 %
b000001000111011 3
b000001100100110 4
b00001000111011 5
b101001001001 6
1>
b101001001001 @
b000000010010011 S
#23384
b0010010011 (
b100010100011 /
b000001100100110 0
b000000010010110 9
b000000011011101 :
b00000010010110 ;
1B
b100010100010 D
b000000110100110 I
b000000110100100 P
b000001000111010 S
#23392
0B
#23400
b0010010100 (
b100010100100 /
b000001000111011 1
b000001100100110 2
b000000010010111 9
b000000011011100 :
b00000010010111 ;
0>
1B
b100010100011 D
b000001000111011 S
#23408
0B
#23416
b0010010101 (
b100010100101 /
b000000010011000 9
b000000011010100 :
b00000010011000 ;
1B
b100010100100 D
b000000110100101 I
b000000110100011 P
#23420
b000000011010100 #
b000000010010101 $
b000000011011111 %
b000001000111100 3
b000001100100010 4
b00001000111100 5
b101001001010 6
1>
b101001001010 @
b000000010010101 S
#23424
0B
#23432
b0010010110 (
b100010100110 /
b000001100100010 0
b000000010011001 9
b000000011010101 :
b00000010011001 ;
1B
b100010100101 D
b000000110100100 I
b000000110100010 P
b000001000111011 S
#23440
0>
0B
#23448
b0010010111 (
b100010100111 /
b000001000111100 1
b000001100100010 2
b000000010011010 9
b000000011010111 :
b00000010011010 ;
1B
b100010100110 D
b000001000111100 S
#23456
0B
#23460
b000000011010111 #
b000000010011000 $
b000000011010100 %
b000001000111101 3
b000001100100011 4
b00001000111101 5
b101001001011 6
1>
b101001001011 @
b000000010011000 S
#23464
b0010011000 (
b100010101000 /
b000001100100011 0
b000000010011011 9
b000000011010110 :
b00000010011011 ;
1B
b100010100111 D
b000000110100011 I
b000000110100001 P
b000001000111100 S
#23472
0B
#23480
b0010011001 (
b100010101001 /
b000001000111101 1
b000001100100011 2
b000000010011100 9
b000000011010010 :
b00000010011100 ;
0>
1B
b100010101000 D
b000001000111101 S
#23488
0B
#23496
b0010011010 (
b100010101010 /
b000000010011101 9
b000000011010011 :
b00000010011101 ;
1B
b100010101001 D
b000000110100010 I
b000000110100000 P
#23500
b000000011010011 #
b000000010011010 $
b000000011010111 %
b000001000111110 3
b000001100100001 4
b00001000111110 5
b101001001100 6
1>
b101001001100 @
b000000010011010 S
#23504
0B
#23512
b0010011011 (
b100010101011 /
b000001100100001 0
b000000010011110 9
b000000011010001 :
b00000010011110 ;
1B
b100010101010 D
b000000110100001 I
b000000110011111 P
b000001000111101 S
#23520
0>
0B
#23528
b0010011100 (
b100010101100 /
b000001000111110 1
b000001100100001 2
b000000010011111 9
b000000011010000 :
b00000010011111 ;
1B
b100010101011 D
b000001000111110 S
#23536
0B
#23540
b000000011010000 #
b000000010011101 $
b000000011010011 %
b000001000111111 3
b000001100100000 4
b00001000111111 5
b101001001101 6
1>
b101001001101 @
b000000010011101 S
#23544
b0010011101 (
b100010101101 /
b000001100100000 0
b000000010100000 9
b000000011110000 :
b00000010100000 ;
1B
b100010101100 D
b000000110100000 I
b000000110011110 P
b000001000111110 S
#23552
0B
#23560
b0010011110 (
b100010101110 /
b000001000111111 1
b000001100100000 2
b000000010100001 9
b000000011110001 :
b00000010100001 ;
0>
1B
b100010101101 D
b000001000111111 S
#23568
0B
#23576
b0010011111 (
b100010101111 /
b000000010100010 9
b000000011110011 :
b00000010100010 ;
1B
b100010101110 D
b000000110011111 I
b000000110011101 P
#23580
b000000011110011 #
b000000010011111 $
b000000011010000 %
b000001001000000 3
b000001101100000 4
b00001001000000 5
b101001001110 6
1>
b101001001110 @
b000000010011111 S
#23584
0B
#23592
b0010100000 (
b100010110000 /
b000001101100000 0
b000000010100011 9
b000000011110010 :
b00000010100011 ;
1B
b100010101111 D
b000000110011110 I
b000000110011100 P
b000001000111111 S
#23600
0>
0B
#23608
b0010100001 (
b100010110001 /
b000001001000000 1
b000001101100000 2
b000000010100100 9
b000000011110110 :
b00000010100100 ;
1B
b100010110000 D
b000001001000000 S
#23616
0B
#23620
b000000011110110 #
b000000010100010 $
b000000011110011 %
b000001001000001 3
b000001101100001 4
b00001001000001 5
b101001001111 6
1>
b101001001111 @
b000000010100010 S
#23624
b0010100010 (
b100010110010 /
b000001101100001 0
b000000010100101 9
b000000011110111 :
b00000010100101 ;
1B
b100010110001 D
b000000110011101 I
b000000110011011 P
b000001001000000 S
#23632
0B
#23640
b0010100011 (
b100010110011 /
b000001001000001 1
b000001101100001 2
b000000010100110 9
b000000011110101 :
b00000010100110 ;
0>
1B
b100010110010 D
b000001001000001 S
#23648
0B
#23656
b0010100100 (
b100010110100 /
b000000010100111 9
b000000011110100 :
b00000010100111 ;
1B
b100010110011 D
b000000110011100 I
b000000110011010 P
#23660
b000000011110100 #
b000000010100100 $
b000000011110110 %
b000001001000010 3
b000001101100011 4
b00001001000010 5
b101001010000 6
1>
b101001010000 @
b000000010100100 S
#23664
0B
#23672
b0010100101 (
b100010110101 /
b000001101100011 0
b000000010101000 9
b000000011111100 :
b00000010101000 ;
1B
b100010110100 D
b000000110011011 I
b000000110011001 P
b000001001000001 S
#23680
0>
0B
#23688
b0010100110 (
b100010110110 /
b000001001000010 1
b000001101100011 2
b000000010101001 9
b000000011111101 :
b00000010101001 ;
1B
b100010110101 D
b000001001000010 S
#23696
0B
#23700
b000000011111101 #
b000000010100111 $
b000000011110100 %
b000001001000011 3
b000001101100010 4
b00001001000011 5
b101001010001 6
1>
b101001010001 @
b000000010100111 S
#23704
b0010100111 (
b100010110111 /
b000001101100010 0
b000000010101010 9
b000000011111111 :
b00000010101010 ;
1B
b100010110110 D
b000000110011010 I
b000000110011000 P
b000001001000010 S
#23712
0B
#23720
b0010101000 (
b100010111000 /
b000001001000011 1
b000001101100010 2
b000000010101011 9
b000000011111110 :
b00000010101011 ;
0>
1B
b100010110111 D
b000001001000011 S
#23728
0B
#23736
b0010101001 (
b100010111001 /
b000000010101100 9
b000000011111010 :
b00000010101100 ;
1B
b100010111000 D
b000000110011001 I
b000000110010111 P
#23740
b000000011111010 #
b000000010101001 $
b000000011111101 %
b000001001000100 3
b000001101100110 4
b00001001000100 5
b101001010010 6
1>
b101001010010 @
b000000010101001 S
#23744
0B
#23752
b0010101010 (
b100010111010 /
b000001101100110 0
b000000010101101 9
b000000011111011 :
b00000010101101 ;
1B
b100010111001 D
b000000110011000 I
b000000110010110 P
b000001001000011 S
#23760
0>
0B
#23768
b0010101011 (
b100010111011 /
b000001001000100 1
b000001101100110 2
b000000010101110 9
b000000011111001 :
b00000010101110 ;
1B
b100010111010 D
b000001001000100 S
#23776
0B
#23780
b000000011111001 #
b000000010101100 $
b000000011111010 %
b000001001000101 3
b000001101100111 4
b00001001000101 5
b101001010011 6
1>
b101001010011 @
b000000010101100 S
#23784
b0010101100 (
b100010111100 /
b000001101100111 0
b000000010101111 9
b000000011111000 :
b00000010101111 ;
1B
b100010111011 D
b000000110010111 I
b000000110010101 P
b000001001000100 S
#23792
0B
#23800
b0010101101 (
b100010111101 /
b000001001000101 1
b000001101100111 2
b000000010110000 9
b000000011101000 :
b00000010110000 ;
0>
1B
b100010111100 D
b000001001000101 S
#23808
0B
#23816
b0010101110 (
b100010111110 /
b000000010110001 9
b000000011101001 :
b00000010110001 ;
1B
b100010111101 D
b000000110010110 I
b000000110010100 P
#23820
b000000011101001 #
b000000010101110 $
b000000011111001 %
b000001001000110 3
b000001101100101 4
b00001001000110 5
b101001010100 6
1>
b101001010100 @
b000000010101110 S
#23824
0B
#23832
b0010101111 (
b100010111111 /
b000001101100101 0
b000000010110010 9
b000000011101011 :
b00000010110010 ;
1B
b100010111110 D
b000000110010101 I
b000000110010011 P
b000001001000101 S
#23840
0>
0B
#23848
b0010110000 (
b100011000000 /
b000001001000110 1
b000001101100101 2
b000000010110011 9
b000000011101010 :
b00000010110011 ;
1B
b100010111111 D
b000001001000110 S
#23856
0B
#23860
b000000011101010 #
b000000010110001 $
b000000011101001 %
b000001001000111 3
b000001101100100 4
b00001001000111 5
b101001010101 6
1>
b101001010101 @
b000000010110001 S
#23864
b0010110001 (
b100011000001 /
b000001101100100 0
b000000010110100 9
b000000011101110 :
b00000010110100 ;
1B
b100011000000 D
b000000110010100 I
b000000110010010 P
b000001001000110 S
#23872
0B
#23880
b0010110010 (
b100011000010 /
b000001001000111 1
b000001101100100 2
b000000010110101 9
b000000011101111 :
b00000010110101 ;
0>
1B
b100011000001 D
b000001001000111 S
#23888
0B
#23896
b0010110011 (
b100011000011 /
b000000010110110 9
b000000011101101 :
b00000010110110 ;
1B
b100011000010 D
b000000110010011 I
b000000110010001 P
#23900
b000000011101101 #
b000000010110011 $
b000000011101010 %
b000001001001000 3
b000001101101100 4
b00001001001000 5
b101001010110 6
1>
b101001010110 @
b000000010110011 S
#23904
0B
#23912
b0010110100 (
b100011000100 /
b000001101101100 0
b000000010110111 9
b000000011101100 :
b00000010110111 ;
1B
b100011000011 D
b000000110010010 I
b000000110010000 P
b000001001000111 S
#23920
0>
0B
#23928
b0010110101 (
b100011000101 /
b000001001001000 1
b000001101101100 2
b000000010111000 9
b000000011100100 :
b00000010111000 ;
1B
b100011000100 D
b000001001001000 S
#23936
0B
#23940
b000000011100100 #
b000000010110110 $
b000000011101101 %
b000001001001001 3
b000001101101101 4
b00001001001001 5
b101001010111 6
1>
b101001010111 @
b000000010110110 S
#23944
b0010110110 (
b100011000110 /
b000001101101101 0
b000000010111001 9
b000000011100101 :
b00000010111001 ;
1B
b100011000101 D
b000000110010001 I
b000000110001111 P
b000001001001000 S
#23952
0B
#23960
b0010110111 (
b100011000111 /
b000001001001001 1
b000001101101101 2
b000000010111010 9
b000000011100111 :
b00000010111010 ;
0>
1B
b100011000110 D
b000001001001001 S
#23968
0B
#23976
b0010111000 (
b100011001000 /
b000000010111011 9
b000000011100110 :
b00000010111011 ;
1B
b100011000111 D
b000000110010000 I
b000000110001110 P
#23980
b000000011100110 #
b000000010111000 $
b000000011100100 %
b000001001001010 3
b000001101101111 4
b00001001001010 5
b101001011000 6
1>
b101001011000 @
b000000010111000 S
#23984
0B
#23992
b0010111001 (
b100011001001 /
b000001101101111 0
b000000010111100 9
b000000011100010 :
b00000010111100 ;
1B
b100011001000 D
b000000110001111 I
b000000110001101 P
b000001001001001 S
#24000
0>
0B
#24008
b0010111010 (
b100011001010 /
b000001001001010 1
b000001101101111 2
b000000010111101 9
b000000011100011 :
b00000010111101 ;
1B
b100011001001 D
b000001001001010 S
#24016
0B
#24020
b000000011100011 #
b000000010111011 $
b000000011100110 %
b000001001001011 3
b000001101101110 4
b00001001001011 5
b101001011001 6
1>
b101001011001 @
b000000010111011 S
#24024
b0010111011 (
b100011001011 /
b000001101101110 0
b000000010111110 9
b000000011100001 :
b00000010111110 ;
1B
b100011001010 D
b000000110001110 I
b000000110001100 P
b000001001001010 S
#24032
0B
#24040
b0010111100 (
b100011001100 /
b000001001001011 1
b000001101101110 2
b000000010111111 9
b000000011100000 :
b00000010111111 ;
0>
1B
b100011001011 D
b000001001001011 S
#24048
0B
#24056
b0010111101 (
b100011001101 /
b000000011000000 9
b000000010100000 :
b00000011000000 ;
1B
b100011001100 D
b000000110001101 I
b000000110001011 P
#24060
b000000010100000 #
b000000010111101 $
b000000011100011 %
b000001001001100 3
b000001101101010 4
b00001001001100 5
b101001011010 6
1>
b101001011010 @
b000000010111101 S
#24064
0B
#24072
b0010111110 (
b100011001110 /
b000001101101010 0
b000000011000001 9
b000000010100001 :
b00000011000001 ;
1B
b100011001101 D
b000000110001100 I
b000000110001010 P
b000001001001011 S
#24080
0>
0B
#24088
b0010111111 (
b100011001111 /
b000001001001100 1
b000001101101010 2
b000000011000010 9
b000000010100011 :
b00000011000010 ;
1B
b100011001110 D
b000001001001100 S
#24096
0B
#24100
b000000010100011 #
b000000011000000 $
b000000010100000 %
b000001001001101 3
b000001101101011 4
b00001001001101 5
b101001011011 6
1>
b101001011011 @
b000000011000000 S
#24104
b0011000000 (
b100011010000 /
b000001101101011 0
b000000011000011 9
b000000010100010 :
b00000011000011 ;
1B
b100011001111 D
b000000110001011 I
b000000110001001 P
b000001001001100 S
#24112
0B
#24120
b0011000001 (
b100011010001 /
b000001001001101 1
b000001101101011 2
b000000011000100 9
b000000010100110 :
b00000011000100 ;
0>
1B
b100011010000 D
b000001001001101 S
#24128
0B
#24136
b0011000010 (
b100011010010 /
b000000011000101 9
b000000010100111 :
b00000011000101 ;
1B
b100011010001 D
b000000110001010 I
b000000110001000 P
#24140
b000000010100111 #
b000000011000010 $
b000000010100011 %
b000001001001110 3
b000001101101001 4
b00001001001110 5
b101001011100 6
1>
b101001011100 @
b000000011000010 S
#24144
0B
#24152
b0011000011 (
b100011010011 /
b000001101101001 0
b000000011000110 9
b000000010100101 :
b00000011000110 ;
1B
b100011010010 D
b000000110001001 I
b000000110000111 P
b000001001001101 S
#24160
0>
0B
#24168
b0011000100 (
b100011010100 /
b000001001001110 1
b000001101101001 2
b000000011000111 9
b000000010100100 :
b00000011000111 ;
1B
b100011010011 D
b000001001001110 S
#24176
0B
#24180
b000000010100100 #
b000000011000101 $
b000000010100111 %
b000001001001111 3
b000001101101000 4
b00001001001111 5
b101001011101 6
1>
b101001011101 @
b000000011000101 S
#24184
b0011000101 (
b100011010101 /
b000001101101000 0
b000000011001000 9
b000000010101100 :
b00000011001000 ;
1B
b100011010100 D
b000000110001000 I
b000000110000110 P
b000001001001110 S
#24192
0B
#24200
b0011000110 (
b100011010110 /
b000001001001111 1
b000001101101000 2
b000000011001001 9
b000000010101101 :
b00000011001001 ;
0>
1B
b100011010101 D
b000001001001111 S
#24208
0B
#24216
b0011000111 (
b100011010111 /
b000000011001010 9
b000000010101111 :
b00000011001010 ;
1B
b100011010110 D
b000000110000111 I
b000000110000101 P
#24220
b000000010101111 #
b000000011000111 $
b000000010100100 %
b000001001010000 3
b000001101111000 4
b00001001010000 5
b101001011110 6
1>
b101001011110 @
b000000011000111 S
#24224
0B
#24232
b0011001000 (
b100011011000 /
b000001101111000 0
b000000011001011 9
b000000010101110 :
b00000011001011 ;
1B
b100011010111 D
b000000110000110 I
b000000110000100 P
b000001001001111 S
#24240
0>
0B
#24248
b0011001001 (
b100011011001 /
b000001001010000 1
b000001101111000 2
b000000011001100 9
b000000010101010 :
b00000011001100 ;
1B
b100011011000 D
b000001001010000 S
#24256
0B
#24260
b000000010101010 #
b000000011001010 $
b000000010101111 %
b000001001010001 3
b000001101111001 4
b00001001010001 5
b101001011111 6
1>
b101001011111 @
b000000011001010 S
#24264
b0011001010 (
b100011011010 /
b000001101111001 0
b000000011001101 9
b000000010101011 :
b00000011001101 ;
1B
b100011011001 D
b000000110000101 I
b000000110000011 P
b000001001010000 S
#24272
0B
#24280
b0011001011 (
b100011011011 /
b000001001010001 1
b000001101111001 2
b000000011001110 9
b000000010101001 :
b00000011001110 ;
0>
1B
b100011011010 D
b000001001010001 S
#24288
0B
#24296
b0011001100 (
b100011011100 /
b000000011001111 9
b000000010101000 :
b00000011001111 ;
1B
b100011011011 D
b000000110000100 I
b000000110000010 P
#24300
b000000010101000 #
b000000011001100 $
b000000010101010 %
b000001001010010 3
b000001101111011 4
b00001001010010 5
b101001100000 6
1>
b101001100000 @
b000000011001100 S
#24304
0B
#24312
b0011001101 (
b100011011101 /
b000001101111011 0
b000000011010000 9
b000000010111000 :
b00000011010000 ;
1B
b100011011100 D
b000000110000011 I
b000000110000001 P
b000001001010001 S
#24320
0>
0B
#24328
b0011001110 (
b100011011110 /
b000001001010010 1
b000001101111011 2
b000000011010001 9
b000000010111001 :
b00000011010001 ;
1B
b100011011101 D
b000001001010010 S
#24336
0B
#24340
b000000010111001 #
b000000011001111 $
b000000010101000 %
b000001001010011 3
b000001101111010 4
b00001001010011 5
b101001100001 6
1>
b101001100001 @
b000000011001111 S
#24344
b0011001111 (
b100011011111 /
b000001101111010 0
b000000011010010 9
b000000010111011 :
b00000011010010 ;
1B
b100011011110 D
b000000110000010 I
b000000110000000 P
b000001001010010 S
#24352
0B
#24360
b0011010000 (
b100011100000 /
b000001001010011 1
b000001101111010 2
b000000011010011 9
b000000010111010 :
b00000011010011 ;
0>
1B
b100011011111 D
b000001001010011 S
#24368
0B
#24376
b0011010001 (
b100011100001 /
b000000011010100 9
b000000010111110 :
b00000011010100 ;
1B
b100011100000 D
b000000110000001 I
b000000101111111 P
#24380
b000000010111110 #
b000000011010001 $
b000000010111001 %
b000001001010100 3
b000001101111110 4
b00001001010100 5
b101001100010 6
1>
b101001100010 @
b000000011010001 S
#24384
0B
#24392
b0011010010 (
b100011100010 /
b000001101111110 0
b000000011010101 9
b000000010111111 :
b00000011010101 ;
1B
b100011100001 D
b000000110000000 I
b000000101111110 P
b000001001010011 S
#24400
0>
0B
#24408
b0011010011 (
b100011100011 /
b000001001010100 1
b000001101111110 2
b000000011010110 9
b000000010111101 :
b00000011010110 ;
1B
b100011100010 D
b000001001010100 S
#24416
0B
#24420
b000000010111101 #
b000000011010100 $
b000000010111110 %
b000001001010101 3
b000001101111111 4
b00001001010101 5
b101001100011 6
1>
b101001100011 @
b000000011010100 S
#24424
b0011010100 (
b100011100100 /
b000001101111111 0
b000000011010111 9
b000000010111100 :
b00000011010111 ;
1B
b100011100011 D
b000000101111111 I
b000000101111101 P
b000001001010100 S
#24432
0B
#24440
b0011010101 (
b100011100101 /
b000001001010101 1
b000001101111111 2
b000000011011000 9
b000000010110100 :
b00000011011000 ;
0>
1B
b100011100100 D
b000001001010101 S
#24448
0B
#24456
b0011010110 (
b100011100110 /
b000000011011001 9
b000000010110101 :
b00000011011001 ;
1B
b100011100101 D
b000000101111110 I
b000000101111100 P
#24460
b000000010110101 #
b000000011010110 $
b000000010111101 %
b000001001010110 3
b000001101111101 4
b00001001010110 5
b101001100100 6
1>
b101001100100 @
b000000011010110 S
#24464
0B
#24472
b0011010111 (
b100011100111 /
b000001101111101 0
b000000011011010 9
b000000010110111 :
b00000011011010 ;
1B
b100011100110 D
b000000101111101 I
b000000101111011 P
b000001001010101 S
#24480
0>
0B
#24488
b0011011000 (
b100011101000 /
b000001001010110 1
b000001101111101 2
b000000011011011 9
b000000010110110 :
b00000011011011 ;
1B
b100011100111 D
b000001001010110 S
#24496
0B
#24500
b000000010110110 #
b000000011011001 $
b000000010110101 %
b000001001010111 3
b000001101111100 4
b00001001010111 5
b101001100101 6
1>
b101001100101 @
b000000011011001 S
#24504
b0011011001 (
b100011101001 /
b000001101111100 0
b000000011011100 9
b000000010110010 :
b00000011011100 ;
1B
b100011101000 D
b000000101111100 I
b000000101111010 P
b000001001010110 S
#24512
0B
#24520
b0011011010 (
b100011101010 /
b000001001010111 1
b000001101111100 2
b000000011011101 9
b000000010110011 :
b00000011011101 ;
0>
1B
b100011101001 D
b000001001010111 S
#24528
0B
#24536
b0011011011 (
b100011101011 /
b000000011011110 9
b000000010110001 :
b00000011011110 ;
1B
b100011101010 D
b000000101111011 I
b000000101111001 P
#24540
b000000010110001 #
b000000011011011 $
b000000010110110 %
b000001001011000 3
b000001101110100 4
b00001001011000 5
b101001100110 6
1>
b101001100110 @
b000000011011011 S
#24544
0B
#24552
b0011011100 (
b100011101100 /
b000001101110100 0
b000000011011111 9
b000000010110000 :
b00000011011111 ;
1B
b100011101011 D
b000000101111010 I
b000000101111000 P
b000001001010111 S
#24560
0>
0B
#24568
b0011011101 (
b100011101101 /
b000001001011000 1
b000001101110100 2
b000000011100000 9
b000000010010000 :
b00000011100000 ;
1B
b100011101100 D
b000001001011000 S
#24576
0B
#24580
b000000010010000 #
b000000011011110 $
b000000010110001 %
b000001001011001 3
b000001101110101 4
b00001001011001 5
b101001100111 6
1>
b101001100111 @
b000000011011110 S
#24584
b0011011110 (
b100011101110 /
b000001101110101 0
b000000011100001 9
b000000010010001 :
b00000011100001 ;
1B
b100011101101 D
b000000101111001 I
b000000101110111 P
b000001001011000 S
#24592
0B
#24600
b0011011111 (
b100011101111 /
b000001001011001 1
b000001101110101 2
b000000011100010 9
b000000010010011 :
b00000011100010 ;
0>
1B
b100011101110 D
b000001001011001 S
#24608
0B
#24616
b0011100000 (
b100011110000 /
b000000011100011 9
b000000010010010 :
b00000011100011 ;
1B
b100011101111 D
b000000101111000 I
b000000101110110 P
#24620
b000000010010010 #
b000000011100000 $
b000000010010000 %
b000001001011010 3
b000001101110111 4
b00001001011010 5
b101001101000 6
1>
b101001101000 @
b000000011100000 S
#24624
0B
#24632
b0011100001 (
b100011110001 /
b000001101110111 0
b000000011100100 9
b000000010010110 :
b00000011100100 ;
1B
b100011110000 D
b000000101110111 I
b000000101110101 P
b000001001011001 S
#24640
0>
0B
#24648
b0011100010 (
b100011110010 /
b000001001011010 1
b000001101110111 2
b000000011100101 9
b000000010010111 :
b00000011100101 ;
1B
b100011110001 D
b000001001011010 S
#24656
0B
#24660
b000000010010111 #
b000000011100011 $
b000000010010010 %
b000001001011011 3
b000001101110110 4
b00001001011011 5
b101001101001 6
1>
b101001101001 @
b000000011100011 S
#24664
b0011100011 (
b100011110011 /
b000001101110110 0
b000000011100110 9
b000000010010101 :
b00000011100110 ;
1B
b100011110010 D
b000000101110110 I
b000000101110100 P
b000001001011010 S
#24672
0B
#24680
b0011100100 (
b100011110100 /
b000001001011011 1
b000001101110110 2
b000000011100111 9
b000000010010100 :
b00000011100111 ;
0>
1B
b100011110011 D
b000001001011011 S
#24688
0B
#24696
b0011100101 (
b100011110101 /
b000000011101000 9
b000000010011100 :
b00000011101000 ;
1B
b100011110100 D
b000000101110101 I
b000000101110011 P
#24700
b000000010011100 #
b000000011100101 $
b000000010010111 %
b000001001011100 3
b000001101110010 4
b00001001011100 5
b101001101010 6
1>
b101001101010 @
b000000011100101 S
#24704
0B
#24712
b0011100110 (
b100011110110 /
b000001101110010 0
b000000011101001 9
b000000010011101 :
b00000011101001 ;
1B
b100011110101 D
b000000101110100 I
b000000101110010 P
b000001001011011 S
#24720
0>
0B
#24728
b0011100111 (
b100011110111 /
b000001001011100 1
b000001101110010 2
b000000011101010 9
b000000010011111 :
b00000011101010 ;
1B
b100011110110 D
b000001001011100 S
#24736
0B
#24740
b000000010011111 #
b000000011101000 $
b000000010011100 %
b000001001011101 3
b000001101110011 4
b00001001011101 5
b101001101011 6
1>
b101001101011 @
b000000011101000 S
#24744
b0011101000 (
b100011111000 /
b000001101110011 0
b000000011101011 9
b000000010011110 :
b00000011101011 ;
1B
b100011110111 D
b000000101110011 I
b000000101110001 P
b000001001011100 S
#24752
0B
#24760
b0011101001 (
b100011111001 /
b000001001011101 1
b000001101110011 2
b000000011101100 9
b000000010011010 :
b00000011101100 ;
0>
1B
b100011111000 D
b000001001011101 S
#24768
0B
#24776
b0011101010 (
b100011111010 /
b000000011101101 9
b000000010011011 :
b00000011101101 ;
1B
b100011111001 D
b000000101110010 I
b000000101110000 P
#24780
b000000010011011 #
b000000011101010 $
b000000010011111 %
b000001001011110 3
b000001101110001 4
b00001001011110 5
b101001101100 6
1>
b101001101100 @
b000000011101010 S
#24784
0B
#24792
b0011101011 (
b100011111011 /
b000001101110001 0
b000000011101110 9
b000000010011001 :
b00000011101110 ;
1B
b100011111010 D
b000000101110001 I
b000000101101111 P
b000001001011101 S
#24800
0>
0B
#24808
b0011101100 (
b100011111100 /
b000001001011110 1
b000001101110001 2
b000000011101111 9
b000000010011000 :
b00000011101111 ;
1B
b100011111011 D
b000001001011110 S
#24816
0B
#24820
b000000010011000 #
b000000011101101 $
b000000010011011 %
b000001001011111 3
b000001101110000 4
b00001001011111 5
b101001101101 6
1>
b101001101101 @
b000000011101101 S
#24824
b0011101101 (
b100011111101 /
b000001101110000 0
b000000011110000 9
b000000010001000 :
b00000011110000 ;
1B
b100011111100 D
b000000101110000 I
b000000101101110 P
b000001001011110 S
#24832
0B
#24840
b0011101110 (
b100011111110 /
b000001001011111 1
b000001101110000 2
b000000011110001 9
b000000010001001 :
b00000011110001 ;
0>
1B
b100011111101 D
b000001001011111 S
#24848
0B
#24856
b0011101111 (
b100011111111 /
b000000011110010 9
b000000010001011 :
b00000011110010 ;
1B
b100011111110 D
b000000101101111 I
b000000101101101 P
#24860
b000000010001011 #
b000000011101111 $
b000000010011000 %
b000001001100000 3
b000001101010000 4
b00001001100000 5
b101001101110 6
1>
b101001101110 @
b000000011101111 S
#24864
0B
#24872
b0011110000 (
b100100000000 /
b000001101010000 0
b000000011110011 9
b000000010001010 :
b00000011110011 ;
1B
b100011111111 D
b000000101101110 I
b000000101101100 P
b000001001011111 S
#24880
0>
0B
#24888
b0011110001 (
b100100000001 /
b000001001100000 1
b000001101010000 2
b000000011110100 9
b000000010001110 :
b00000011110100 ;
1B
b100100000000 D
b000001001100000 S
#24896
0B
#24900
b000000010001110 #
b000000011110010 $
b000000010001011 %
b000001001100001 3
b000001101010001 4
b00001001100001 5
b101001101111 6
1>
b101001101111 @
b000000011110010 S
#24904
b0011110010 (
b100100000010 /
b000001101010001 0
b000000011110101 9
b000000010001111 :
b00000011110101 ;
1B
b100100000001 D
b000000101101101 I
b000000101101011 P
b000001001100000 S
#24912
0B
#24920
b0011110011 (
b100100000011 /
b000001001100001 1
b000001101010001 2
b000000011110110 9
b000000010001101 :
b00000011110110 ;
0>
1B
b100100000010 D
b000001001100001 S
#24928
0B
#24936
b0011110100 (
b100100000100 /
b000000011110111 9
b000000010001100 :
b00000011110111 ;
1B
b100100000011 D
b000000101101100 I
b000000101101010 P
#24940
b000000010001100 #
b000000011110100 $
b000000010001110 %
b000001001100010 3
b000001101010011 4
b00001001100010 5
b101001110000 6
1>
b101001110000 @
b000000011110100 S
#24944
0B
#24952
b0011110101 (
b100100000101 /
b000001101010011 0
b000000011111000 9
b000000010000100 :
b00000011111000 ;
1B
b100100000100 D
b000000101101011 I
b000000101101001 P
b000001001100001 S
#24960
0>
0B
#24968
b0011110110 (
b100100000110 /
b000001001100010 1
b000001101010011 2
b000000011111001 9
b000000010000101 :
b00000011111001 ;
1B
b100100000101 D
b000001001100010 S
#24976
0B
#24980
b000000010000101 #
b000000011110111 $
b000000010001100 %
b000001001100011 3
b000001101010010 4
b00001001100011 5
b101001110001 6
1>
b101001110001 @
b000000011110111 S
#24984
b0011110111 (
b100100000111 /
b000001101010010 0
b000000011111010 9
b000000010000111 :
b00000011111010 ;
1B
b100100000110 D
b000000101101010 I
b000000101101000 P
b000001001100010 S
#24992
0B
#25000
b0011111000 (
b100100001000 /
b000001001100011 1
b000001101010010 2
b000000011111011 9
b000000010000110 :
b00000011111011 ;
0>
1B
b100100000111 D
b000001001100011 S
#25008
0B
#25016
b0011111001 (
b100100001001 /
b000000011111100 9
b000000010000010 :
b00000011111100 ;
1B
b100100001000 D
b000000101101001 I
b000000101100111 P
#25020
b000000010000010 #
b000000011111001 $
b000000010000101 %
b000001001100100 3
b000001101010110 4
b00001001100100 5
b101001110010 6
1>
b101001110010 @
b000000011111001 S
#25024
0B
#25032
b0011111010 (
b100100001010 /
b000001101010110 0
b000000011111101 9
b000000010000011 :
b00000011111101 ;
1B
b100100001001 D
b000000101101000 I
b000000101100110 P
b000001001100011 S
#25040
0>
0B
#25048
b0011111011 (
b100100001011 /
b000001001100100 1
b000001101010110 2
b000000011111110 9
b000000010000001 :
b00000011111110 ;
1B
b100100001010 D
b000001001100100 S
#25056
0B
#25060
b000000010000001 #
b000000011111100 $
b000000010000010 %
b000001001100101 3
b000001101010111 4
b00001001100101 5
b101001110011 6
1>
b101001110011 @
b000000011111100 S
#25064
b0011111100 (
b100100001100 /
b000001101010111 0
b000000011111111 9
b000000010000000 :
b00000011111111 ;
1B
b100100001011 D
b000000101100111 I
b000000101100101 P
b000001001100100 S
#25072
0B
#25080
b0011111101 (
b100100001101 /
b000001001100101 1
b000001101010111 2
b000000100000000 9
b000000110000000 :
b00000100000000 ;
0>
1B
b100100001100 D
b000001001100101 S
#25088
0B
#25096
b0011111110 (
b100100001110 /
b000000100000001 9
b000000110000001 :
b00000100000001 ;
1B
b100100001101 D
b000000101100110 I
b000000101100100 P
#25100
b000000110000001 #
b000000011111110 $
b000000010000001 %
b000001001100110 3
b000001101010101 4
b00001001100110 5
b101001110100 6
1>
b101001110100 @
b000000011111110 S
#25104
0B
#25112
b0011111111 (
b100100001111 /
b000001101010101 0
b000000100000010 9
b000000110000011 :
b00000100000010 ;
1B
b100100001110 D
b000000101100101 I
b000000101100011 P
b000001001100101 S
#25120
0>
0B
#25128
b0100000000 (
b100100010000 /
b000001001100110 1
b000001101010101 2
b000000100000011 9
b000000110000010 :
b00000100000011 ;
1B
b100100001111 D
b000001001100110 S
#25136
0B
#25140
b000000110000010 #
b000000100000001 $
b000000110000001 %
b000001001100111 3
b000001101010100 4
b00001001100111 5
b101001110101 6
1>
b101001110101 @
b000000100000001 S
#25144
b0100000001 (
b100100010001 /
b000001101010100 0
b000000100000100 9
b000000110000110 :
b00000100000100 ;
1B
b100100010000 D
b000000101100100 I
b000000101100010 P
b000001001100110 S
#25152
0B
#25160
b0100000010 (
b100100010010 /
b000001001100111 1
b000001101010100 2
b000000100000101 9
b000000110000111 :
b00000100000101 ;
0>
1B
b100100010001 D
b000001001100111 S
#25168
0B
#25176
b0100000011 (
b100100010011 /
b000000100000110 9
b000000110000101 :
b00000100000110 ;
1B
b100100010010 D
b000000101100011 I
b000000101100001 P
#25180
b000000110000101 #
b000000100000011 $
b000000110000010 %
b000001001101000 3
b000001101011100 4
b00001001101000 5
b101001110110 6
1>
b101001110110 @
b000000100000011 S
#25184
0B
#25192
b0100000100 (
b100100010100 /
b000001101011100 0
b000000100000111 9
b000000110000100 :
b00000100000111 ;
1B
b100100010011 D
b000000101100010 I
b000000101100000 P
b000001001100111 S
#25200
0>
0B
#25208
b0100000101 (
b100100010101 /
b000001001101000 1
b000001101011100 2
b000000100001000 9
b000000110001100 :
b00000100001000 ;
1B
b100100010100 D
b000001001101000 S
#25216
0B
#25220
b000000110001100 #
b000000100000110 $
b000000110000101 %
b000001001101001 3
b000001101011101 4
b00001001101001 5
b101001110111 6
1>
b101001110111 @
b000000100000110 S
#25224
b0100000110 (
b100100010110 /
b000001101011101 0
b000000100001001 9
b000000110001101 :
b00000100001001 ;
1B
b100100010101 D
b000000101100001 I
b000000101011111 P
b000001001101000 S
#25232
0B
#25240
b0100000111 (
b100100010111 /
b000001001101001 1
b000001101011101 2
b000000100001010 9
b000000110001111 :
b00000100001010 ;
0>
1B
b100100010110 D
b000001001101001 S
#25248
0B
#25256
b0100001000 (
b100100011000 /
b000000100001011 9
b000000110001110 :
b00000100001011 ;
1B
b100100010111 D
b000000101100000 I
b000000101011110 P
#25260
b000000110001110 #
b000000100001000 $
b000000110001100 %
b000001001101010 3
b000001101011111 4
b00001001101010 5
b101001111000 6
1>
b101001111000 @
b000000100001000 S
#25264
0B
#25272
b0100001001 (
b100100011001 /
b000001101011111 0
b000000100001100 9
b000000110001010 :
b00000100001100 ;
1B
b100100011000 D
b000000101011111 I
b000000101011101 P
b000001001101001 S
#25280
0>
0B
#25288
b0100001010 (
b100100011010 /
b000001001101010 1
b000001101011111 2
b000000100001101 9
b000000110001011 :
b00000100001101 ;
1B
b100100011001 D
b000001001101010 S
#25296
0B
#25300
b000000110001011 #
b000000100001011 $
b000000110001110 %
b000001001101011 3
b000001101011110 4
b00001001101011 5
b101001111001 6
1>
b101001111001 @
b000000100001011 S
#25304
b0100001011 (
b100100011011 /
b000001101011110 0
b000000100001110 9
b000000110001001 :
b00000100001110 ;
1B
b100100011010 D
b000000101011110 I
b000000101011100 P
b000001001101010 S
#25312
0B
#25320
b0100001100 (
b100100011100 /
b000001001101011 1
b000001101011110 2
b000000100001111 9
b000000110001000 :
b00000100001111 ;
0>
1B
b100100011011 D
b000001001101011 S
#25328
0B
#25336
b0100001101 (
b100100011101 /
b000000100010000 9
b000000110011000 :
b00000100010000 ;
1B
b100100011100 D
b000000101011101 I
b000000101011011 P
#25340
b000000110011000 #
b000000100001101 $
b000000110001011 %
b000001001101100 3
b000001101011010 4
b00001001101100 5
b101001111010 6
1>
b101001111010 @
b000000100001101 S
#25344
0B
#25352
b0100001110 (
b100100011110 /
b000001101011010 0
b000000100010001 9
b000000110011001 :
b00000100010001 ;
1B
b100100011101 D
b000000101011100 I
b000000101011010 P
b000001001101011 S
#25360
0>
0B
#25368
b0100001111 (
b100100011111 /
b000001001101100 1
b000001101011010 2
b000000100010010 9
b000000110011011 :
b00000100010010 ;
1B
b100100011110 D
b000001001101100 S
#25376
0B
#25380
b000000110011011 #
b000000100010000 $
b000000110011000 %
b000001001101101 3
b000001101011011 4
b00001001101101 5
b101001111011 6
1>
b101001111011 @
b000000100010000 S
#25384
b0100010000 (
b100100100000 /
b000001101011011 0
b000000100010011 9
b000000110011010 :
b00000100010011 ;
1B
b100100011111 D
b000000101011011 I
b000000101011001 P
b000001001101100 S
#25392
0B
#25400
b0100010001 (
b100100100001 /
b000001001101101 1
b000001101011011 2
b000000100010100 9
b000000110011110 :
b00000100010100 ;
0>
1B
b100100100000 D
b000001001101101 S
#25408
0B
#25416
b0100010010 (
b100100100010 /
b000000100010101 9
b000000110011111 :
b00000100010101 ;
1B
b100100100001 D
b000000101011010 I
b000000101011000 P
#25420
b000000110011111 #
b000000100010010 $
b000000110011011 %
b000001001101110 3
b000001101011001 4
b00001001101110 5
b101001111100 6
1>
b101001111100 @
b000000100010010 S
#25424
0B
#25432
b0100010011 (
b100100100011 /
b000001101011001 0
b000000100010110 9
b000000110011101 :
b00000100010110 ;
1B
b100100100010 D
b000000101011001 I
b000000101010111 P
b000001001101101 S
#25440
0>
0B
#25448
b0100010100 (
b100100100100 /
b000001001101110 1
b000001101011001 2
b000000100010111 9
b000000110011100 :
b00000100010111 ;
1B
b100100100011 D
b000001001101110 S
#25456
0B
#25460
b000000110011100 #
b000000100010101 $
b000000110011111 %
b000001001101111 3
b000001101011000 4
b00001001101111 5
b101001111101 6
1>
b101001111101 @
b000000100010101 S
#25464
b0100010101 (
b100100100101 /
b000001101011000 0
b000000100011000 9
b000000110010100 :
b00000100011000 ;
1B
b100100100100 D
b000000101011000 I
b000000101010110 P
b000001001101110 S
#25472
0B
#25480
b0100010110 (
b100100100110 /
b000001001101111 1
b000001101011000 2
b000000100011001 9
b000000110010101 :
b00000100011001 ;
0>
1B
b100100100101 D
b000001001101111 S
#25488
0B
#25496
b0100010111 (
b100100100111 /
b000000100011010 9
b000000110010111 :
b00000100011010 ;
1B
b100100100110 D
b000000101010111 I
b000000101010101 P
#25500
b000000110010111 #
b000000100010111 $
b000000110011100 %
b000001001110000 3
b000001101001000 4
b00001001110000 5
b101001111110 6
1>
b101001111110 @
b000000100010111 S
#25504
0B
#25512
b0100011000 (
b100100101000 /
b000001101001000 0
b000000100011011 9
b000000110010110 :
b00000100011011 ;
1B
b100100100111 D
b000000101010110 I
b000000101010100 P
b000001001101111 S
#25520
0>
0B
#25528
b0100011001 (
b100100101001 /
b000001001110000 1
b000001101001000 2
b000000100011100 9
b000000110010010 :
b00000100011100 ;
1B
b100100101000 D
b000001001110000 S
#25536
0B
#25540
b000000110010010 #
b000000100011010 $
b000000110010111 %
b000001001110001 3
b000001101001001 4
b00001001110001 5
b101001111111 6
1>
b101001111111 @
b000000100011010 S
#25544
b0100011010 (
b100100101010 /
b000001101001001 0
b000000100011101 9
b000000110010011 :
b00000100011101 ;
1B
b100100101001 D
b000000101010101 I
b000000101010011 P
b000001001110000 S
#25552
0B
#25560
b0100011011 (
b100100101011 /
b000001001110001 1
b000001101001001 2
b000000100011110 9
b000000110010001 :
b00000100011110 ;
0>
1B
b100100101010 D
b000001001110001 S
#25568
0B
#25576
b0100011100 (
b100100101100 /
b000000100011111 9
b000000110010000 :
b00000100011111 ;
1B
b100100101011 D
b000000101010100 I
b000000101010010 P
#25580
b000000110010000 #
b000000100011100 $
b000000110010010 %
b000001001110010 3
b000001101001011 4
b00001001110010 5
b101010000000 6
1>
b101010000000 @
b000000100011100 S
#25584
0B
#25592
b0100011101 (
b100100101101 /
b000001101001011 0
b000000100100000 9
b000000110110000 :
b00000100100000 ;
1B
b100100101100 D
b000000101010011 I
b000000101010001 P
b000001001110001 S
#25600
0>
0B
#25608
b0100011110 (
b100100101110 /
b000001001110010 1
b000001101001011 2
b000000100100001 9
b000000110110001 :
b00000100100001 ;
1B
b100100101101 D
b000001001110010 S
#25616
0B
#25620
b000000110110001 #
b000000100011111 $
b000000110010000 %
b000001001110011 3
b000001101001010 4
b00001001110011 5
b101010000001 6
1>
b101010000001 @
b000000100011111 S
#25624
b0100011111 (
b100100101111 /
b000001101001010 0
b000000100100010 9
b000000110110011 :
b00000100100010 ;
1B
b100100101110 D
b000000101010010 I
b000000101010000 P
b000001001110010 S
#25632
0B
#25640
b0100100000 (
b100100110000 /
b000001001110011 1
b000001101001010 2
b000000100100011 9
b000000110110010 :
b00000100100011 ;
0>
1B
b100100101111 D
b000001001110011 S
#25648
0B
#25656
b0100100001 (
b100100110001 /
b000000100100100 9
b000000110110110 :
b00000100100100 ;
1B
b100100110000 D
b000000101010001 I
b000000101001111 P
#25660
b000000110110110 #
b000000100100001 $
b000000110110001 %
b000001001110100 3
b000001101001110 4
b00001001110100 5
b101010000010 6
1>
b101010000010 @
b000000100100001 S
#25664
0B
#25672
b0100100010 (
b100100110010 /
b000001101001110 0
b000000100100101 9
b000000110110111 :
b00000100100101 ;
1B
b100100110001 D
b000000101010000 I
b000000101001110 P
b000001001110011 S
#25680
0>
0B
#25688
b0100100011 (
b100100110011 /
b000001001110100 1
b000001101001110 2
b000000100100110 9
b000000110110101 :
b00000100100110 ;
1B
b100100110010 D
b000001001110100 S
#25696
0B
#25700
b000000110110101 #
b000000100100100 $
b000000110110110 %
b000001001110101 3
b000001101001111 4
b00001001110101 5
b101010000011 6
1>
b101010000011 @
b000000100100100 S
#25704
b0100100100 (
b100100110100 /
b000001101001111 0
b000000100100111 9
b000000110110100 :
b00000100100111 ;
1B
b100100110011 D
b000000101001111 I
b000000101001101 P
b000001001110100 S
#25712
0B
#25720
b0100100101 (
b100100110101 /
b000001001110101 1
b000001101001111 2
b000000100101000 9
b000000110111100 :
b00000100101000 ;
0>
1B
b100100110100 D
b000001001110101 S
#25728
0B
#25736
b0100100110 (
b100100110110 /
b000000100101001 9
b000000110111101 :
b00000100101001 ;
1B
b100100110101 D
b000000101001110 I
b000000101001100 P
#25740
b000000110111101 #
b000000100100110 $
b000000110110101 %
b000001001110110 3
b000001101001101 4
b00001001110110 5
b101010000100 6
1>
b101010000100 @
b000000100100110 S
#25744
0B
#25752
b0100100111 (
b100100110111 /
b000001101001101 0
b000000100101010 9
b000000110111111 :
b00000100101010 ;
1B
b100100110110 D
b000000101001101 I
b000000101001011 P
b000001001110101 S
#25760
0>
0B
#25768
b0100101000 (
b100100111000 /
b000001001110110 1
b000001101001101 2
b000000100101011 9
b000000110111110 :
b00000100101011 ;
1B
b100100110111 D
b000001001110110 S
#25776
0B
#25780
b000000110111110 #
b000000100101001 $
b000000110111101 %
b000001001110111 3
b000001101001100 4
b00001001110111 5
b101010000101 6
1>
b101010000101 @
b000000100101001 S
#25784
b0100101001 (
b100100111001 /
b000001101001100 0
b000000100101100 9
b000000110111010 :
b00000100101100 ;
1B
b100100111000 D
b000000101001100 I
b000000101001010 P
b000001001110110 S
#25792
0B
#25800
b0100101010 (
b100100111010 /
b000001001110111 1
b000001101001100 2
b000000100101101 9
b000000110111011 :
b00000100101101 ;
0>
1B
b100100111001 D
b000001001110111 S
#25808
0B
#25816
b0100101011 (
b100100111011 /
b000000100101110 9
b000000110111001 :
b00000100101110 ;
1B
b100100111010 D
b000000101001011 I
b000000101001001 P
#25820
b000000110111001 #
b000000100101011 $
b000000110111110 %
b000001001111000 3
b000001101000100 4
b00001001111000 5
b101010000110 6
1>
b101010000110 @
b000000100101011 S
#25824
0B
#25832
b0100101100 (
b100100111100 /
b000001101000100 0
b000000100101111 9
b000000110111000 :
b00000100101111 ;
1B
b100100111011 D
b000000101001010 I
b000000101001000 P
b000001001110111 S
#25840
0>
0B
#25848
b0100101101 (
b100100111101 /
b000001001111000 1
b000001101000100 2
b000000100110000 9
b000000110101000 :
b00000100110000 ;
1B
b100100111100 D
b000001001111000 S
#25856
0B
#25860
b000000110101000 #
b000000100101110 $
b000000110111001 %
b000001001111001 3
b000001101000101 4
b00001001111001 5
b101010000111 6
1>
b101010000111 @
b000000100101110 S
#25864
b0100101110 (
b100100111110 /
b000001101000101 0
b000000100110001 9
b000000110101001 :
b00000100110001 ;
1B
b100100111101 D
b000000101001001 I
b000000101000111 P
b000001001111000 S
#25872
0B
#25880
b0100101111 (
b100100111111 /
b000001001111001 1
b000001101000101 2
b000000100110010 9
b000000110101011 :
b00000100110010 ;
0>
1B
b100100111110 D
b000001001111001 S
#25888
0B
#25896
b0100110000 (
b100101000000 /
b000000100110011 9
b000000110101010 :
b00000100110011 ;
1B
b100100111111 D
b000000101001000 I
b000000101000110 P
#25900
b000000110101010 #
b000000100110000 $
b000000110101000 %
b000001001111010 3
b000001101000111 4
b00001001111010 5
b101010001000 6
1>
b101010001000 @
b000000100110000 S
#25904
0B
#25912
b0100110001 (
b100101000001 /
b000001101000111 0
b000000100110100 9
b000000110101110 :
b00000100110100 ;
1B
b100101000000 D
b000000101000111 I
b000000101000101 P
b000001001111001 S
#25920
0>
0B
#25928
b0100110010 (
b100101000010 /
b000001001111010 1
b000001101000111 2
b000000100110101 9
b000000110101111 :
b00000100110101 ;
1B
b100101000001 D
b000001001111010 S
#25936
0B
#25940
b000000110101111 #
b000000100110011 $
b000000110101010 %
b000001001111011 3
b000001101000110 4
b00001001111011 5
b101010001001 6
1>
b101010001001 @
b000000100110011 S
#25944
b0100110011 (
b100101000011 /
b000001101000110 0
b000000100110110 9
b000000110101101 :
b00000100110110 ;
1B
b100101000010 D
b000000101000110 I
b000000101000100 P
b000001001111010 S
#25952
0B
#25960
b0100110100 (
b100101000100 /
b000001001111011 1
b000001101000110 2
b000000100110111 9
b000000110101100 :
b00000100110111 ;
0>
1B
b100101000011 D
b000001001111011 S
#25968
0B
#25976
b0100110101 (
b100101000101 /
b000000100111000 9
b000000110100100 :
b00000100111000 ;
1B
b100101000100 D
b000000101000101 I
b000000101000011 P
#25980
b000000110100100 #
b000000100110101 $
b000000110101111 %
b000001001111100 3
b000001101000010 4
b00001001111100 5
b101010001010 6
1>
b101010001010 @
b000000100110101 S
#25984
0B
#25992
b0100110110 (
b100101000110 /
b000001101000010 0
b000000100111001 9
b000000110100101 :
b00000100111001 ;
1B
b100101000101 D
b000000101000100 I
b000000101000010 P
b000001001111011 S
#26000
0>
0B
#26008
b0100110111 (
b100101000111 /
b000001001111100 1
b000001101000010 2
b000000100111010 9
b000000110100111 :
b00000100111010 ;
1B
b100101000110 D
b000001001111100 S
#26016
0B
#26020
b000000110100111 #
b000000100111000 $
b000000110100100 %
b000001001111101 3
b000001101000011 4
b00001001111101 5
b101010001011 6
1>
b101010001011 @
b000000100111000 S
#26024
b0100111000 (
b100101001000 /
b000001101000011 0
b000000100111011 9
b000000110100110 :
b00000100111011 ;
1B
b100101000111 D
b000000101000011 I
b000000101000001 P
b000001001111100 S
#26032
0B
#26040
b0100111001 (
b100101001001 /
b000001001111101 1
b000001101000011 2
b000000100111100 9
b000000110100010 :
b00000100111100 ;
0>
1B
b100101001000 D
b000001001111101 S
#26048
0B
#26056
b0100111010 (
b100101001010 /
b000000100111101 9
b000000110100011 :
b00000100111101 ;
1B
b100101001001 D
b000000101000010 I
b000000101000000 P
#26060
b000000110100011 #
b000000100111010 $
b000000110100111 %
b000001001111110 3
b000001101000001 4
b00001001111110 5
b101010001100 6
1>
b101010001100 @
b000000100111010 S
#26064
0B
#26072
b0100111011 (
b100101001011 /
b000001101000001 0
b000000100111110 9
b000000110100001 :
b00000100111110 ;
1B
b100101001010 D
b000000101000001 I
b000000100111111 P
b000001001111101 S
#26080
0>
0B
#26088
b0100111100 (
b100101001100 /
b000001001111110 1
b000001101000001 2
b000000100111111 9
b000000110100000 :
b00000100111111 ;
1B
b100101001011 D
b000001001111110 S
#26096
0B
#26100
b000000110100000 #
b000000100111101 $
b000000110100011 %
b000001001111111 3
b000001101000000 4
b00001001111111 5
b101010001101 6
1>
b101010001101 @
b000000100111101 S
#26104
b0100111101 (
b100101001101 /
b000001101000000 0
b000000101000000 9
b000000111100000 :
b00000101000000 ;
1B
b100101001100 D
b000000101000000 I
b000000100111110 P
b000001001111110 S
#26112
0B
#26120
b0100111110 (
b100101001110 /
b000001001111111 1
b000001101000000 2
b000000101000001 9
b000000111100001 :
b00000101000001 ;
0>
1B
b100101001101 D
b000001001111111 S
#26128
0B
#26136
b0100111111 (
b100101001111 /
b000000101000010 9
b000000111100011 :
b00000101000010 ;
1B
b100101001110 D
b000000100111111 I
b000000100111101 P
#26140
b000000111100011 #
b000000100111111 $
b000000110100000 %
b000001010000000 3
b000001111000000 4
b00001010000000 5
b101010001110 6
1>
b101010001110 @
b000000100111111 S
#26144
0B
#26152
b0101000000 (
b100101010000 /
b000001111000000 0
b000000101000011 9
b000000111100010 :
b00000101000011 ;
1B
b100101001111 D
b000000100111110 I
b000000100111100 P
b000001001111111 S
#26160
0>
0B
#26168
b0101000001 (
b100101010001 /
b000001010000000 1
b000001111000000 2
b000000101000100 9
b000000111100110 :
b00000101000100 ;
1B
b100101010000 D
b000001010000000 S
#26176
0B
#26180
b000000111100110 #
b000000101000010 $
b000000111100011 %
b000001010000001 3
b000001111000001 4
b00001010000001 5
b101010001111 6
1>
b101010001111 @
b000000101000010 S
#26184
b0101000010 (
b100101010010 /
b000001111000001 0
b000000101000101 9
b000000111100111 :
b00000101000101 ;
1B
b100101010001 D
b000000100111101 I
b000000100111011 P
b000001010000000 S
#26192
0B
#26200
b0101000011 (
b100101010011 /
b000001010000001 1
b000001111000001 2
b000000101000110 9
b000000111100101 :
b00000101000110 ;
0>
1B
b100101010010 D
b000001010000001 S
#26208
0B
#26216
b0101000100 (
b100101010100 /
b000000101000111 9
b000000111100100 :
b00000101000111 ;
1B
b100101010011 D
b000000100111100 I
b000000100111010 P
#26220
b000000111100100 #
b000000101000100 $
b000000111100110 %
b000001010000010 3
b000001111000011 4
b00001010000010 5
b101010010000 6
1>
b101010010000 @
b000000101000100 S
#26224
0B
#26232
b0101000101 (
b100101010101 /
b000001111000011 0
b000000101001000 9
b000000111101100 :
b00000101001000 ;
1B
b100101010100 D
b000000100111011 I
b000000100111001 P
b000001010000001 S
#26240
0>
0B
#26248
b0101000110 (
b100101010110 /
b000001010000010 1
b000001111000011 2
b000000101001001 9
b000000111101101 :
b00000101001001 ;
1B
b100101010101 D
b000001010000010 S
#26256
0B
#26260
b000000111101101 #
b000000101000111 $
b000000111100100 %
b000001010000011 3
b000001111000010 4
b00001010000011 5
b101010010001 6
1>
b101010010001 @
b000000101000111 S
#26264
b0101000111 (
b100101010111 /
b000001111000010 0
b000000101001010 9
b000000111101111 :
b00000101001010 ;
1B
b100101010110 D
b000000100111010 I
b000000100111000 P
b000001010000010 S
#26272
0B
#26280
b0101001000 (
b100101011000 /
b000001010000011 1
b000001111000010 2
b000000101001011 9
b000000111101110 :
b00000101001011 ;
0>
1B
b100101010111 D
b000001010000011 S
#26288
0B
#26296
b0101001001 (
b100101011001 /
b000000101001100 9
b000000111101010 :
b00000101001100 ;
1B
b100101011000 D
b000000100111001 I
b000000100110111 P
#26300
b000000111101010 #
b000000101001001 $
b000000111101101 %
b000001010000100 3
b000001111000110 4
b00001010000100 5
b101010010010 6
1>
b101010010010 @
b000000101001001 S
#26304
0B
#26312
b0101001010 (
b100101011010 /
b000001111000110 0
b000000101001101 9
b000000111101011 :
b00000101001101 ;
1B
b100101011001 D
b000000100111000 I
b000000100110110 P
b000001010000011 S
#26320
0>
0B
#26328
b0101001011 (
b100101011011 /
b000001010000100 1
b000001111000110 2
b000000101001110 9
b000000111101001 :
b00000101001110 ;
1B
b100101011010 D
b000001010000100 S
#26336
0B
#26340
b000000111101001 #
b000000101001100 $
b000000111101010 %
b000001010000101 3
b000001111000111 4
b00001010000101 5
b101010010011 6
1>
b101010010011 @
b000000101001100 S
#26344
b0101001100 (
b100101011100 /
b000001111000111 0
b000000101001111 9
b000000111101000 :
b00000101001111 ;
1B
b100101011011 D
b000000100110111 I
b000000100110101 P
b000001010000100 S
#26352
0B
#26360
b0101001101 (
b100101011101 /
b000001010000101 1
b000001111000111 2
b000000101010000 9
b000000111111000 :
b00000101010000 ;
0>
1B
b100101011100 D
b000001010000101 S
#26368
0B
#26376
b0101001110 (
b100101011110 /
b000000101010001 9
b000000111111001 :
b00000101010001 ;
1B
b100101011101 D
b000000100110110 I
b000000100110100 P
#26380
b000000111111001 #
b000000101001110 $
b000000111101001 %
b000001010000110 3
b000001111000101 4
b00001010000110 5
b101010010100 6
1>
b101010010100 @
b000000101001110 S
#26384
0B
#26392
b0101001111 (
b100101011111 /
b000001111000101 0
b000000101010010 9
b000000111111011 :
b00000101010010 ;
1B
b100101011110 D
b000000100110101 I
b000000100110011 P
b000001010000101 S
#26400
0>
0B
#26408
b0101010000 (
b100101100000 /
b000001010000110 1
b000001111000101 2
b000000101010011 9
b000000111111010 :
b00000101010011 ;
1B
b100101011111 D
b000001010000110 S
#26416
0B
#26420
b000000111111010 #
b000000101010001 $
b000000111111001 %
b000001010000111 3
b000001111000100 4
b00001010000111 5
b101010010101 6
1>
b101010010101 @
b000000101010001 S
#26424
b0101010001 (
b100101100001 /
b000001111000100 0
b000000101010100 9
b000000111111110 :
b00000101010100 ;
1B
b100101100000 D
b000000100110100 I
b000000100110010 P
b000001010000110 S
#26432
0B
#26440
b0101010010 (
b100101100010 /
b000001010000111 1
b000001111000100 2
b000000101010101 9
b000000111111111 :
b00000101010101 ;
0>
1B
b100101100001 D
b000001010000111 S
#26448
0B
#26456
b0101010011 (
b100101100011 /
b000000101010110 9
b000000111111101 :
b00000101010110 ;
1B
b100101100010 D
b000000100110011 I
b000000100110001 P
#26460
b000000111111101 #
b000000101010011 $
b000000111111010 %
b000001010001000 3
b000001111001100 4
b00001010001000 5
b101010010110 6
1>
b101010010110 @
b000000101010011 S
#26464
0B
#26472
b0101010100 (
b100101100100 /
b000001111001100 0
b000000101010111 9
b000000111111100 :
b00000101010111 ;
1B
b100101100011 D
b000000100110010 I
b000000100110000 P
b000001010000111 S
#26480
0>
0B
#26488
b0101010101 (
b100101100101 /
b000001010001000 1
b000001111001100 2
b000000101011000 9
b000000111110100 :
b00000101011000 ;
1B
b100101100100 D
b000001010001000 S
#26496
0B
#26500
b000000111110100 #
b000000101010110 $
b000000111111101 %
b000001010001001 3
b000001111001101 4
b00001010001001 5
b101010010111 6
1>
b101010010111 @
b000000101010110 S
#26504
b0101010110 (
b100101100110 /
b000001111001101 0
b000000101011001 9
b000000111110101 :
b00000101011001 ;
1B
b100101100101 D
b000000100110001 I
b000000100101111 P
b000001010001000 S
#26512
0B
#26520
b0101010111 (
b100101100111 /
b000001010001001 1
b000001111001101 2
b000000101011010 9
b000000111110111 :
b00000101011010 ;
0>
1B
b100101100110 D
b000001010001001 S
#26528
0B
#26536
b0101011000 (
b100101101000 /
b000000101011011 9
b000000111110110 :
b00000101011011 ;
1B
b100101100111 D
b000000100110000 I
b000000100101110 P
#26540
b000000111110110 #
b000000101011000 $
b000000111110100 %
b000001010001010 3
b000001111001111 4
b00001010001010 5
b101010011000 6
1>
b101010011000 @
b000000101011000 S
#26544
0B
#26552
b0101011001 (
b100101101001 /
b000001111001111 0
b000000101011100 9
b000000111110010 :
b00000101011100 ;
1B
b100101101000 D
b000000100101111 I
b000000100101101 P
b000001010001001 S
#26560
0>
0B
#26568
b0101011010 (
b100101101010 /
b000001010001010 1
b000001111001111 2
b000000101011101 9
b000000111110011 :
b00000101011101 ;
1B
b100101101001 D
b000001010001010 S
#26576
0B
#26580
b000000111110011 #
b000000101011011 $
b000000111110110 %
b000001010001011 3
b000001111001110 4
b00001010001011 5
b101010011001 6
1>
b101010011001 @
b000000101011011 S
#26584
b0101011011 (
b100101101011 /
b000001111001110 0
b000000101011110 9
b000000111110001 :
b00000101011110 ;
1B
b100101101010 D
b000000100101110 I
b000000100101100 P
b000001010001010 S
#26592
0B
#26600
b0101011100 (
b100101101100 /
b000001010001011 1
b000001111001110 2
b000000101011111 9
b000000111110000 :
b00000101011111 ;
0>
1B
b100101101011 D
b000001010001011 S
#26608
0B
#26616
b0101011101 (
b100101101101 /
b000000101100000 9
b000000111010000 :
b00000101100000 ;
1B
b100101101100 D
b000000100101101 I
b000000100101011 P
#26620
b000000111010000 #
b000000101011101 $
b000000111110011 %
b000001010001100 3
b000001111001010 4
b00001010001100 5
b101010011010 6
1>
b101010011010 @
b000000101011101 S
#26624
0B
#26632
b0101011110 (
b100101101110 /
b000001111001010 0
b000000101100001 9
b000000111010001 :
b00000101100001 ;
1B
b100101101101 D
b000000100101100 I
b000000100101010 P
b000001010001011 S
#26640
0>
0B
#26648
b0101011111 (
b100101101111 /
b000001010001100 1
b000001111001010 2
b000000101100010 9
b000000111010011 :
b00000101100010 ;
1B
b100101101110 D
b000001010001100 S
#26656
0B
#26660
b000000111010011 #
b000000101100000 $
b000000111010000 %
b000001010001101 3
b000001111001011 4
b00001010001101 5
b101010011011 6
1>
b101010011011 @
b000000101100000 S
#26664
b0101100000 (
b100101110000 /
b000001111001011 0
b000000101100011 9
b000000111010010 :
b00000101100011 ;
1B
b100101101111 D
b000000100101011 I
b000000100101001 P
b000001010001100 S
#26672
0B
#26680
b0101100001 (
b100101110001 /
b000001010001101 1
b000001111001011 2
b000000101100100 9
b000000111010110 :
b00000101100100 ;
0>
1B
b100101110000 D
b000001010001101 S
#26688
0B
#26696
b0101100010 (
b100101110010 /
b000000101100101 9
b000000111010111 :
b00000101100101 ;
1B
b100101110001 D
b000000100101010 I
b000000100101000 P
#26700
b000000111010111 #
b000000101100010 $
b000000111010011 %
b000001010001110 3
b000001111001001 4
b00001010001110 5
b101010011100 6
1>
b101010011100 @
b000000101100010 S
#26704
0B
#26712
b0101100011 (
b100101110011 /
b000001111001001 0
b000000101100110 9
b000000111010101 :
b00000101100110 ;
1B
b100101110010 D
b000000100101001 I
b000000100100111 P
b000001010001101 S
#26720
0>
0B
#26728
b0101100100 (
b100101110100 /
b000001010001110 1
b000001111001001 2
b000000101100111 9
b000000111010100 :
b00000101100111 ;
1B
b100101110011 D
b000001010001110 S
#26736
0B
#26740
b000000111010100 #
b000000101100101 $
b000000111010111 %
b000001010001111 3
b000001111001000 4
b00001010001111 5
b101010011101 6
1>
b101010011101 @
b000000101100101 S
#26744
b0101100101 (
b100101110101 /
b000001111001000 0
b000000101101000 9
b000000111011100 :
b00000101101000 ;
1B
b100101110100 D
b000000100101000 I
b000000100100110 P
b000001010001110 S
#26752
0B
#26760
b0101100110 (
b100101110110 /
b000001010001111 1
b000001111001000 2
b000000101101001 9
b000000111011101 :
b00000101101001 ;
0>
1B
b100101110101 D
b000001010001111 S
#26768
0B
#26776
b0101100111 (
b100101110111 /
b000000101101010 9
b000000111011111 :
b00000101101010 ;
1B
b100101110110 D
b000000100100111 I
b000000100100101 P
#26780
b000000111011111 #
b000000101100111 $
b000000111010100 %
b000001010010000 3
b000001111011000 4
b00001010010000 5
b101010011110 6
1>
b101010011110 @
b000000101100111 S
#26784
0B
#26792
b0101101000 (
b100101111000 /
b000001111011000 0
b000000101101011 9
b000000111011110 :
b00000101101011 ;
1B
b100101110111 D
b000000100100110 I
b000000100100100 P
b000001010001111 S
#26800
0>
0B
#26808
b0101101001 (
b100101111001 /
b000001010010000 1
b000001111011000 2
b000000101101100 9
b000000111011010 :
b00000101101100 ;
1B
b100101111000 D
b000001010010000 S
#26816
0B
#26820
b000000111011010 #
b000000101101010 $
b000000111011111 %
b000001010010001 3
b000001111011001 4
b00001010010001 5
b101010011111 6
1>
b101010011111 @
b000000101101010 S
#26824
b0101101010 (
b100101111010 /
b000001111011001 0
b000000101101101 9
b000000111011011 :
b00000101101101 ;
1B
b100101111001 D
b000000100100101 I
b000000100100011 P
b000001010010000 S
#26832
0B
#26840
b0101101011 (
b100101111011 /
b000001010010001 1
b000001111011001 2
b000000101101110 9
b000000111011001 :
b00000101101110 ;
0>
1B
b100101111010 D
b000001010010001 S
#26848
0B
#26856
b0101101100 (
b100101111100 /
b000000101101111 9
b000000111011000 :
b00000101101111 ;
1B
b100101111011 D
b000000100100100 I
b000000100100010 P
#26860
b000000111011000 #
b000000101101100 $
b000000111011010 %
b000001010010010 3
b000001111011011 4
b00001010010010 5
b101010100000 6
1>
b101010100000 @
b000000101101100 S
#26864
0B
#26872
b0101101101 (
b100101111101 /
b000001111011011 0
b000000101110000 9
b000000111001000 :
b00000101110000 ;
1B
b100101111100 D
b000000100100011 I
b000000100100001 P
b000001010010001 S
#26880
0>
0B
#26888
b0101101110 (
b100101111110 /
b000001010010010 1
b000001111011011 2
b000000101110001 9
b000000111001001 :
b00000101110001 ;
1B
b100101111101 D
b000001010010010 S
#26896
0B
#26900
b000000111001001 #
b000000101101111 $
b000000111011000 %
b000001010010011 3
b000001111011010 4
b00001010010011 5
b101010100001 6
1>
b101010100001 @
b000000101101111 S
#26904
b0101101111 (
b100101111111 /
b000001111011010 0
b000000101110010 9
b000000111001011 :
b00000101110010 ;
1B
b100101111110 D
b000000100100010 I
b000000100100000 P
b000001010010010 S
#26912
0B
#26920
b0101110000 (
b100110000000 /
b000001010010011 1
b000001111011010 2
b000000101110011 9
b000000111001010 :
b00000101110011 ;
0>
1B
b100101111111 D
b000001010010011 S
#26928
0B
#26936
b0101110001 (
b100110000001 /
b000000101110100 9
b000000111001110 :
b00000101110100 ;
1B
b100110000000 D
b000000100100001 I
b000000100011111 P
#26940
b000000111001110 #
b000000101110001 $
b000000111001001 %
b000001010010100 3
b000001111011110 4
b00001010010100 5
b101010100010 6
1>
b101010100010 @
b000000101110001 S
#26944
0B
#26952
b0101110010 (
b100110000010 /
b000001111011110 0
b000000101110101 9
b000000111001111 :
b00000101110101 ;
1B
b100110000001 D
b000000100100000 I
b000000100011110 P
b000001010010011 S
#26960
0>
0B
#26968
b0101110011 (
b100110000011 /
b000001010010100 1
b000001111011110 2
b000000101110110 9
b000000111001101 :
b00000101110110 ;
1B
b100110000010 D
b000001010010100 S
#26976
0B
#26980
b000000111001101 #
b000000101110100 $
b000000111001110 %
b000001010010101 3
b000001111011111 4
b00001010010101 5
b101010100011 6
1>
b101010100011 @
b000000101110100 S
#26984
b0101110100 (
b100110000100 /
b000001111011111 0
b000000101110111 9
b000000111001100 :
b00000101110111 ;
1B
b100110000011 D
b000000100011111 I
b000000100011101 P
b000001010010100 S
#26992
0B
#27000
b0101110101 (
b100110000101 /
b000001010010101 1
b000001111011111 2
b000000101111000 9
b000000111000100 :
b00000101111000 ;
0>
1B
b100110000100 D
b000001010010101 S
#27008
0B
#27016
b0101110110 (
b100110000110 /
b000000101111001 9
b000000111000101 :
b00000101111001 ;
1B
b100110000101 D
b000000100011110 I
b000000100011100 P
#27020
b000000111000101 #
b000000101110110 $
b000000111001101 %
b000001010010110 3
b000001111011101 4
b00001010010110 5
b101010100100 6
1>
b101010100100 @
b000000101110110 S
#27024
0B
#27032
b0101110111 (
b100110000111 /
b000001111011101 0
b000000101111010 9
b000000111000111 :
b00000101111010 ;
1B
b100110000110 D
b000000100011101 I
b000000100011011 P
b000001010010101 S
#27040
0>
0B
#27048
b0101111000 (
b100110001000 /
b000001010010110 1
b000001111011101 2
b000000101111011 9
b000000111000110 :
b00000101111011 ;
1B
b100110000111 D
b000001010010110 S
#27056
0B
#27060
b000000111000110 #
b000000101111001 $
b000000111000101 %
b000001010010111 3
b000001111011100 4
b00001010010111 5
b101010100101 6
1>
b101010100101 @
b000000101111001 S
#27064
b0101111001 (
b100110001001 /
b000001111011100 0
b000000101111100 9
b000000111000010 :
b00000101111100 ;
1B
b100110001000 D
b000000100011100 I
b000000100011010 P
b000001010010110 S
#27072
0B
#27080
b0101111010 (
b100110001010 /
b000001010010111 1
b000001111011100 2
b000000101111101 9
b000000111000011 :
b00000101111101 ;
0>
1B
b100110001001 D
b000001010010111 S
#27088
0B
#27096
b0101111011 (
b100110001011 /
b000000101111110 9
b000000111000001 :
b00000101111110 ;
1B
b100110001010 D
b000000100011011 I
b000000100011001 P
#27100
b000000111000001 #
b000000101111011 $
b000000111000110 %
b000001010011000 3
b000001111010100 4
b00001010011000 5
b101010100110 6
1>
b101010100110 @
b000000101111011 S
#27104
0B
#27112
b0101111100 (
b100110001100 /
b000001111010100 0
b000000101111111 9
b000000111000000 :
b00000101111111 ;
1B
b100110001011 D
b000000100011010 I
b000000100011000 P
b000001010010111 S
#27120
0>
0B
#27128
b0101111101 (
b100110001101 /
b000001010011000 1
b000001111010100 2
b000000110000000 9
b000000101000000 :
b00000110000000 ;
1B
b100110001100 D
b000001010011000 S
#27136
0B
#27140
b000000101000000 #
b000000101111110 $
b000000111000001 %
b000001010011001 3
b000001111010101 4
b00001010011001 5
b101010100111 6
1>
b101010100111 @
b000000101111110 S
#27144
b0101111110 (
b100110001110 /
b000001111010101 0
b000000110000001 9
b000000101000001 :
b00000110000001 ;
1B
b100110001101 D
b000000100011001 I
b000000100010111 P
b000001010011000 S
#27152
0B
#27160
b0101111111 (
b100110001111 /
b000001010011001 1
b000001111010101 2
b000000110000010 9
b000000101000011 :
b00000110000010 ;
0>
1B
b100110001110 D
b000001010011001 S
#27168
0B
#27176
b0110000000 (
b100110010000 /
b000000110000011 9
b000000101000010 :
b00000110000011 ;
1B
b100110001111 D
b000000100011000 I
b000000100010110 P
#27180
b000000101000010 #
b000000110000000 $
b000000101000000 %
b000001010011010 3
b000001111010111 4
b00001010011010 5
b101010101000 6
1>
b101010101000 @
b000000110000000 S
#27184
0B
#27192
b0110000001 (
b100110010001 /
b000001111010111 0
b000000110000100 9
b000000101000110 :
b00000110000100 ;
1B
b100110010000 D
b000000100010111 I
b000000100010101 P
b000001010011001 S
#27200
0>
0B
#27208
b0110000010 (
b100110010010 /
b000001010011010 1
b000001111010111 2
b000000110000101 9
b000000101000111 :
b00000110000101 ;
1B
b100110010001 D
b000001010011010 S
#27216
0B
#27220
b000000101000111 #
b000000110000011 $
b000000101000010 %
b000001010011011 3
b000001111010110 4
b00001010011011 5
b101010101001 6
1>
b101010101001 @
b000000110000011 S
#27224
b0110000011 (
b100110010011 /
b000001111010110 0
b000000110000110 9
b000000101000101 :
b00000110000110 ;
1B
b100110010010 D
b000000100010110 I
b000000100010100 P
b000001010011010 S
#27232
0B
#27240
b0110000100 (
b100110010100 /
b000001010011011 1
b000001111010110 2
b000000110000111 9
b000000101000100 :
b00000110000111 ;
0>
1B
b100110010011 D
b000001010011011 S
#27248
0B
#27256
b0110000101 (
b100110010101 /
b000000110001000 9
b000000101001100 :
b00000110001000 ;
1B
b100110010100 D
b000000100010101 I
b000000100010011 P
#27260
b000000101001100 #
b000000110000101 $
b000000101000111 %
b000001010011100 3
b000001111010010 4
b00001010011100 5
b101010101010 6
1>
b101010101010 @
b000000110000101 S
#27264
0B
#27272
b0110000110 (
b100110010110 /
b000001111010010 0
b000000110001001 9
b000000101001101 :
b00000110001001 ;
1B
b100110010101 D
b000000100010100 I
b000000100010010 P
b000001010011011 S
#27280
0>
0B
#27288
b0110000111 (
b100110010111 /
b000001010011100 1
b000001111010010 2
b000000110001010 9
b000000101001111 :
b00000110001010 ;
1B
b100110010110 D
b000001010011100 S
#27296
0B
#27300
b000000101001111 #
b000000110001000 $
b000000101001100 %
b000001010011101 3
b000001111010011 4
b00001010011101 5
b101010101011 6
1>
b101010101011 @
b000000110001000 S
#27304
b0110001000 (
b100110011000 /
b000001111010011 0
b000000110001011 9
b000000101001110 :
b00000110001011 ;
1B
b100110010111 D
b000000100010011 I
b000000100010001 P
b000001010011100 S
#27312
0B
#27320
b0110001001 (
b100110011001 /
b000001010011101 1
b000001111010011 2
b000000110001100 9
b000000101001010 :
b00000110001100 ;
0>
1B
b100110011000 D
b000001010011101 S
#27328
0B
#27336
b0110001010 (
b100110011010 /
b000000110001101 9
b000000101001011 :
b00000110001101 ;
1B
b100110011001 D
b000000100010010 I
b000000100010000 P
#27340
b000000101001011 #
b000000110001010 $
b000000101001111 %
b000001010011110 3
b000001111010001 4
b00001010011110 5
b101010101100 6
1>
b101010101100 @
b000000110001010 S
#27344
0B
#27352
b0110001011 (
b100110011011 /
b000001111010001 0
b000000110001110 9
b000000101001001 :
b00000110001110 ;
1B
b100110011010 D
b000000100010001 I
b000000100001111 P
b000001010011101 S
#27360
0>
0B
#27368
b0110001100 (
b100110011100 /
b000001010011110 1
b000001111010001 2
b000000110001111 9
b000000101001000 :
b00000110001111 ;
1B
b100110011011 D
b000001010011110 S
#27376
0B
#27380
b000000101001000 #
b000000110001101 $
b000000101001011 %
b000001010011111 3
b000001111010000 4
b00001010011111 5
b101010101101 6
1>
b101010101101 @
b000000110001101 S
#27384
b0110001101 (
b100110011101 /
b000001111010000 0
b000000110010000 9
b000000101011000 :
b00000110010000 ;
1B
b100110011100 D
b000000100010000 I
b000000100001110 P
b000001010011110 S
#27392
0B
#27400
b0110001110 (
b100110011110 /
b000001010011111 1
b000001111010000 2
b000000110010001 9
b000000101011001 :
b00000110010001 ;
0>
1B
b100110011101 D
b000001010011111 S
#27408
0B
#27416
b0110001111 (
b100110011111 /
b000000110010010 9
b000000101011011 :
b00000110010010 ;
1B
b100110011110 D
b000000100001111 I
b000000100001101 P
#27420
b000000101011011 #
b000000110001111 $
b000000101001000 %
b000001010100000 3
b000001111110000 4
b00001010100000 5
b101010101110 6
1>
b101010101110 @
b000000110001111 S
#27424
0B
#27432
b0110010000 (
b100110100000 /
b000001111110000 0
b000000110010011 9
b000000101011010 :
b00000110010011 ;
1B
b100110011111 D
b000000100001110 I
b000000100001100 P
b000001010011111 S
#27440
0>
0B
#27448
b0110010001 (
b100110100001 /
b000001010100000 1
b000001111110000 2
b000000110010100 9
b000000101011110 :
b00000110010100 ;
1B
b100110100000 D
b000001010100000 S
#27456
0B
#27460
b000000101011110 #
b000000110010010 $
b000000101011011 %
b000001010100001 3
b000001111110001 4
b00001010100001 5
b101010101111 6
1>
b101010101111 @
b000000110010010 S
#27464
b0110010010 (
b100110100010 /
b000001111110001 0
b000000110010101 9
b000000101011111 :
b00000110010101 ;
1B
b100110100001 D
b000000100001101 I
b000000100001011 P
b000001010100000 S
#27472
0B
#27480
b0110010011 (
b100110100011 /
b000001010100001 1
b000001111110001 2
b000000110010110 9
b000000101011101 :
b00000110010110 ;
0>
1B
b100110100010 D
b000001010100001 S
#27488
0B
#27496
b0110010100 (
b100110100100 /
b000000110010111 9
b000000101011100 :
b00000110010111 ;
1B
b100110100011 D
b000000100001100 I
b000000100001010 P
#27500
b000000101011100 #
b000000110010100 $
b000000101011110 %
b000001010100010 3
b000001111110011 4
b00001010100010 5
b101010110000 6
1>
b101010110000 @
b000000110010100 S
#27504
0B
#27512
b0110010101 (
b100110100101 /
b000001111110011 0
b000000110011000 9
b000000101010100 :
b00000110011000 ;
1B
b100110100100 D
b000000100001011 I
b000000100001001 P
b000001010100001 S
#27520
0>
0B
#27528
b0110010110 (
b100110100110 /
b000001010100010 1
b000001111110011 2
b000000110011001 9
b000000101010101 :
b00000110011001 ;
1B
b100110100101 D
b000001010100010 S
#27536
0B
#27540
b000000101010101 #
b000000110010111 $
b000000101011100 %
b000001010100011 3
b000001111110010 4
b00001010100011 5
b101010110001 6
1>
b101010110001 @
b000000110010111 S
#27544
b0110010111 (
b100110100111 /
b000001111110010 0
b000000110011010 9
b000000101010111 :
b00000110011010 ;
1B
b100110100110 D
b000000100001010 I
b000000100001000 P
b000001010100010 S
#27552
0B
#27560
b0110011000 (
b100110101000 /
b000001010100011 1
b000001111110010 2
b000000110011011 9
b000000101010110 :
b00000110011011 ;
0>
1B
b100110100111 D
b000001010100011 S
#27568
0B
#27576
b0110011001 (
b100110101001 /
b000000110011100 9
b000000101010010 :
b00000110011100 ;
1B
b100110101000 D
b000000100001001 I
b000000100000111 P
#27580
b000000101010010 #
b000000110011001 $
b000000101010101 %
b000001010100100 3
b000001111110110 4
b00001010100100 5
b101010110010 6
1>
b101010110010 @
b000000110011001 S
#27584
0B
#27592
b0110011010 (
b100110101010 /
b000001111110110 0
b000000110011101 9
b000000101010011 :
b00000110011101 ;
1B
b100110101001 D
b000000100001000 I
b000000100000110 P
b000001010100011 S
#27600
0>
0B
#27608
b0110011011 (
b100110101011 /
b000001010100100 1
b000001111110110 2
b000000110011110 9
b000000101010001 :
b00000110011110 ;
1B
b100110101010 D
b000001010100100 S
#27616
0B
#27620
b000000101010001 #
b000000110011100 $
b000000101010010 %
b000001010100101 3
b000001111110111 4
b00001010100101 5
b101010110011 6
1>
b101010110011 @
b000000110011100 S
#27624
b0110011100 (
b100110101100 /
b000001111110111 0
b000000110011111 9
b000000101010000 :
b00000110011111 ;
1B
b100110101011 D
b000000100000111 I
b000000100000101 P
b000001010100100 S
#27632
0B
#27640
b0110011101 (
b100110101101 /
b000001010100101 1
b000001111110111 2
b000000110100000 9
b000000101110000 :
b00000110100000 ;
0>
1B
b100110101100 D
b000001010100101 S
#27648
0B
#27656
b0110011110 (
b100110101110 /
b000000110100001 9
b000000101110001 :
b00000110100001 ;
1B
b100110101101 D
b000000100000110 I
b000000100000100 P
#27660
b000000101110001 #
b000000110011110 $
b000000101010001 %
b000001010100110 3
b000001111110101 4
b00001010100110 5
b101010110100 6
1>
b101010110100 @
b000000110011110 S
#27664
0B
#27672
b0110011111 (
b100110101111 /
b000001111110101 0
b000000110100010 9
b000000101110011 :
b00000110100010 ;
1B
b100110101110 D
b000000100000101 I
b000000100000011 P
b000001010100101 S
#27680
0>
0B
#27688
b0110100000 (
b100110110000 /
b000001010100110 1
b000001111110101 2
b000000110100011 9
b000000101110010 :
b00000110100011 ;
1B
b100110101111 D
b000001010100110 S
#27696
0B
#27700
b000000101110010 #
b000000110100001 $
b000000101110001 %
b000001010100111 3
b000001111110100 4
b00001010100111 5
b101010110101 6
1>
b101010110101 @
b000000110100001 S
#27704
b0110100001 (
b100110110001 /
b000001111110100 0
b000000110100100 9
b000000101110110 :
b00000110100100 ;
1B
b100110110000 D
b000000100000100 I
b000000100000010 P
b000001010100110 S
#27712
0B
#27720
b0110100010 (
b100110110010 /
b000001010100111 1
b000001111110100 2
b000000110100101 9
b000000101110111 :
b00000110100101 ;
0>
1B
b100110110001 D
b000001010100111 S
#27728
0B
#27736
b0110100011 (
b100110110011 /
b000000110100110 9
b000000101110101 :
b00000110100110 ;
1B
b100110110010 D
b000000100000011 I
b000000100000001 P
#27740
b000000101110101 #
b000000110100011 $
b000000101110010 %
b000001010101000 3
b000001111111100 4
b00001010101000 5
b101010110110 6
1>
b101010110110 @
b000000110100011 S
#27744
0B
#27752
b0110100100 (
b100110110100 /
b000001111111100 0
b000000110100111 9
b000000101110100 :
b00000110100111 ;
1B
b100110110011 D
b000000100000010 I
b000000100000000 P
b000001010100111 S
#27760
0>
0B
#27768
b0110100101 (
b100110110101 /
b000001010101000 1
b000001111111100 2
b000000110101000 9
b000000101111100 :
b00000110101000 ;
1B
b100110110100 D
b000001010101000 S
#27776
0B
#27780
b000000101111100 #
b000000110100110 $
b000000101110101 %
b000001010101001 3
b000001111111101 4
b00001010101001 5
b101010110111 6
1>
b101010110111 @
b000000110100110 S
#27784
b0110100110 (
b100110110110 /
b000001111111101 0
b000000110101001 9
b000000101111101 :
b00000110101001 ;
1B
b100110110101 D
b000000100000001 I
b000000011111111 P
b000001010101000 S
#27792
0B
#27800
b0110100111 (
b100110110111 /
b000001010101001 1
b000001111111101 2
b000000110101010 9
b000000101111111 :
b00000110101010 ;
0>
1B
b100110110110 D
b000001010101001 S
#27808
0B
#27816
b0110101000 (
b100110111000 /
b000000110101011 9
b000000101111110 :
b00000110101011 ;
1B
b100110110111 D
b000000100000000 I
b000000011111110 P
#27820
b000000101111110 #
b000000110101000 $
b000000101111100 %
b000001010101010 3
b000001111111111 4
b00001010101010 5
b101010111000 6
1>
b101010111000 @
b000000110101000 S
#27824
0B
#27832
b0110101001 (
b100110111001 /
b000001111111111 0
b000000110101100 9
b000000101111010 :
b00000110101100 ;
1B
b100110111000 D
b000000011111111 I
b000000011111101 P
b000001010101001 S
#27840
0>
0B
#27848
b0110101010 (
b100110111010 /
b000001010101010 1
b000001111111111 2
b000000110101101 9
b000000101111011 :
b00000110101101 ;
1B
b100110111001 D
b000001010101010 S
#27856
0B
#27860
b000000101111011 #
b000000110101011 $
b000000101111110 %
b000001010101011 3
b000001111111110 4
b00001010101011 5
b101010111001 6
1>
b101010111001 @
b000000110101011 S
#27864
b0110101011 (
b100110111011 /
b000001111111110 0
b000000110101110 9
b000000101111001 :
b00000110101110 ;
1B
b100110111010 D
b000000011111110 I
b000000011111100 P
b000001010101010 S
#27872
0B
#27880
b0110101100 (
b100110111100 /
b000001010101011 1
b000001111111110 2
b000000110101111 9
b000000101111000 :
b00000110101111 ;
0>
1B
b100110111011 D
b000001010101011 S
#27888
0B
#27896
b0110101101 (
b100110111101 /
b000000110110000 9
b000000101101000 :
b00000110110000 ;
1B
b100110111100 D
b000000011111101 I
b000000011111011 P
#27900
b000000101101000 #
b000000110101101 $
b000000101111011 %
b000001010101100 3
b000001111111010 4
b00001010101100 5
b101010111010 6
1>
b101010111010 @
b000000110101101 S
#27904
0B
#27912
b0110101110 (
b100110111110 /
b000001111111010 0
b000000110110001 9
b000000101101001 :
b00000110110001 ;
1B
b100110111101 D
b000000011111100 I
b000000011111010 P
b000001010101011 S
#27920
0>
0B
#27928
b0110101111 (
b100110111111 /
b000001010101100 1
b000001111111010 2
b000000110110010 9
b000000101101011 :
b00000110110010 ;
1B
b100110111110 D
b000001010101100 S
#27936
0B
#27940
b000000101101011 #
b000000110110000 $
b000000101101000 %
b000001010101101 3
b000001111111011 4
b00001010101101 5
b101010111011 6
1>
b101010111011 @
b000000110110000 S
#27944
b0110110000 (
b100111000000 /
b000001111111011 0
b000000110110011 9
b000000101101010 :
b00000110110011 ;
1B
b100110111111 D
b000000011111011 I
b000000011111001 P
b000001010101100 S
#27952
0B
#27960
b0110110001 (
b100111000001 /
b000001010101101 1
b000001111111011 2
b000000110110100 9
b000000101101110 :
b00000110110100 ;
0>
1B
b100111000000 D
b000001010101101 S
#27968
0B
#27976
b0110110010 (
b100111000010 /
b000000110110101 9
b000000101101111 :
b00000110110101 ;
1B
b100111000001 D
b000000011111010 I
b000000011111000 P
#27980
b000000101101111 #
b000000110110010 $
b000000101101011 %
b000001010101110 3
b000001111111001 4
b00001010101110 5
b101010111100 6
1>
b101010111100 @
b000000110110010 S
#27984
0B
#27992
b0110110011 (
b100111000011 /
b000001111111001 0
b000000110110110 9
b000000101101101 :
b00000110110110 ;
1B
b100111000010 D
b000000011111001 I
b000000011110111 P
b000001010101101 S
#28000
0>
0B
#28008
b0110110100 (
b100111000100 /
b000001010101110 1
b000001111111001 2
b000000110110111 9
b000000101101100 :
b00000110110111 ;
1B
b100111000011 D
b000001010101110 S
#28016
0B
#28020
b000000101101100 #
b000000110110101 $
b000000101101111 %
b000001010101111 3
b000001111111000 4
b00001010101111 5
b101010111101 6
1>
b101010111101 @
b000000110110101 S
#28024
b0110110101 (
b100111000101 /
b000001111111000 0
b000000110111000 9
b000000101100100 :
b00000110111000 ;
1B
b100111000100 D
b000000011111000 I
b000000011110110 P
b000001010101110 S
#28032
0B
#28040
b0110110110 (
b100111000110 /
b000001010101111 1
b000001111111000 2
b000000110111001 9
b000000101100101 :
b00000110111001 ;
0>
1B
b100111000101 D
b000001010101111 S
#28048
0B
#28056
b0110110111 (
b100111000111 /
b000000110111010 9
b000000101100111 :
b00000110111010 ;
1B
b100111000110 D
b000000011110111 I
b000000011110101 P
#28060
b000000101100111 #
b000000110110111 $
b000000101101100 %
b000001010110000 3
b000001111101000 4
b00001010110000 5
b101010111110 6
1>
b101010111110 @
b000000110110111 S
#28064
0B
#28072
b0110111000 (
b100111001000 /
b000001111101000 0
b000000110111011 9
b000000101100110 :
b00000110111011 ;
1B
b100111000111 D
b000000011110110 I
b000000011110100 P
b000001010101111 S
#28080
0>
0B
#28088
b0110111001 (
b100111001001 /
b000001010110000 1
b000001111101000 2
b000000110111100 9
b000000101100010 :
b00000110111100 ;
1B
b100111001000 D
b000001010110000 S
#28096
0B
#28100
b000000101100010 #
b000000110111010 $
b000000101100111 %
b000001010110001 3
b000001111101001 4
b00001010110001 5
b101010111111 6
1>
b101010111111 @
b000000110111010 S
#28104
b0110111010 (
b100111001010 /
b000001111101001 0
b000000110111101 9
b000000101100011 :
b00000110111101 ;
1B
b100111001001 D
b000000011110101 I
b000000011110011 P
b000001010110000 S
#28112
0B
#28120
b0110111011 (
b100111001011 /
b000001010110001 1
b000001111101001 2
b000000110111110 9
b000000101100001 :
b00000110111110 ;
0>
1B
b100111001010 D
b000001010110001 S
#28128
0B
#28136
b0110111100 (
b100111001100 /
b000000110111111 9
b000000101100000 :
b00000110111111 ;
1B
b100111001011 D
b000000011110100 I
b000000011110010 P
#28140
b000000101100000 #
b000000110111100 $
b000000101100010 %
b000001010110010 3
b000001111101011 4
b00001010110010 5
b101011000000 6
1>
b101011000000 @
b000000110111100 S
#28144
0B
#28152
b0110111101 (
b100111001101 /
b000001111101011 0
b000000111000000 9
b000000100100000 :
b00000111000000 ;
1B
b100111001100 D
b000000011110011 I
b000000011110001 P
b000001010110001 S
#28160
0>
0B
#28168
b0110111110 (
b100111001110 /
b000001010110010 1
b000001111101011 2
b000000111000001 9
b000000100100001 :
b00000111000001 ;
1B
b100111001101 D
b000001010110010 S
#28176
0B
#28180
b000000100100001 #
b000000110111111 $
b000000101100000 %
b000001010110011 3
b000001111101010 4
b00001010110011 5
b101011000001 6
1>
b101011000001 @
b000000110111111 S
#28184
b0110111111 (
b100111001111 /
b000001111101010 0
b000000111000010 9
b000000100100011 :
b00000111000010 ;
1B
b100111001110 D
b000000011110010 I
b000000011110000 P
b000001010110010 S
#28192
0B
#28200
b0111000000 (
b100111010000 /
b000001010110011 1
b000001111101010 2
b000000111000011 9
b000000100100010 :
b00000111000011 ;
0>
1B
b100111001111 D
b000001010110011 S
#28208
0B
#28216
b0111000001 (
b100111010001 /
b000000111000100 9
b000000100100110 :
b00000111000100 ;
1B
b100111010000 D
b000000011110001 I
b000000011101111 P
#28220
b000000100100110 #
b000000111000001 $
b000000100100001 %
b000001010110100 3
b000001111101110 4
b00001010110100 5
b101011000010 6
1>
b101011000010 @
b000000111000001 S
#28224
0B
#28232
b0111000010 (
b100111010010 /
b000001111101110 0
b000000111000101 9
b000000100100111 :
b00000111000101 ;
1B
b100111010001 D
b000000011110000 I
b000000011101110 P
b000001010110011 S
#28240
0>
0B
#28248
b0111000011 (
b100111010011 /
b000001010110100 1
b000001111101110 2
b000000111000110 9
b000000100100101 :
b00000111000110 ;
1B
b100111010010 D
b000001010110100 S
#28256
0B
#28260
b000000100100101 #
b000000111000100 $
b000000100100110 %
b000001010110101 3
b000001111101111 4
b00001010110101 5
b101011000011 6
1>
b101011000011 @
b000000111000100 S
#28264
b0111000100 (
b100111010100 /
b000001111101111 0
b000000111000111 9
b000000100100100 :
b00000111000111 ;
1B
b100111010011 D
b000000011101111 I
b000000011101101 P
b000001010110100 S
#28272
0B
#28280
b0111000101 (
b100111010101 /
b000001010110101 1
b000001111101111 2
b000000111001000 9
b000000100101100 :
b00000111001000 ;
0>
1B
b100111010100 D
b000001010110101 S
#28288
0B
#28296
b0111000110 (
b100111010110 /
b000000111001001 9
b000000100101101 :
b00000111001001 ;
1B
b100111010101 D
b000000011101110 I
b000000011101100 P
#28300
b000000100101101 #
b000000111000110 $
b000000100100101 %
b000001010110110 3
b000001111101101 4
b00001010110110 5
b101011000100 6
1>
b101011000100 @
b000000111000110 S
#28304
0B
#28312
b0111000111 (
b100111010111 /
b000001111101101 0
b000000111001010 9
b000000100101111 :
b00000111001010 ;
1B
b100111010110 D
b000000011101101 I
b000000011101011 P
b000001010110101 S
#28320
0>
0B
#28328
b0111001000 (
b100111011000 /
b000001010110110 1
b000001111101101 2
b000000111001011 9
b000000100101110 :
b00000111001011 ;
1B
b100111010111 D
b000001010110110 S
#28336
0B
#28340
b000000100101110 #
b000000111001001 $
b000000100101101 %
b000001010110111 3
b000001111101100 4
b00001010110111 5
b101011000101 6
1>
b101011000101 @
b000000111001001 S
#28344
b0111001001 (
b100111011001 /
b000001111101100 0
b000000111001100 9
b000000100101010 :
b00000111001100 ;
1B
b100111011000 D
b000000011101100 I
b000000011101010 P
b000001010110110 S
#28352
0B
#28360
b0111001010 (
b100111011010 /
b000001010110111 1
b000001111101100 2
b000000111001101 9
b000000100101011 :
b00000111001101 ;
0>
1B
b100111011001 D
b000001010110111 S
#28368
0B
#28376
b0111001011 (
b100111011011 /
b000000111001110 9
b000000100101001 :
b00000111001110 ;
1B
b100111011010 D
b000000011101011 I
b000000011101001 P
#28380
b000000100101001 #
b000000111001011 $
b000000100101110 %
b000001010111000 3
b000001111100100 4
b00001010111000 5
b101011000110 6
1>
b101011000110 @
b000000111001011 S
#28384
0B
#28392
b0111001100 (
b100111011100 /
b000001111100100 0
b000000111001111 9
b000000100101000 :
b00000111001111 ;
1B
b100111011011 D
b000000011101010 I
b000000011101000 P
b000001010110111 S
#28400
0>
0B
#28408
b0111001101 (
b100111011101 /
b000001010111000 1
b000001111100100 2
b000000111010000 9
b000000100111000 :
b00000111010000 ;
1B
b100111011100 D
b000001010111000 S
#28416
0B
#28420
b000000100111000 #
b000000111001110 $
b000000100101001 %
b000001010111001 3
b000001111100101 4
b00001010111001 5
b101011000111 6
1>
b101011000111 @
b000000111001110 S
#28424
b0111001110 (
b100111011110 /
b000001111100101 0
b000000111010001 9
b000000100111001 :
b00000111010001 ;
1B
b100111011101 D
b000000011101001 I
b000000011100111 P
b000001010111000 S
#28432
0B
#28440
b0111001111 (
b100111011111 /
b000001010111001 1
b000001111100101 2
b000000111010010 9
b000000100111011 :
b00000111010010 ;
0>
1B
b100111011110 D
b000001010111001 S
#28448
0B
#28456
b0111010000 (
b100111100000 /
b000000111010011 9
b000000100111010 :
b00000111010011 ;
1B
b100111011111 D
b000000011101000 I
b000000011100110 P
#28460
b000000100111010 #
b000000111010000 $
b000000100111000 %
b000001010111010 3
b000001111100111 4
b00001010111010 5
b101011001000 6
1>
b101011001000 @
b000000111010000 S
#28464
0B
#28472
b0111010001 (
b100111100001 /
b000001111100111 0
b000000111010100 9
b000000100111110 :
b00000111010100 ;
1B
b100111100000 D
b000000011100111 I
b000000011100101 P
b000001010111001 S
#28480
0>
0B
#28488
b0111010010 (
b100111100010 /
b000001010111010 1
b000001111100111 2
b000000111010101 9
b000000100111111 :
b00000111010101 ;
1B
b100111100001 D
b000001010111010 S
#28496
0B
#28500
b000000100111111 #
b000000111010011 $
b000000100111010 %
b000001010111011 3
b000001111100110 4
b00001010111011 5
b101011001001 6
1>
b101011001001 @
b000000111010011 S
#28504
b0111010011 (
b100111100011 /
b000001111100110 0
b000000111010110 9
b000000100111101 :
b00000111010110 ;
1B
b100111100010 D
b000000011100110 I
b000000011100100 P
b000001010111010 S
#28512
0B
#28520
b0111010100 (
b100111100100 /
b000001010111011 1
b000001111100110 2
b000000111010111 9
b000000100111100 :
b00000111010111 ;
0>
1B
b100111100011 D
b000001010111011 S
#28528
0B
#28536
b0111010101 (
b100111100101 /
b000000111011000 9
b000000100110100 :
b00000111011000 ;
1B
b100111100100 D
b000000011100101 I
b000000011100011 P
#28540
b000000100110100 #
b000000111010101 $
b000000100111111 %
b000001010111100 3
b000001111100010 4
b00001010111100 5
b101011001010 6
1>
b101011001010 @
b000000111010101 S
#28544
0B
#28552
b0111010110 (
b100111100110 /
b000001111100010 0
b000000111011001 9
b000000100110101 :
b00000111011001 ;
1B
b100111100101 D
b000000011100100 I
b000000011100010 P
b000001010111011 S
#28560
0>
0B
#28568
b0111010111 (
b100111100111 /
b000001010111100 1
b000001111100010 2
b000000111011010 9
b000000100110111 :
b00000111011010 ;
1B
b100111100110 D
b000001010111100 S
#28576
0B
#28580
b000000100110111 #
b000000111011000 $
b000000100110100 %
b000001010111101 3
b000001111100011 4
b00001010111101 5
b101011001011 6
1>
b101011001011 @
b000000111011000 S
#28584
b0111011000 (
b100111101000 /
b000001111100011 0
b000000111011011 9
b000000100110110 :
b00000111011011 ;
1B
b100111100111 D
b000000011100011 I
b000000011100001 P
b000001010111100 S
#28592
0B
#28600
b0111011001 (
b100111101001 /
b000001010111101 1
b000001111100011 2
b000000111011100 9
b000000100110010 :
b00000111011100 ;
0>
1B
b100111101000 D
b000001010111101 S
#28608
0B
#28616
b0111011010 (
b100111101010 /
b000000111011101 9
b000000100110011 :
b00000111011101 ;
1B
b100111101001 D
b000000011100010 I
b000000011100000 P
#28620
b000000100110011 #
b000000111011010 $
b000000100110111 %
b000001010111110 3
b000001111100001 4
b00001010111110 5
b101011001100 6
1>
b101011001100 @
b000000111011010 S
#28624
0B
#28632
b0111011011 (
b100111101011 /
b000001111100001 0
b000000111011110 9
b000000100110001 :
b00000111011110 ;
1B
b100111101010 D
b000000011100001 I
b000000011011111 P
b000001010111101 S
#28640
0>
0B
#28648
b0111011100 (
b100111101100 /
b000001010111110 1
b000001111100001 2
b000000111011111 9
b000000100110000 :
b00000111011111 ;
1B
b100111101011 D
b000001010111110 S
#28656
0B
#28660
b000000100110000 #
b000000111011101 $
b000000100110011 %
b000001010111111 3
b000001111100000 4
b00001010111111 5
b101011001101 6
1>
b101011001101 @
b000000111011101 S
#28664
b0111011101 (
b100111101101 /
b000001111100000 0
b000000111100000 9
b000000100010000 :
b00000111100000 ;
1B
b100111101100 D
b000000011100000 I
b000000011011110 P
b000001010111110 S
#28672
0B
#28680
b0111011110 (
b100111101110 /
b000001010111111 1
b000001111100000 2
b000000111100001 9
b000000100010001 :
b00000111100001 ;
0>
1B
b100111101101 D
b000001010111111 S
#28688
0B
#28696
b0111011111 (
b100111101111 /
b000000111100010 9
b000000100010011 :
b00000111100010 ;
1B
b100111101110 D
b000000011011111 I
b000000011011101 P
#28700
b000000100010011 #
b000000111011111 $
b000000100110000 %
b000001011000000 3
b000001110100000 4
b00001011000000 5
b101011001110 6
1>
b101011001110 @
b000000111011111 S
#28704
0B
#28712
b0111100000 (
b100111110000 /
b000001110100000 0
b000000111100011 9
b000000100010010 :
b00000111100011 ;
1B
b100111101111 D
b000000011011110 I
b000000011011100 P
b000001010111111 S
#28720
0>
0B
#28728
b0111100001 (
b100111110001 /
b000001011000000 1
b000001110100000 2
b000000111100100 9
b000000100010110 :
b00000111100100 ;
1B
b100111110000 D
b000001011000000 S
#28736
0B
#28740
b000000100010110 #
b000000111100010 $
b000000100010011 %
b000001011000001 3
b000001110100001 4
b00001011000001 5
b101011001111 6
1>
b101011001111 @
b000000111100010 S
#28744
b0111100010 (
b100111110010 /
b000001110100001 0
b000000111100101 9
b000000100010111 :
b00000111100101 ;
1B
b100111110001 D
b000000011011101 I
b000000011011011 P
b000001011000000 S
#28752
0B
#28760
b0111100011 (
b100111110011 /
b000001011000001 1
b000001110100001 2
b000000111100110 9
b000000100010101 :
b00000111100110 ;
0>
1B
b100111110010 D
b000001011000001 S
#28768
0B
#28776
b0111100100 (
b100111110100 /
b000000111100111 9
b000000100010100 :
b00000111100111 ;
1B
b100111110011 D
b000000011011100 I
b000000011011010 P
#28780
b000000100010100 #
b000000111100100 $
b000000100010110 %
b000001011000010 3
b000001110100011 4
b00001011000010 5
b101011010000 6
1>
b101011010000 @
b000000111100100 S
#28784
0B
#28792
b0111100101 (
b100111110101 /
b000001110100011 0
b000000111101000 9
b000000100011100 :
b00000111101000 ;
1B
b100111110100 D
b000000011011011 I
b000000011011001 P
b000001011000001 S
#28800
0>
0B
#28808
b0111100110 (
b100111110110 /
b000001011000010 1
b000001110100011 2
b000000111101001 9
b000000100011101 :
b00000111101001 ;
1B
b100111110101 D
b000001011000010 S
#28816
0B
#28820
b000000100011101 #
b000000111100111 $
b000000100010100 %
b000001011000011 3
b000001110100010 4
b00001011000011 5
b101011010001 6
1>
b101011010001 @
b000000111100111 S
#28824
b0111100111 (
b100111110111 /
b000001110100010 0
b000000111101010 9
b000000100011111 :
b00000111101010 ;
1B
b100111110110 D
b000000011011010 I
b000000011011000 P
b000001011000010 S
#28832
0B
#28840
b0111101000 (
b100111111000 /
b000001011000011 1
b000001110100010 2
b000000111101011 9
b000000100011110 :
b00000111101011 ;
0>
1B
b100111110111 D
b000001011000011 S
#28848
0B
#28856
b0111101001 (
b100111111001 /
b000000111101100 9
b000000100011010 :
b00000111101100 ;
1B
b100111111000 D
b000000011011001 I
b000000011010111 P
#28860
b000000100011010 #
b000000111101001 $
b000000100011101 %
b000001011000100 3
b000001110100110 4
b00001011000100 5
b101011010010 6
1>
b101011010010 @
b000000111101001 S
#28864
0B
#28872
b0111101010 (
b100111111010 /
b000001110100110 0
b000000111101101 9
b000000100011011 :
b00000111101101 ;
1B
b100111111001 D
b000000011011000 I
b000000011010110 P
b000001011000011 S
#28880
0>
0B
#28888
b0111101011 (
b100111111011 /
b000001011000100 1
b000001110100110 2
b000000111101110 9
b000000100011001 :
b00000111101110 ;
1B
b100111111010 D
b000001011000100 S
#28896
0B
#28900
b000000100011001 #
b000000111101100 $
b000000100011010 %
b000001011000101 3
b000001110100111 4
b00001011000101 5
b101011010011 6
1>
b101011010011 @
b000000111101100 S
#28904
b0111101100 (
b100111111100 /
b000001110100111 0
b000000111101111 9
b000000100011000 :
b00000111101111 ;
1B
b100111111011 D
b000000011010111 I
b000000011010101 P
b000001011000100 S
#28912
0B
#28920
b0111101101 (
b100111111101 /
b000001011000101 1
b000001110100111 2
b000000111110000 9
b000000100001000 :
b00000111110000 ;
0>
1B
b100111111100 D
b000001011000101 S
#28928
0B
#28936
b0111101110 (
b100111111110 /
b000000111110001 9
b000000100001001 :
b00000111110001 ;
1B
b100111111101 D
b000000011010110 I
b000000011010100 P
#28940
b000000100001001 #
b000000111101110 $
b000000100011001 %
b000001011000110 3
b000001110100101 4
b00001011000110 5
b101011010100 6
1>
b101011010100 @
b000000111101110 S
#28944
0B
#28952
b0111101111 (
b100111111111 /
b000001110100101 0
b000000111110010 9
b000000100001011 :
b00000111110010 ;
1B
b100111111110 D
b000000011010101 I
b000000011010011 P
b000001011000101 S
#28960
0>
0B
#28968
b0111110000 (
b101000000000 /
b000001011000110 1
b000001110100101 2
b000000111110011 9
b000000100001010 :
b00000111110011 ;
1B
b100111111111 D
b000001011000110 S
#28976
0B
#28980
b000000100001010 #
b000000111110001 $
b000000100001001 %
b000001011000111 3
b000001110100100 4
b00001011000111 5
b101011010101 6
1>
b101011010101 @
b000000111110001 S
#28984
b0111110001 (
b101000000001 /
b000001110100100 0
b000000111110100 9
b000000100001110 :
b00000111110100 ;
1B
b101000000000 D
b000000011010100 I
b000000011010010 P
b000001011000110 S
#28992
0B
#29000
b0111110010 (
b101000000010 /
b000001011000111 1
b000001110100100 2
b000000111110101 9
b000000100001111 :
b00000111110101 ;
0>
1B
b101000000001 D
b000001011000111 S
#29008
0B
#29016
b0111110011 (
b101000000011 /
b000000111110110 9
b000000100001101 :
b00000111110110 ;
1B
b101000000010 D
b000000011010011 I
b000000011010001 P
#29020
b000000100001101 #
b000000111110011 $
b000000100001010 %
b000001011001000 3
b000001110101100 4
b00001011001000 5
b101011010110 6
1>
b101011010110 @
b000000111110011 S
#29024
0B
#29032
b0111110100 (
b101000000100 /
b000001110101100 0
b000000111110111 9
b000000100001100 :
b00000111110111 ;
1B
b101000000011 D
b000000011010010 I
b000000011010000 P
b000001011000111 S
#29040
0>
0B
#29048
b0111110101 (
b101000000101 /
b000001011001000 1
b000001110101100 2
b000000111111000 9
b000000100000100 :
b00000111111000 ;
1B
b101000000100 D
b000001011001000 S
#29056
0B
#29060
b000000100000100 #
b000000111110110 $
b000000100001101 %
b000001011001001 3
b000001110101101 4
b00001011001001 5
b101011010111 6
1>
b101011010111 @
b000000111110110 S
#29064
b0111110110 (
b101000000110 /
b000001110101101 0
b000000111111001 9
b000000100000101 :
b00000111111001 ;
1B
b101000000101 D
b000000011010001 I
b000000011001111 P
b000001011001000 S
#29072
0B
#29080
b0111110111 (
b101000000111 /
b000001011001001 1
b000001110101101 2
b000000111111010 9
b000000100000111 :
b00000111111010 ;
0>
1B
b101000000110 D
b000001011001001 S
#29088
0B
#29096
b0111111000 (
b101000001000 /
b000000111111011 9
b000000100000110 :
b00000111111011 ;
1B
b101000000111 D
b000000011010000 I
b000000011001110 P
#29100
b000000100000110 #
b000000111111000 $
b000000100000100 %
b000001011001010 3
b000001110101111 4
b00001011001010 5
b101011011000 6
1>
b101011011000 @
b000000111111000 S
#29104
0B
#29112
b0111111001 (
b101000001001 /
b000001110101111 0
b000000111111100 9
b000000100000010 :
b00000111111100 ;
1B
b101000001000 D
b000000011001111 I
b000000011001101 P
b000001011001001 S
#29120
0>
0B
#29128
b0111111010 (
b101000001010 /
b000001011001010 1
b000001110101111 2
b000000111111101 9
b000000100000011 :
b00000111111101 ;
1B
b101000001001 D
b000001011001010 S
#29136
0B
#29140
b000000100000011 #
b000000111111011 $
b000000100000110 %
b000001011001011 3
b000001110101110 4
b00001011001011 5
b101011011001 6
1>
b101011011001 @
b000000111111011 S
#29144
b0111111011 (
b101000001011 /
b000001110101110 0
b000000111111110 9
b000000100000001 :
b00000111111110 ;
1B
b101000001010 D
b000000011001110 I
b000000011001100 P
b000001011001010 S
#29152
0B
#29160
b0111111100 (
b101000001100 /
b000001011001011 1
b000001110101110 2
b000000111111111 9
b000000100000000 :
b00000111111111 ;
0>
1B
b101000001011 D
b000001011001011 S
#29168
0B
#29176
b0111111101 (
b101000001101 /
b000001000000000 9
b000001100000000 :
b00001000000000 ;
1B
b101000001100 D
b000000011001101 I
b000000011001011 P
#29180
b000001100000000 #
b000000111111101 $
b000000100000011 %
b000001011001100 3
b000001110101010 4
b00001011001100 5
b101011011010 6
1>
b101011011010 @
b000000111111101 S
#29184
0B
#29192
b0111111110 (
b101000001110 /
b000001110101010 0
b000001000000001 9
b000001100000001 :
b00001000000001 ;
1B
b101000001101 D
b000000011001100 I
b000000011001010 P
b000001011001011 S
#29200
0>
0B
#29208
b0111111111 (
b101000001111 /
b000001011001100 1
b000001110101010 2
b000001000000010 9
b000001100000011 :
b00001000000010 ;
1B
b101000001110 D
0L
b000001011001100 S
#29216
0B
#29220
b000001100000011 #
b000001000000000 $
b000001100000000 %
b000001011001101 3
b000001110101011 4
b00001011001101 5
b101011011011 6
1>
b101011011011 @
b000001000000000 S
#29224
0'
b1000000000 (
b101000010000 /
b000001110101011 0
b000001000000011 9
b000001100000010 :
b00001000000011 ;
1B
b101000001111 D
0E
0H
b000000011001011 I
0M
b000000011001001 P
b000001011001100 S
#29232
0B
#29240
b0000000000 (
1+
b101000010000 ,
b101000010001 /
b000001011001101 1
b000001110101011 2
b000001000000100 9
b000001100000110 :
b00001000000100 ;
0>
1B
b000000011001100 I
0O
b000001011001101 S
#29248
0B
#29256
0*
1B
b000000011001011 I
#29260
b000001100000110 #
b000001000000010 $
b000001100000011 %
b000001011001110 3
b000001110101001 4
b00001011001110 5
b101011011100 6
1>
b101011011100 @
b000001000000010 S
#29264
0B
#29272
b000001110101001 0
1B
b000001011001101 S
#29280
0>
0B
#29288
b000001011001110 1
b000001110101001 2
1B
b000000011001100 I
b000000011001010 P
b000001011001110 S
#29296
0B
#29300
b000001000000100 $
b000001100000110 %
b000001011001111 3
b000001110101000 4
b00001011001111 5
b101011011101 6
1>
b101011011101 @
b000001000000100 S
#29304
b000001110101000 0
1B
b000001011001110 S
#29312
0B
#29320
b000001011001111 1
b000001110101000 2
0>
1B
b000000011001101 I
b000000011001011 P
b000001011001111 S
#29328
0B
#29336
1B
#29340
b000001011010000 3
b000001110111000 4
b00001011010000 5
b101011011110 6
1>
b101011011110 @
b000001000000100 S
#29344
0B
#29352
b000001110111000 0
1B
b000001011001111 S
#29360
0>
0B
#29368
b000001011010000 1
b000001110111000 2
1B
b000000011001110 I
b000000011001100 P
b000001011010000 S
#29376
0B
#29380
b000001011010001 3
b000001110111001 4
b00001011010001 5
b101011011111 6
1>
b101011011111 @
b000001000000100 S
#29384
b000001110111001 0
1B
b000001011010000 S
#29392
0B
#29400
b000001011010001 1
b000001110111001 2
0>
1B
b000000011001111 I
b000000011001101 P
b000001011010001 S
#29408
0B
#29416
1B
#29420
b000001011010010 3
b000001110111011 4
b00001011010010 5
b101011100000 6
1>
b101011100000 @
b000001000000100 S
#29424
0B
#29432
b000001110111011 0
1B
b000001011010001 S
#29440
0>
0B
#29448
b000001011010010 1
b000001110111011 2
1B
b000000011010000 I
b000000011001110 P
b000001011010010 S
#29456
0B
#29460
b000001011010011 3
b000001110111010 4
b00001011010011 5
b101011100001 6
1>
b101011100001 @
b000001000000100 S
#29464
b000001110111010 0
1B
b000001011010010 S
#29472
0B
#29480
b000001011010011 1
b000001110111010 2
0>
1B
b000000011010001 I
b000000011001111 P
b000001011010011 S
#29488
0B
#29496
1B
#29500
b000001011010100 3
b000001110111110 4
b00001011010100 5
b101011100010 6
1>
b101011100010 @
b000001000000100 S
#29504
0B
#29512
b000001110111110 0
1B
b000001011010011 S
#29520
0>
0B
#29528
b000001011010100 1
b000001110111110 2
1B
b000000011010010 I
b000000011010000 P
b000001011010100 S
#29536
0B
#29540
b000001011010101 3
b000001110111111 4
b00001011010101 5
b101011100011 6
1>
b101011100011 @
b000001000000100 S
#29544
b000001110111111 0
1B
b000001011010100 S
#29552
0B
#29560
b000001011010101 1
b000001110111111 2
0>
1B
b000000011010011 I
b000000011010001 P
b000001011010101 S
#29568
0B
#29576
1B
#29580
b000001011010110 3
b000001110111101 4
b00001011010110 5
b101011100100 6
1>
b101011100100 @
b000001000000100 S
#29584
0B
#29592
b000001110111101 0
1B
b000001011010101 S
#29600
0>
0B
#29608
b000001011010110 1
b000001110111101 2
1B
b000000011010100 I
b000000011010010 P
b000001011010110 S
#29616
0B
#29620
b000001011010111 3
b000001110111100 4
b00001011010111 5
b101011100101 6
1>
b101011100101 @
b000001000000100 S
#29624
b000001110111100 0
1B
b000001011010110 S
#29632
0B
#29640
b000001011010111 1
b000001110111100 2
0>
1B
b000000011010101 I
b000000011010011 P
b000001011010111 S
#29648
0B
#29656
1B
#29660
b000001011011000 3
b000001110110100 4
b00001011011000 5
b101011100110 6
1>
b101011100110 @
b000001000000100 S
#29664
0B
#29672
b000001110110100 0
1B
b000001011010111 S
#29680
0>
0B
#29688
b000001011011000 1
b000001110110100 2
1B
b000000011010110 I
b000000011010100 P
b000001011011000 S
#29696
0B
#29700
b000001011011001 3
b000001110110101 4
b00001011011001 5
b101011100111 6
1>
b101011100111 @
b000001000000100 S
#29704
b000001110110101 0
1B
b000001011011000 S
#29712
0B
#29720
b000001011011001 1
b000001110110101 2
0>
1B
b000000011010111 I
b000000011010101 P
b000001011011001 S
#29728
0B
#29736
1B
#29740
b000001011011010 3
b000001110110111 4
b00001011011010 5
b101011101000 6
1>
b101011101000 @
b000001000000100 S
#29744
0B
#29752
b000001110110111 0
1B
b000001011011001 S
#29760
0>
0B
#29768
b000001011011010 1
b000001110110111 2
1B
b000000011011000 I
b000000011010110 P
b000001011011010 S
#29776
0B
#29780
b000001011011011 3
b000001110110110 4
b00001011011011 5
b101011101001 6
1>
b101011101001 @
b000001000000100 S
#29784
b000001110110110 0
1B
b000001011011010 S
#29792
0B
#29800
b000001011011011 1
b000001110110110 2
0>
1B
b000000011011001 I
b000000011010111 P
b000001011011011 S
#29808
0B
#29816
1B
#29820
b000001011011100 3
b000001110110010 4
b00001011011100 5
b101011101010 6
1>
b101011101010 @
b000001000000100 S
#29824
0B
#29832
b000001110110010 0
1B
b000001011011011 S
#29840
0>
0B
#29848
b000001011011100 1
b000001110110010 2
1B
b000000011011010 I
b000000011011000 P
b000001011011100 S
#29856
0B
#29860
b000001011011101 3
b000001110110011 4
b00001011011101 5
b101011101011 6
1>
b101011101011 @
b000001000000100 S
#29864
b000001110110011 0
1B
b000001011011100 S
#29872
0B
#29880
b000001011011101 1
b000001110110011 2
0>
1B
b000000011011011 I
b000000011011001 P
b000001011011101 S
#29888
0B
#29896
1B
#29900
b000001011011110 3
b000001110110001 4
b00001011011110 5
b101011101100 6
1>
b101011101100 @
b000001000000100 S
#29904
0B
#29912
b000001110110001 0
1B
b000001011011101 S
#29920
0>
0B
#29928
b000001011011110 1
b000001110110001 2
1B
b000000011011100 I
b000000011011010 P
b000001011011110 S
#29936
0B
#29940
b000001011011111 3
b000001110110000 4
b00001011011111 5
b101011101101 6
1>
b101011101101 @
b000001000000100 S
#29944
b000001110110000 0
1B
b000001011011110 S
#29952
0B
#29960
b000001011011111 1
b000001110110000 2
0>
1B
b000000011011101 I
b000000011011011 P
b000001011011111 S
#29968
0B
#29976
1B
#29980
b000001011100000 3
b000001110010000 4
b00001011100000 5
b101011101110 6
1>
b101011101110 @
b000001000000100 S
#29984
0B
#29992
b000001110010000 0
1B
b000001011011111 S
#30000
0>
0B
#30008
b000001011100000 1
b000001110010000 2
1B
b000000011011110 I
b000000011011100 P
b000001011100000 S
#30016
0B
#30020
b000001011100001 3
b000001110010001 4
b00001011100001 5
b101011101111 6
1>
b101011101111 @
b000001000000100 S
#30024
b000001110010001 0
1B
b000001011100000 S
#30032
0B
#30040
b000001011100001 1
b000001110010001 2
0>
1B
b000000011011111 I
b000000011011101 P
b000001011100001 S
#30048
0B
#30056
1B
#30060
b000001011100010 3
b000001110010011 4
b00001011100010 5
b101011110000 6
1>
b101011110000 @
b000001000000100 S
#30064
0B
#30072
b000001110010011 0
1B
b000001011100001 S
#30080
0>
0B
#30088
b000001011100010 1
b000001110010011 2
1B
b000000011100000 I
b000000011011110 P
b000001011100010 S
#30096
0B
#30100
b000001011100011 3
b000001110010010 4
b00001011100011 5
b101011110001 6
1>
b101011110001 @
b000001000000100 S
#30104
b000001110010010 0
1B
b000001011100010 S
#30112
0B
#30120
b000001011100011 1
b000001110010010 2
0>
1B
b000000011100001 I
b000000011011111 P
b000001011100011 S
#30128
0B
#30136
1B
#30140
b000001011100100 3
b000001110010110 4
b00001011100100 5
b101011110010 6
1>
b101011110010 @
b000001000000100 S
#30144
0B
#30152
b000001110010110 0
1B
b000001011100011 S
#30160
0>
0B
#30168
b000001011100100 1
b000001110010110 2
1B
b000000011100010 I
b000000011100000 P
b000001011100100 S
#30176
0B
#30180
b000001011100101 3
b000001110010111 4
b00001011100101 5
b101011110011 6
1>
b101011110011 @
b000001000000100 S
#30184
b000001110010111 0
1B
b000001011100100 S
#30192
0B
#30200
b000001011100101 1
b000001110010111 2
0>
1B
b000000011100011 I
b000000011100001 P
b000001011100101 S
#30208
0B
#30216
1B
#30220
b000001011100110 3
b000001110010101 4
b00001011100110 5
b101011110100 6
1>
b101011110100 @
b000001000000100 S
#30224
0B
#30232
b000001110010101 0
1B
b000001011100101 S
#30240
0>
0B
#30248
b000001011100110 1
b000001110010101 2
1B
b000000011100100 I
b000000011100010 P
b000001011100110 S
#30256
0B
#30260
b000001011100111 3
b000001110010100 4
b00001011100111 5
b101011110101 6
1>
b101011110101 @
b000001000000100 S
#30264
b000001110010100 0
1B
b000001011100110 S
#30272
0B
#30280
b000001011100111 1
b000001110010100 2
0>
1B
b000000011100101 I
b000000011100011 P
b000001011100111 S
#30288
0B
#30296
1B
#30300
b000001011101000 3
b000001110011100 4
b00001011101000 5
b101011110110 6
1>
b101011110110 @
b000001000000100 S
#30304
0B
#30312
b000001110011100 0
1B
b000001011100111 S
#30320
0>
0B
#30328
b000001011101000 1
b000001110011100 2
1B
b000000011100110 I
b000000011100100 P
b000001011101000 S
#30336
0B
#30340
b000001011101001 3
b000001110011101 4
b00001011101001 5
b101011110111 6
1>
b101011110111 @
b000001000000100 S
#30344
b000001110011101 0
1B
b000001011101000 S
#30352
0B
#30360
b000001011101001 1
b000001110011101 2
0>
1B
b000000011100111 I
b000000011100101 P
b000001011101001 S
#30368
0B
#30376
1B
#30380
b000001011101010 3
b000001110011111 4
b00001011101010 5
b101011111000 6
1>
b101011111000 @
b000001000000100 S
#30384
0B
#30392
b000001110011111 0
1B
b000001011101001 S
#30400
0>
0B
#30408
b000001011101010 1
b000001110011111 2
1B
b000000011101000 I
b000000011100110 P
b000001011101010 S
#30416
0B
#30420
b000001011101011 3
b000001110011110 4
b00001011101011 5
b101011111001 6
1>
b101011111001 @
b000001000000100 S
#30424
b000001110011110 0
1B
b000001011101010 S
#30432
0B
#30440
b000001011101011 1
b000001110011110 2
0>
1B
b000000011101001 I
b000000011100111 P
b000001011101011 S
#30448
0B
#30456
1B
#30460
b000001011101100 3
b000001110011010 4
b00001011101100 5
b101011111010 6
1>
b101011111010 @
b000001000000100 S
#30464
0B
#30472
b000001110011010 0
1B
b000001011101011 S
#30480
0>
0B
#30488
b000001011101100 1
b000001110011010 2
1B
b000000011101010 I
b000000011101000 P
b000001011101100 S
#30496
0B
#30500
b000001011101101 3
b000001110011011 4
b00001011101101 5
b101011111011 6
1>
b101011111011 @
b000001000000100 S
#30504
b000001110011011 0
1B
b000001011101100 S
#30512
0B
#30520
b000001011101101 1
b000001110011011 2
0>
1B
b000000011101011 I
b000000011101001 P
b000001011101101 S
#30528
0B
#30536
1B
#30540
b000001011101110 3
b000001110011001 4
b00001011101110 5
b101011111100 6
1>
b101011111100 @
b000001000000100 S
#30544
0B
#30552
b000001110011001 0
1B
b000001011101101 S
#30560
0>
0B
#30568
b000001011101110 1
b000001110011001 2
1B
b000000011101100 I
b000000011101010 P
b000001011101110 S
#30576
0B
#30580
b000001011101111 3
b000001110011000 4
b00001011101111 5
b101011111101 6
1>
b101011111101 @
b000001000000100 S
#30584
b000001110011000 0
1B
b000001011101110 S
#30592
0B
#30600
b000001011101111 1
b000001110011000 2
0>
1B
b000000011101101 I
b000000011101011 P
b000001011101111 S
#30608
0B
#30616
1B
#30620
b000001011110000 3
b000001110001000 4
b00001011110000 5
b101011111110 6
1>
b101011111110 @
b000001000000100 S
#30624
0B
#30632
b000001110001000 0
1B
b000001011101111 S
#30640
0>
0B
#30648
b000001011110000 1
b000001110001000 2
1B
b000000011101110 I
b000000011101100 P
b000001011110000 S
#30656
0B
#30660
b000001011110001 3
b000001110001001 4
b00001011110001 5
b101011111111 6
1>
b101011111111 @
b000001000000100 S
#30664
b000001110001001 0
1B
b000001011110000 S
#30672
0B
#30680
b000001011110001 1
b000001110001001 2
0>
1B
b000000011101111 I
b000000011101101 P
b000001011110001 S
#30688
0B
#30696
1B
#30700
b000001011110010 3
b000001110001011 4
b00001011110010 5
b101100000000 6
1>
b101100000000 @
b000001000000100 S
#30704
0B
#30712
b000001110001011 0
1B
b000001011110001 S
#30720
0>
0B
#30728
b000001011110010 1
b000001110001011 2
1B
b000000011110000 I
b000000011101110 P
b000001011110010 S
#30736
0B
#30740
b000001011110011 3
b000001110001010 4
b00001011110011 5
b101100000001 6
1>
b101100000001 @
b000001000000100 S
#30744
b000001110001010 0
1B
b000001011110010 S
#30752
0B
#30760
b000001011110011 1
b000001110001010 2
0>
1B
b000000011110001 I
b000000011101111 P
b000001011110011 S
#30768
0B
#30776
1B
#30780
b000001011110100 3
b000001110001110 4
b00001011110100 5
b101100000010 6
1>
b101100000010 @
b000001000000100 S
#30784
0B
#30792
b000001110001110 0
1B
b000001011110011 S
#30800
0>
0B
#30808
b000001011110100 1
b000001110001110 2
1B
b000000011110010 I
b000000011110000 P
b000001011110100 S
#30816
0B
#30820
b000001011110101 3
b000001110001111 4
b00001011110101 5
b101100000011 6
1>
b101100000011 @
b000001000000100 S
#30824
b000001110001111 0
1B
b000001011110100 S
#30832
0B
#30840
b000001011110101 1
b000001110001111 2
0>
1B
b000000011110011 I
b000000011110001 P
b000001011110101 S
#30848
0B
#30856
1B
#30860
b000001011110110 3
b000001110001101 4
b00001011110110 5
b101100000100 6
1>
b101100000100 @
b000001000000100 S
#30864
0B
#30872
b000001110001101 0
1B
b000001011110101 S
#30880
0>
0B
#30888
b000001011110110 1
b000001110001101 2
1B
b000000011110100 I
b000000011110010 P
b000001011110110 S
#30896
0B
#30900
b000001011110111 3
b000001110001100 4
b00001011110111 5
b101100000101 6
1>
b101100000101 @
b000001000000100 S
#30904
b000001110001100 0
1B
b000001011110110 S
#30912
0B
#30920
b000001011110111 1
b000001110001100 2
0>
1B
b000000011110101 I
b000000011110011 P
b000001011110111 S
#30928
0B
#30936
1B
#30940
b000001011111000 3
b000001110000100 4
b00001011111000 5
b101100000110 6
1>
b101100000110 @
b000001000000100 S
#30944
0B
#30952
b000001110000100 0
1B
b000001011110111 S
#30960
0>
0B
#30968
b000001011111000 1
b000001110000100 2
1B
b000000011110110 I
b000000011110100 P
b000001011111000 S
#30976
0B
#30980
b000001011111001 3
b000001110000101 4
b00001011111001 5
b101100000111 6
1>
b101100000111 @
b000001000000100 S
#30984
b000001110000101 0
1B
b000001011111000 S
#30992
0B
#31000
b000001011111001 1
b000001110000101 2
0>
1B
b000000011110111 I
b000000011110101 P
b000001011111001 S
#31008
0B
#31016
1B
#31020
b000001011111010 3
b000001110000111 4
b00001011111010 5
b101100001000 6
1>
b101100001000 @
b000001000000100 S
#31024
0B
#31032
b000001110000111 0
1B
b000001011111001 S
#31040
0>
0B
#31048
b000001011111010 1
b000001110000111 2
1B
b000000011111000 I
b000000011110110 P
b000001011111010 S
#31056
0B
#31060
b000001011111011 3
b000001110000110 4
b00001011111011 5
b101100001001 6
1>
b101100001001 @
b000001000000100 S
#31064
b000001110000110 0
1B
b000001011111010 S
#31072
0B
#31080
b000001011111011 1
b000001110000110 2
0>
1B
b000000011111001 I
b000000011110111 P
b000001011111011 S
#31088
0B
#31096
1B
#31100
b000001011111100 3
b000001110000010 4
b00001011111100 5
b101100001010 6
1>
b101100001010 @
b000001000000100 S
#31104
0B
#31112
b000001110000010 0
1B
b000001011111011 S
#31120
0>
0B
#31128
b000001011111100 1
b000001110000010 2
1B
b000000011111010 I
b000000011111000 P
b000001011111100 S
#31136
0B
#31140
b000001011111101 3
b000001110000011 4
b00001011111101 5
b101100001011 6
1>
b101100001011 @
b000001000000100 S
#31144
b000001110000011 0
1B
b000001011111100 S
#31152
0B
#31160
b000001011111101 1
b000001110000011 2
0>
1B
b000000011111011 I
b000000011111001 P
b000001011111101 S
#31168
0B
#31176
1B
#31180
b000001011111110 3
b000001110000001 4
b00001011111110 5
b101100001100 6
1>
b101100001100 @
b000001000000100 S
#31184
0B
#31192
b000001110000001 0
1B
b000001011111101 S
#31200
0>
0B
#31208
b000001011111110 1
b000001110000001 2
1B
b000000011111100 I
b000000011111010 P
b000001011111110 S
#31216
0B
#31220
b000001011111111 3
b000001110000000 4
b00001011111111 5
b101100001101 6
1>
b101100001101 @
b000001000000100 S
#31224
b000001110000000 0
1B
b000001011111110 S
#31232
0B
#31240
b000001011111111 1
b000001110000000 2
0>
1B
b000000011111101 I
b000000011111011 P
b000001011111111 S
#31248
0B
#31256
1B
#31260
b000001100000000 3
b000001010000000 4
b00001100000000 5
b101100001110 6
1>
b101100001110 @
b000001000000100 S
#31264
0B
#31272
b000001010000000 0
1B
b000001011111111 S
#31280
0>
0B
#31288
b000001100000000 1
b000001010000000 2
1B
b000000011111110 I
b000000011111100 P
b000001100000000 S
#31296
0B
#31300
b000001100000001 3
b000001010000001 4
b00001100000001 5
b101100001111 6
1>
b101100001111 @
b000001000000100 S
#31304
b000001010000001 0
1B
b000001100000000 S
#31312
0B
#31320
b000001100000001 1
b000001010000001 2
0>
1B
b000000011111111 I
b000000011111101 P
b000001100000001 S
#31328
0B
#31336
1B
#31340
b000001100000010 3
b000001010000011 4
b00001100000010 5
b101100010000 6
1>
b101100010000 @
b000001000000100 S
#31344
0B
#31352
b000001010000011 0
1B
b000001100000001 S
#31360
0>
0B
#31368
b000001100000010 1
b000001010000011 2
1B
b000000100000000 I
b000000011111110 P
b000001100000010 S
#31376
0B
#31380
b000001100000011 3
b000001010000010 4
b00001100000011 5
b101100010001 6
1>
b101100010001 @
b000001000000100 S
#31384
b000001010000010 0
1B
b000001100000010 S
#31392
0B
#31400
b000001100000011 1
b000001010000010 2
0>
1B
b000000100000001 I
b000000011111111 P
b000001100000011 S
#31408
0B
#31416
1B
#31420
b000001100000100 3
b000001010000110 4
b00001100000100 5
b101100010010 6
1>
b101100010010 @
b000001000000100 S
#31424
0B
#31432
b000001010000110 0
1B
b000001100000011 S
#31440
0>
0B
#31448
b000001100000100 1
b000001010000110 2
1B
b000000100000010 I
b000000100000000 P
b000001100000100 S
#31456
0B
#31460
b000001100000101 3
b000001010000111 4
b00001100000101 5
b101100010011 6
1>
b101100010011 @
b000001000000100 S
#31464
b000001010000111 0
1B
b000001100000100 S
#31472
0B
#31480
b000001100000101 1
b000001010000111 2
0>
1B
b000000100000011 I
b000000100000001 P
b000001100000101 S
#31488
0B
#31496
1B
#31500
b000001100000110 3
b000001010000101 4
b00001100000110 5
b101100010100 6
1>
b101100010100 @
b000001000000100 S
#31504
0B
#31512
b000001010000101 0
1B
b000001100000101 S
#31520
0>
0B
#31528
b000001100000110 1
b000001010000101 2
1B
b000000100000100 I
b000000100000010 P
b000001100000110 S
#31536
0B
#31540
b000001100000111 3
b000001010000100 4
b00001100000111 5
b101100010101 6
1>
b101100010101 @
b000001000000100 S
#31544
b000001010000100 0
1B
b000001100000110 S
#31552
0B
#31560
b000001100000111 1
b000001010000100 2
0>
1B
b000000100000101 I
b000000100000011 P
b000001100000111 S
#31568
0B
#31576
1B
#31580
b000001100001000 3
b000001010001100 4
b00001100001000 5
b101100010110 6
1>
b101100010110 @
b000001000000100 S
#31584
0B
#31592
b000001010001100 0
1B
b000001100000111 S
#31600
0>
0B
#31608
b000001100001000 1
b000001010001100 2
1B
b000000100000110 I
b000000100000100 P
b000001100001000 S
#31616
0B
#31620
b000001100001001 3
b000001010001101 4
b00001100001001 5
b101100010111 6
1>
b101100010111 @
b000001000000100 S
#31624
b000001010001101 0
1B
b000001100001000 S
#31632
0B
#31640
b000001100001001 1
b000001010001101 2
0>
1B
b000000100000111 I
b000000100000101 P
b000001100001001 S
#31648
0B
#31656
1B
#31660
b000001100001010 3
b000001010001111 4
b00001100001010 5
b101100011000 6
1>
b101100011000 @
b000001000000100 S
#31664
0B
#31672
b000001010001111 0
1B
b000001100001001 S
#31680
0>
0B
#31688
b000001100001010 1
b000001010001111 2
1B
b000000100001000 I
b000000100000110 P
b000001100001010 S
#31696
0B
#31700
b000001100001011 3
b000001010001110 4
b00001100001011 5
b101100011001 6
1>
b101100011001 @
b000001000000100 S
#31704
b000001010001110 0
1B
b000001100001010 S
#31712
0B
#31720
b000001100001011 1
b000001010001110 2
0>
1B
b000000100001001 I
b000000100000111 P
b000001100001011 S
#31728
0B
#31736
1B
#31740
b000001100001100 3
b000001010001010 4
b00001100001100 5
b101100011010 6
1>
b101100011010 @
b000001000000100 S
#31744
0B
#31752
b000001010001010 0
1B
b000001100001011 S
#31760
0>
0B
#31768
b000001100001100 1
b000001010001010 2
1B
b000000100001010 I
b000000100001000 P
b000001100001100 S
#31776
0B
#31780
b000001100001101 3
b000001010001011 4
b00001100001101 5
b101100011011 6
1>
b101100011011 @
b000001000000100 S
#31784
b000001010001011 0
1B
b000001100001100 S
#31792
0B
#31800
b000001100001101 1
b000001010001011 2
0>
1B
b000000100001011 I
b000000100001001 P
b000001100001101 S
#31808
0B
#31816
1B
#31820
b000001100001110 3
b000001010001001 4
b00001100001110 5
b101100011100 6
1>
b101100011100 @
b000001000000100 S
#31824
0B
#31832
b000001010001001 0
1B
b000001100001101 S
#31840
0>
0B
#31848
b000001100001110 1
b000001010001001 2
1B
b000000100001100 I
b000000100001010 P
b000001100001110 S
#31856
0B
#31860
b000001100001111 3
b000001010001000 4
b00001100001111 5
b101100011101 6
1>
b101100011101 @
b000001000000100 S
#31864
b000001010001000 0
1B
b000001100001110 S
#31872
0B
#31880
b000001100001111 1
b000001010001000 2
0>
1B
b000000100001101 I
b000000100001011 P
b000001100001111 S
#31888
0B
#31896
1B
#31900
b000001100010000 3
b000001010011000 4
b00001100010000 5
b101100011110 6
1>
b101100011110 @
b000001000000100 S
#31904
0B
#31912
b000001010011000 0
1B
b000001100001111 S
#31920
0>
0B
#31928
b000001100010000 1
b000001010011000 2
1B
b000000100001110 I
b000000100001100 P
b000001100010000 S
#31936
0B
#31940
b000001100010001 3
b000001010011001 4
b00001100010001 5
b101100011111 6
1>
b101100011111 @
b000001000000100 S
#31944
b000001010011001 0
1B
b000001100010000 S
#31952
0B
#31960
b000001100010001 1
b000001010011001 2
0>
1B
b000000100001111 I
b000000100001101 P
b000001100010001 S
#31968
0B
#31976
1B
#31980
b000001100010010 3
b000001010011011 4
b00001100010010 5
b101100100000 6
1>
b101100100000 @
b000001000000100 S
#31984
0B
#31992
b000001010011011 0
1B
b000001100010001 S
#32000
0>
0B
#32008
b000001100010010 1
b000001010011011 2
1B
b000000100010000 I
b000000100001110 P
b000001100010010 S
#32016
0B
#32020
b000001100010011 3
b000001010011010 4
b00001100010011 5
b101100100001 6
1>
b101100100001 @
b000001000000100 S
#32024
b000001010011010 0
1B
b000001100010010 S
#32032
0B
#32040
b000001100010011 1
b000001010011010 2
0>
1B
b000000100010001 I
b000000100001111 P
b000001100010011 S
#32048
0B
#32056
1B
#32060
b000001100010100 3
b000001010011110 4
b00001100010100 5
b101100100010 6
1>
b101100100010 @
b000001000000100 S
#32064
0B
#32072
b000001010011110 0
1B
b000001100010011 S
#32080
0>
0B
#32088
b000001100010100 1
b000001010011110 2
1B
b000000100010010 I
b000000100010000 P
b000001100010100 S
#32096
0B
#32100
b000001100010101 3
b000001010011111 4
b00001100010101 5
b101100100011 6
1>
b101100100011 @
b000001000000100 S
#32104
b000001010011111 0
1B
b000001100010100 S
#32112
0B
#32120
b000001100010101 1
b000001010011111 2
0>
1B
b000000100010011 I
b000000100010001 P
b000001100010101 S
#32128
0B
#32136
1B
#32140
b000001100010110 3
b000001010011101 4
b00001100010110 5
b101100100100 6
1>
b101100100100 @
b000001000000100 S
#32144
0B
#32152
b000001010011101 0
1B
b000001100010101 S
#32160
0>
0B
#32168
b000001100010110 1
b000001010011101 2
1B
b000000100010100 I
b000000100010010 P
b000001100010110 S
#32176
0B
#32180
b000001100010111 3
b000001010011100 4
b00001100010111 5
b101100100101 6
1>
b101100100101 @
b000001000000100 S
#32184
b000001010011100 0
1B
b000001100010110 S
#32192
0B
#32200
b000001100010111 1
b000001010011100 2
0>
1B
b000000100010101 I
b000000100010011 P
b000001100010111 S
#32208
0B
#32216
1B
#32220
b000001100011000 3
b000001010010100 4
b00001100011000 5
b101100100110 6
1>
b101100100110 @
b000001000000100 S
#32224
0B
#32232
b000001010010100 0
1B
b000001100010111 S
#32240
0>
0B
#32248
b000001100011000 1
b000001010010100 2
1B
b000000100010110 I
b000000100010100 P
b000001100011000 S
#32256
0B
#32260
b000001100011001 3
b000001010010101 4
b00001100011001 5
b101100100111 6
1>
b101100100111 @
b000001000000100 S
#32264
b000001010010101 0
1B
b000001100011000 S
#32272
0B
#32280
b000001100011001 1
b000001010010101 2
0>
1B
b000000100010111 I
b000000100010101 P
b000001100011001 S
#32288
0B
#32296
1B
#32300
b000001100011010 3
b000001010010111 4
b00001100011010 5
b101100101000 6
1>
b101100101000 @
b000001000000100 S
#32304
0B
#32312
b000001010010111 0
1B
b000001100011001 S
#32320
0>
0B
#32328
b000001100011010 1
b000001010010111 2
1B
b000000100011000 I
b000000100010110 P
b000001100011010 S
#32336
0B
#32340
b000001100011011 3
b000001010010110 4
b00001100011011 5
b101100101001 6
1>
b101100101001 @
b000001000000100 S
#32344
b000001010010110 0
1B
b000001100011010 S
#32352
0B
#32360
b000001100011011 1
b000001010010110 2
0>
1B
b000000100011001 I
b000000100010111 P
b000001100011011 S
#32368
0B
#32376
1B
#32380
b000001100011100 3
b000001010010010 4
b00001100011100 5
b101100101010 6
1>
b101100101010 @
b000001000000100 S
#32384
0B
#32392
b000001010010010 0
1B
b000001100011011 S
#32400
0>
0B
#32408
b000001100011100 1
b000001010010010 2
1B
b000000100011010 I
b000000100011000 P
b000001100011100 S
#32416
0B
#32420
b000001100011101 3
b000001010010011 4
b00001100011101 5
b101100101011 6
1>
b101100101011 @
b000001000000100 S
#32424
b000001010010011 0
1B
b000001100011100 S
#32432
0B
#32440
b000001100011101 1
b000001010010011 2
0>
1B
b000000100011011 I
b000000100011001 P
b000001100011101 S
#32448
0B
#32456
1B
#32460
b000001100011110 3
b000001010010001 4
b00001100011110 5
b101100101100 6
1>
b101100101100 @
b000001000000100 S
#32464
0B
#32472
b000001010010001 0
1B
b000001100011101 S
#32480
0>
0B
#32488
b000001100011110 1
b000001010010001 2
1B
b000000100011100 I
b000000100011010 P
b000001100011110 S
#32496
0B
#32500
b000001100011111 3
b000001010010000 4
b00001100011111 5
b101100101101 6
1>
b101100101101 @
b000001000000100 S
#32504
b000001010010000 0
1B
b000001100011110 S
#32512
0B
#32520
b000001100011111 1
b000001010010000 2
0>
1B
b000000100011101 I
b000000100011011 P
b000001100011111 S
#32528
0B
#32536
1B
#32540
b000001100100000 3
b000001010110000 4
b00001100100000 5
b101100101110 6
1>
b101100101110 @
b000001000000100 S
#32544
0B
#32552
b000001010110000 0
1B
b000001100011111 S
#32560
0>
0B
#32568
b000001100100000 1
b000001010110000 2
1B
b000000100011110 I
b000000100011100 P
b000001100100000 S
#32576
0B
#32580
b000001100100001 3
b000001010110001 4
b00001100100001 5
b101100101111 6
1>
b101100101111 @
b000001000000100 S
#32584
b000001010110001 0
1B
b000001100100000 S
#32592
0B
#32600
b000001100100001 1
b000001010110001 2
0>
1B
b000000100011111 I
b000000100011101 P
b000001100100001 S
#32608
0B
#32616
1B
#32620
b000001100100010 3
b000001010110011 4
b00001100100010 5
b101100110000 6
1>
b101100110000 @
b000001000000100 S
#32624
0B
#32632
b000001010110011 0
1B
b000001100100001 S
#32640
0>
0B
#32648
b000001100100010 1
b000001010110011 2
1B
b000000100100000 I
b000000100011110 P
b000001100100010 S
#32656
0B
#32660
b000001100100011 3
b000001010110010 4
b00001100100011 5
b101100110001 6
1>
b101100110001 @
b000001000000100 S
#32664
b000001010110010 0
1B
b000001100100010 S
#32672
0B
#32680
b000001100100011 1
b000001010110010 2
0>
1B
b000000100100001 I
b000000100011111 P
b000001100100011 S
#32688
0B
#32696
1B
#32700
b000001100100100 3
b000001010110110 4
b00001100100100 5
b101100110010 6
1>
b101100110010 @
b000001000000100 S
#32704
0B
#32712
b000001010110110 0
1B
b000001100100011 S
#32720
0>
0B
#32728
b000001100100100 1
b000001010110110 2
1B
b000000100100010 I
b000000100100000 P
b000001100100100 S
#32736
0B
#32740
b000001100100101 3
b000001010110111 4
b00001100100101 5
b101100110011 6
1>
b101100110011 @
b000001000000100 S
#32744
b000001010110111 0
1B
b000001100100100 S
#32752
0B
#32760
b000001100100101 1
b000001010110111 2
0>
1B
b000000100100011 I
b000000100100001 P
b000001100100101 S
#32768
0B
#32776
1B
#32780
b000001100100110 3
b000001010110101 4
b00001100100110 5
b101100110100 6
1>
b101100110100 @
b000001000000100 S
#32784
0B
#32792
b000001010110101 0
1B
b000001100100101 S
#32800
0>
0B
#32808
b000001100100110 1
b000001010110101 2
1B
b000000100100100 I
b000000100100010 P
b000001100100110 S
#32816
0B
#32820
b000001100100111 3
b000001010110100 4
b00001100100111 5
b101100110101 6
1>
b101100110101 @
b000001000000100 S
#32824
b000001010110100 0
1B
b000001100100110 S
#32832
0B
#32840
b000001100100111 1
b000001010110100 2
0>
1B
b000000100100101 I
b000000100100011 P
b000001100100111 S
#32848
0B
#32856
1B
#32860
b000001100101000 3
b000001010111100 4
b00001100101000 5
b101100110110 6
1>
b101100110110 @
b000001000000100 S
#32864
0B
#32872
b000001010111100 0
1B
b000001100100111 S
#32880
0>
0B
#32888
b000001100101000 1
b000001010111100 2
1B
b000000100100110 I
b000000100100100 P
b000001100101000 S
#32896
0B
#32900
b000001100101001 3
b000001010111101 4
b00001100101001 5
b101100110111 6
1>
b101100110111 @
b000001000000100 S
#32904
b000001010111101 0
1B
b000001100101000 S
#32912
0B
#32920
b000001100101001 1
b000001010111101 2
0>
1B
b000000100100111 I
b000000100100101 P
b000001100101001 S
#32928
0B
#32936
1B
#32940
b000001100101010 3
b000001010111111 4
b00001100101010 5
b101100111000 6
1>
b101100111000 @
b000001000000100 S
#32944
0B
#32952
b000001010111111 0
1B
b000001100101001 S
#32960
0>
0B
#32968
b000001100101010 1
b000001010111111 2
1B
b000000100101000 I
b000000100100110 P
b000001100101010 S
#32976
0B
#32980
b000001100101011 3
b000001010111110 4
b00001100101011 5
b101100111001 6
1>
b101100111001 @
b000001000000100 S
#32984
b000001010111110 0
1B
b000001100101010 S
#32992
0B
#33000
b000001100101011 1
b000001010111110 2
0>
1B
b000000100101001 I
b000000100100111 P
b000001100101011 S
#33008
0B
#33016
1B
#33020
b000001100101100 3
b000001010111010 4
b00001100101100 5
b101100111010 6
1>
b101100111010 @
b000001000000100 S
#33024
0B
#33032
b000001010111010 0
1B
b000001100101011 S
#33040
0>
0B
#33048
b000001100101100 1
b000001010111010 2
1B
b000000100101010 I
b000000100101000 P
b000001100101100 S
#33056
0B
#33060
b000001100101101 3
b000001010111011 4
b00001100101101 5
b101100111011 6
1>
b101100111011 @
b000001000000100 S
#33064
b000001010111011 0
1B
b000001100101100 S
#33072
0B
#33080
b000001100101101 1
b000001010111011 2
0>
1B
b000000100101011 I
b000000100101001 P
b000001100101101 S
#33088
0B
#33096
1B
#33100
b000001100101110 3
b000001010111001 4
b00001100101110 5
b101100111100 6
1>
b101100111100 @
b000001000000100 S
#33104
0B
#33112
b000001010111001 0
1B
b000001100101101 S
#33120
0>
0B
#33128
b000001100101110 1
b000001010111001 2
1B
b000000100101100 I
b000000100101010 P
b000001100101110 S
#33136
0B
#33140
b000001100101111 3
b000001010111000 4
b00001100101111 5
b101100111101 6
1>
b101100111101 @
b000001000000100 S
#33144
b000001010111000 0
1B
b000001100101110 S
#33152
0B
#33160
b000001100101111 1
b000001010111000 2
0>
1B
b000000100101101 I
b000000100101011 P
b000001100101111 S
#33168
0B
#33176
1B
#33180
b000001100110000 3
b000001010101000 4
b00001100110000 5
b101100111110 6
1>
b101100111110 @
b000001000000100 S
#33184
0B
#33192
b000001010101000 0
1B
b000001100101111 S
#33200
0>
0B
#33208
b000001100110000 1
b000001010101000 2
1B
b000000100101110 I
b000000100101100 P
b000001100110000 S
#33216
0B
#33220
b000001100110001 3
b000001010101001 4
b00001100110001 5
b101100111111 6
1>
b101100111111 @
b000001000000100 S
#33224
b000001010101001 0
1B
b000001100110000 S
#33232
0B
#33240
b000001100110001 1
b000001010101001 2
0>
1B
b000000100101111 I
b000000100101101 P
b000001100110001 S
#33248
0B
#33256
1B
#33260
b000001100110010 3
b000001010101011 4
b00001100110010 5
b101101000000 6
1>
b101101000000 @
b000001000000100 S
#33264
0B
#33272
b000001010101011 0
1B
b000001100110001 S
#33280
0>
0B
#33288
b000001100110010 1
b000001010101011 2
1B
b000000100110000 I
b000000100101110 P
b000001100110010 S
#33296
0B
#33300
b000001100110011 3
b000001010101010 4
b00001100110011 5
b101101000001 6
1>
b101101000001 @
b000001000000100 S
#33304
b000001010101010 0
1B
b000001100110010 S
#33312
0B
#33320
b000001100110011 1
b000001010101010 2
0>
1B
b000000100110001 I
b000000100101111 P
b000001100110011 S
#33328
0B
#33336
1B
#33340
b000001100110100 3
b000001010101110 4
b00001100110100 5
b101101000010 6
1>
b101101000010 @
b000001000000100 S
#33344
0B
#33352
b000001010101110 0
1B
b000001100110011 S
#33360
0>
0B
#33368
b000001100110100 1
b000001010101110 2
1B
b000000100110010 I
b000000100110000 P
b000001100110100 S
#33376
0B
#33380
b000001100110101 3
b000001010101111 4
b00001100110101 5
b101101000011 6
1>
b101101000011 @
b000001000000100 S
#33384
b000001010101111 0
1B
b000001100110100 S
#33392
0B
#33400
b000001100110101 1
b000001010101111 2
0>
1B
b000000100110011 I
b000000100110001 P
b000001100110101 S
#33408
0B
#33416
1B
#33420
b000001100110110 3
b000001010101101 4
b00001100110110 5
b101101000100 6
1>
b101101000100 @
b000001000000100 S
#33424
0B
#33432
b000001010101101 0
1B
b000001100110101 S
#33440
0>
0B
#33448
b000001100110110 1
b000001010101101 2
1B
b000000100110100 I
b000000100110010 P
b000001100110110 S
#33456
0B
#33460
b000001100110111 3
b000001010101100 4
b00001100110111 5
b101101000101 6
1>
b101101000101 @
b000001000000100 S
#33464
b000001010101100 0
1B
b000001100110110 S
#33472
0B
#33480
b000001100110111 1
b000001010101100 2
0>
1B
b000000100110101 I
b000000100110011 P
b000001100110111 S
#33488
0B
#33496
1B
#33500
b000001100111000 3
b000001010100100 4
b00001100111000 5
b101101000110 6
1>
b101101000110 @
b000001000000100 S
#33504
0B
#33512
b000001010100100 0
1B
b000001100110111 S
#33520
0>
0B
#33528
b000001100111000 1
b000001010100100 2
1B
b000000100110110 I
b000000100110100 P
b000001100111000 S
#33536
0B
#33540
b000001100111001 3
b000001010100101 4
b00001100111001 5
b101101000111 6
1>
b101101000111 @
b000001000000100 S
#33544
b000001010100101 0
1B
b000001100111000 S
#33552
0B
#33560
b000001100111001 1
b000001010100101 2
0>
1B
b000000100110111 I
b000000100110101 P
b000001100111001 S
#33568
0B
#33576
1B
#33580
b000001100111010 3
b000001010100111 4
b00001100111010 5
b101101001000 6
1>
b101101001000 @
b000001000000100 S
#33584
0B
#33592
b000001010100111 0
1B
b000001100111001 S
#33600
0>
0B
#33608
b000001100111010 1
b000001010100111 2
1B
b000000100111000 I
b000000100110110 P
b000001100111010 S
#33616
0B
#33620
b000001100111011 3
b000001010100110 4
b00001100111011 5
b101101001001 6
1>
b101101001001 @
b000001000000100 S
#33624
b000001010100110 0
1B
b000001100111010 S
#33632
0B
#33640
b000001100111011 1
b000001010100110 2
0>
1B
b000000100111001 I
b000000100110111 P
b000001100111011 S
#33648
0B
#33656
1B
#33660
b000001100111100 3
b000001010100010 4
b00001100111100 5
b101101001010 6
1>
b101101001010 @
b000001000000100 S
#33664
0B
#33672
b000001010100010 0
1B
b000001100111011 S
#33680
0>
0B
#33688
b000001100111100 1
b000001010100010 2
1B
b000000100111010 I
b000000100111000 P
b000001100111100 S
#33696
0B
#33700
b000001100111101 3
b000001010100011 4
b00001100111101 5
b101101001011 6
1>
b101101001011 @
b000001000000100 S
#33704
b000001010100011 0
1B
b000001100111100 S
#33712
0B
#33720
b000001100111101 1
b000001010100011 2
0>
1B
b000000100111011 I
b000000100111001 P
b000001100111101 S
#33728
0B
#33736
1B
#33740
b000001100111110 3
b000001010100001 4
b00001100111110 5
b101101001100 6
1>
b101101001100 @
b000001000000100 S
#33744
0B
#33752
b000001010100001 0
1B
b000001100111101 S
#33760
0>
0B
#33768
b000001100111110 1
b000001010100001 2
1B
b000000100111100 I
b000000100111010 P
b000001100111110 S
#33776
0B
#33780
b000001100111111 3
b000001010100000 4
b00001100111111 5
b101101001101 6
1>
b101101001101 @
b000001000000100 S
#33784
b000001010100000 0
1B
b000001100111110 S
#33792
0B
#33800
b000001100111111 1
b000001010100000 2
0>
1B
b000000100111101 I
b000000100111011 P
b000001100111111 S
#33808
0B
#33816
1B
#33820
b000001101000000 3
b000001011100000 4
b00001101000000 5
b101101001110 6
1>
b101101001110 @
b000001000000100 S
#33824
0B
#33832
b000001011100000 0
1B
b000001100111111 S
#33840
0>
0B
#33848
b000001101000000 1
b000001011100000 2
1B
b000000100111110 I
b000000100111100 P
b000001101000000 S
#33856
0B
#33860
b000001101000001 3
b000001011100001 4
b00001101000001 5
b101101001111 6
1>
b101101001111 @
b000001000000100 S
#33864
b000001011100001 0
1B
b000001101000000 S
#33872
0B
#33880
b000001101000001 1
b000001011100001 2
0>
1B
b000000100111111 I
b000000100111101 P
b000001101000001 S
#33888
0B
#33896
1B
#33900
b000001101000010 3
b000001011100011 4
b00001101000010 5
b101101010000 6
1>
b101101010000 @
b000001000000100 S
#33904
0B
#33912
b000001011100011 0
1B
b000001101000001 S
#33920
0>
0B
#33928
b000001101000010 1
b000001011100011 2
1B
b000000101000000 I
b000000100111110 P
b000001101000010 S
#33936
0B
#33940
b000001101000011 3
b000001011100010 4
b00001101000011 5
b101101010001 6
1>
b101101010001 @
b000001000000100 S
#33944
b000001011100010 0
1B
b000001101000010 S
#33952
0B
#33960
b000001101000011 1
b000001011100010 2
0>
1B
b000000101000001 I
b000000100111111 P
b000001101000011 S
#33968
0B
#33976
1B
#33980
b000001101000100 3
b000001011100110 4
b00001101000100 5
b101101010010 6
1>
b101101010010 @
b000001000000100 S
#33984
0B
#33992
b000001011100110 0
1B
b000001101000011 S
#34000
0>
0B
#34008
b000001101000100 1
b000001011100110 2
1B
b000000101000010 I
b000000101000000 P
b000001101000100 S
#34016
0B
#34020
b000001101000101 3
b000001011100111 4
b00001101000101 5
b101101010011 6
1>
b101101010011 @
b000001000000100 S
#34024
b000001011100111 0
1B
b000001101000100 S
#34032
0B
#34040
b000001101000101 1
b000001011100111 2
0>
1B
b000000101000011 I
b000000101000001 P
b000001101000101 S
#34048
0B
#34056
1B
#34060
b000001101000110 3
b000001011100101 4
b00001101000110 5
b101101010100 6
1>
b101101010100 @
b000001000000100 S
#34064
0B
#34072
b000001011100101 0
1B
b000001101000101 S
#34080
0>
0B
#34088
b000001101000110 1
b000001011100101 2
1B
b000000101000100 I
b000000101000010 P
b000001101000110 S
#34096
0B
#34100
b000001101000111 3
b000001011100100 4
b00001101000111 5
b101101010101 6
1>
b101101010101 @
b000001000000100 S
#34104
b000001011100100 0
1B
b000001101000110 S
#34112
0B
#34120
b000001101000111 1
b000001011100100 2
0>
1B
b000000101000101 I
b000000101000011 P
b000001101000111 S
#34128
0B
#34136
1B
#34140
b000001101001000 3
b000001011101100 4
b00001101001000 5
b101101010110 6
1>
b101101010110 @
b000001000000100 S
#34144
0B
#34152
b000001011101100 0
1B
b000001101000111 S
#34160
0>
0B
#34168
b000001101001000 1
b000001011101100 2
1B
b000000101000110 I
b000000101000100 P
b000001101001000 S
#34176
0B
#34180
b000001101001001 3
b000001011101101 4
b00001101001001 5
b101101010111 6
1>
b101101010111 @
b000001000000100 S
#34184
b000001011101101 0
1B
b000001101001000 S
#34192
0B
#34200
b000001101001001 1
b000001011101101 2
0>
1B
b000000101000111 I
b000000101000101 P
b000001101001001 S
#34208
0B
#34216
1B
#34220
b000001101001010 3
b000001011101111 4
b00001101001010 5
b101101011000 6
1>
b101101011000 @
b000001000000100 S
#34224
0B
#34232
b000001011101111 0
1B
b000001101001001 S
#34240
0>
0B
#34248
b000001101001010 1
b000001011101111 2
1B
b000000101001000 I
b000000101000110 P
b000001101001010 S
#34256
0B
#34260
b000001101001011 3
b000001011101110 4
b00001101001011 5
b101101011001 6
1>
b101101011001 @
b000001000000100 S
#34264
b000001011101110 0
1B
b000001101001010 S
#34272
0B
#34280
b000001101001011 1
b000001011101110 2
0>
1B
b000000101001001 I
b000000101000111 P
b000001101001011 S
#34288
0B
#34296
1B
#34300
b000001101001100 3
b000001011101010 4
b00001101001100 5
b101101011010 6
1>
b101101011010 @
b000001000000100 S
#34304
0B
#34312
b000001011101010 0
1B
b000001101001011 S
#34320
0>
0B
#34328
b000001101001100 1
b000001011101010 2
1B
b000000101001010 I
b000000101001000 P
b000001101001100 S
#34336
0B
#34340
b000001101001101 3
b000001011101011 4
b00001101001101 5
b101101011011 6
1>
b101101011011 @
b000001000000100 S
#34344
b000001011101011 0
1B
b000001101001100 S
#34352
0B
#34360
b000001101001101 1
b000001011101011 2
0>
1B
b000000101001011 I
b000000101001001 P
b000001101001101 S
#34368
0B
#34376
1B
#34380
b000001101001110 3
b000001011101001 4
b00001101001110 5
b101101011100 6
1>
b101101011100 @
b000001000000100 S
#34384
0B
#34392
b000001011101001 0
1B
b000001101001101 S
#34400
0>
0B
#34408
b000001101001110 1
b000001011101001 2
1B
b000000101001100 I
b000000101001010 P
b000001101001110 S
#34416
0B
#34420
b000001101001111 3
b000001011101000 4
b00001101001111 5
b101101011101 6
1>
b101101011101 @
b000001000000100 S
#34424
b000001011101000 0
1B
b000001101001110 S
#34432
0B
#34440
b000001101001111 1
b000001011101000 2
0>
1B
b000000101001101 I
b000000101001011 P
b000001101001111 S
#34448
0B
#34456
1B
#34460
b000001101010000 3
b000001011111000 4
b00001101010000 5
b101101011110 6
1>
b101101011110 @
b000001000000100 S
#34464
0B
#34472
b000001011111000 0
1B
b000001101001111 S
#34480
0>
0B
#34488
b000001101010000 1
b000001011111000 2
1B
b000000101001110 I
b000000101001100 P
b000001101010000 S
#34496
0B
#34500
b000001101010001 3
b000001011111001 4
b00001101010001 5
b101101011111 6
1>
b101101011111 @
b000001000000100 S
#34504
b000001011111001 0
1B
b000001101010000 S
#34512
0B
#34520
b000001101010001 1
b000001011111001 2
0>
1B
b000000101001111 I
b000000101001101 P
b000001101010001 S
#34528
0B
#34536
1B
#34540
b000001101010010 3
b000001011111011 4
b00001101010010 5
b101101100000 6
1>
b101101100000 @
b000001000000100 S
#34544
0B
#34552
b000001011111011 0
1B
b000001101010001 S
#34560
0>
0B
#34568
b000001101010010 1
b000001011111011 2
1B
b000000101010000 I
b000000101001110 P
b000001101010010 S
#34576
0B
#34580
b000001101010011 3
b000001011111010 4
b00001101010011 5
b101101100001 6
1>
b101101100001 @
b000001000000100 S
#34584
b000001011111010 0
1B
b000001101010010 S
#34592
0B
#34600
b000001101010011 1
b000001011111010 2
0>
1B
b000000101010001 I
b000000101001111 P
b000001101010011 S
#34608
0B
#34616
1B
#34620
b000001101010100 3
b000001011111110 4
b00001101010100 5
b101101100010 6
1>
b101101100010 @
b000001000000100 S
#34624
0B
#34632
b000001011111110 0
1B
b000001101010011 S
#34640
0>
0B
#34648
b000001101010100 1
b000001011111110 2
1B
b000000101010010 I
b000000101010000 P
b000001101010100 S
#34656
0B
#34660
b000001101010101 3
b000001011111111 4
b00001101010101 5
b101101100011 6
1>
b101101100011 @
b000001000000100 S
#34664
b000001011111111 0
1B
b000001101010100 S
#34672
0B
#34680
b000001101010101 1
b000001011111111 2
0>
1B
b000000101010011 I
b000000101010001 P
b000001101010101 S
#34688
0B
#34696
1B
#34700
b000001101010110 3
b000001011111101 4
b00001101010110 5
b101101100100 6
1>
b101101100100 @
b000001000000100 S
#34704
0B
#34712
b000001011111101 0
1B
b000001101010101 S
#34720
0>
0B
#34728
b000001101010110 1
b000001011111101 2
1B
b000000101010100 I
b000000101010010 P
b000001101010110 S
#34736
0B
#34740
b000001101010111 3
b000001011111100 4
b00001101010111 5
b101101100101 6
1>
b101101100101 @
b000001000000100 S
#34744
b000001011111100 0
1B
b000001101010110 S
#34752
0B
#34760
b000001101010111 1
b000001011111100 2
0>
1B
b000000101010101 I
b000000101010011 P
b000001101010111 S
#34768
0B
#34776
1B
#34780
b000001101011000 3
b000001011110100 4
b00001101011000 5
b101101100110 6
1>
b101101100110 @
b000001000000100 S
#34784
0B
#34792
b000001011110100 0
1B
b000001101010111 S
#34800
0>
0B
#34808
b000001101011000 1
b000001011110100 2
1B
b000000101010110 I
b000000101010100 P
b000001101011000 S
#34816
0B
#34820
b000001101011001 3
b000001011110101 4
b00001101011001 5
b101101100111 6
1>
b101101100111 @
b000001000000100 S
#34824
b000001011110101 0
1B
b000001101011000 S
#34832
0B
#34840
b000001101011001 1
b000001011110101 2
0>
1B
b000000101010111 I
b000000101010101 P
b000001101011001 S
#34848
0B
#34856
1B
#34860
b000001101011010 3
b000001011110111 4
b00001101011010 5
b101101101000 6
1>
b101101101000 @
b000001000000100 S
#34864
0B
#34872
b000001011110111 0
1B
b000001101011001 S
#34880
0>
0B
#34888
b000001101011010 1
b000001011110111 2
1B
b000000101011000 I
b000000101010110 P
b000001101011010 S
#34896
0B
#34900
b000001101011011 3
b000001011110110 4
b00001101011011 5
b101101101001 6
1>
b101101101001 @
b000001000000100 S
#34904
b000001011110110 0
1B
b000001101011010 S
#34912
0B
#34920
b000001101011011 1
b000001011110110 2
0>
1B
b000000101011001 I
b000000101010111 P
b000001101011011 S
#34928
0B
#34936
1B
#34940
b000001101011100 3
b000001011110010 4
b00001101011100 5
b101101101010 6
1>
b101101101010 @
b000001000000100 S
#34944
0B
#34952
b000001011110010 0
1B
b000001101011011 S
#34960
0>
0B
#34968
b000001101011100 1
b000001011110010 2
1B
b000000101011010 I
b000000101011000 P
b000001101011100 S
#34976
0B
#34980
b000001101011101 3
b000001011110011 4
b00001101011101 5
b101101101011 6
1>
b101101101011 @
b000001000000100 S
#34984
b000001011110011 0
1B
b000001101011100 S
#34992
0B
#35000
b000001101011101 1
b000001011110011 2
0>
1B
b000000101011011 I
b000000101011001 P
b000001101011101 S
#35008
0B
#35016
1B
#35020
b000001101011110 3
b000001011110001 4
b00001101011110 5
b101101101100 6
1>
b101101101100 @
b000001000000100 S
#35024
0B
#35032
b000001011110001 0
1B
b000001101011101 S
#35040
0>
0B
#35048
b000001101011110 1
b000001011110001 2
1B
b000000101011100 I
b000000101011010 P
b000001101011110 S
#35056
0B
#35060
b000001101011111 3
b000001011110000 4
b00001101011111 5
b101101101101 6
1>
b101101101101 @
b000001000000100 S
#35064
b000001011110000 0
1B
b000001101011110 S
#35072
0B
#35080
b000001101011111 1
b000001011110000 2
0>
1B
b000000101011101 I
b000000101011011 P
b000001101011111 S
#35088
0B
#35096
1B
#35100
b000001101100000 3
b000001011010000 4
b00001101100000 5
b101101101110 6
1>
b101101101110 @
b000001000000100 S
#35104
0B
#35112
b000001011010000 0
1B
b000001101011111 S
#35120
0>
0B
#35128
b000001101100000 1
b000001011010000 2
1B
b000000101011110 I
b000000101011100 P
b000001101100000 S
#35136
0B
#35140
b000001101100001 3
b000001011010001 4
b00001101100001 5
b101101101111 6
1>
b101101101111 @
b000001000000100 S
#35144
b000001011010001 0
1B
b000001101100000 S
#35152
0B
#35160
b000001101100001 1
b000001011010001 2
0>
1B
b000000101011111 I
b000000101011101 P
b000001101100001 S
#35168
0B
#35176
1B
#35180
b000001101100010 3
b000001011010011 4
b00001101100010 5
b101101110000 6
1>
b101101110000 @
b000001000000100 S
#35184
0B
#35192
b000001011010011 0
1B
b000001101100001 S
#35200
0>
0B
#35208
b000001101100010 1
b000001011010011 2
1B
b000000101100000 I
b000000101011110 P
b000001101100010 S
#35216
0B
#35220
b000001101100011 3
b000001011010010 4
b00001101100011 5
b101101110001 6
1>
b101101110001 @
b000001000000100 S
#35224
b000001011010010 0
1B
b000001101100010 S
#35232
0B
#35240
b000001101100011 1
b000001011010010 2
0>
1B
b000000101100001 I
b000000101011111 P
b000001101100011 S
#35248
0B
#35256
1B
#35260
b000001101100100 3
b000001011010110 4
b00001101100100 5
b101101110010 6
1>
b101101110010 @
b000001000000100 S
#35264
0B
#35272
b000001011010110 0
1B
b000001101100011 S
#35280
0>
0B
#35288
b000001101100100 1
b000001011010110 2
1B
b000000101100010 I
b000000101100000 P
b000001101100100 S
#35296
0B
#35300
b000001101100101 3
b000001011010111 4
b00001101100101 5
b101101110011 6
1>
b101101110011 @
b000001000000100 S
#35304
b000001011010111 0
1B
b000001101100100 S
#35312
0B
#35320
b000001101100101 1
b000001011010111 2
0>
1B
b000000101100011 I
b000000101100001 P
b000001101100101 S
#35328
0B
#35336
1B
#35340
b000001101100110 3
b000001011010101 4
b00001101100110 5
b101101110100 6
1>
b101101110100 @
b000001000000100 S
#35344
0B
#35352
b000001011010101 0
1B
b000001101100101 S
#35360
0>
0B
#35368
b000001101100110 1
b000001011010101 2
1B
b000000101100100 I
b000000101100010 P
b000001101100110 S
#35376
0B
#35380
b000001101100111 3
b000001011010100 4
b00001101100111 5
b101101110101 6
1>
b101101110101 @
b000001000000100 S
#35384
b000001011010100 0
1B
b000001101100110 S
#35392
0B
#35400
b000001101100111 1
b000001011010100 2
0>
1B
b000000101100101 I
b000000101100011 P
b000001101100111 S
#35408
0B
#35416
1B
#35420
b000001101101000 3
b000001011011100 4
b00001101101000 5
b101101110110 6
1>
b101101110110 @
b000001000000100 S
#35424
0B
#35432
b000001011011100 0
1B
b000001101100111 S
#35440
0>
0B
#35448
b000001101101000 1
b000001011011100 2
1B
b000000101100110 I
b000000101100100 P
b000001101101000 S
#35456
0B
#35460
b000001101101001 3
b000001011011101 4
b00001101101001 5
b101101110111 6
1>
b101101110111 @
b000001000000100 S
#35464
b000001011011101 0
1B
b000001101101000 S
#35472
0B
#35480
b000001101101001 1
b000001011011101 2
0>
1B
b000000101100111 I
b000000101100101 P
b000001101101001 S
#35488
0B
#35496
1B
#35500
b000001101101010 3
b000001011011111 4
b00001101101010 5
b101101111000 6
1>
b101101111000 @
b000001000000100 S
#35504
0B
#35512
b000001011011111 0
1B
b000001101101001 S
#35520
0>
0B
#35528
b000001101101010 1
b000001011011111 2
1B
b000000101101000 I
b000000101100110 P
b000001101101010 S
#35536
0B
#35540
b000001101101011 3
b000001011011110 4
b00001101101011 5
b101101111001 6
1>
b101101111001 @
b000001000000100 S
#35544
b000001011011110 0
1B
b000001101101010 S
#35552
0B
#35560
b000001101101011 1
b000001011011110 2
0>
1B
b000000101101001 I
b000000101100111 P
b000001101101011 S
#35568
0B
#35576
1B
#35580
b000001101101100 3
b000001011011010 4
b00001101101100 5
b101101111010 6
1>
b101101111010 @
b000001000000100 S
#35584
0B
#35592
b000001011011010 0
1B
b000001101101011 S
#35600
0>
0B
#35608
b000001101101100 1
b000001011011010 2
1B
b000000101101010 I
b000000101101000 P
b000001101101100 S
#35616
0B
#35620
b000001101101101 3
b000001011011011 4
b00001101101101 5
b101101111011 6
1>
b101101111011 @
b000001000000100 S
#35624
b000001011011011 0
1B
b000001101101100 S
#35632
0B
#35640
b000001101101101 1
b000001011011011 2
0>
1B
b000000101101011 I
b000000101101001 P
b000001101101101 S
#35648
0B
#35656
1B
#35660
b000001101101110 3
b000001011011001 4
b00001101101110 5
b101101111100 6
1>
b101101111100 @
b000001000000100 S
#35664
0B
#35672
b000001011011001 0
1B
b000001101101101 S
#35680
0>
0B
#35688
b000001101101110 1
b000001011011001 2
1B
b000000101101100 I
b000000101101010 P
b000001101101110 S
#35696
0B
#35700
b000001101101111 3
b000001011011000 4
b00001101101111 5
b101101111101 6
1>
b101101111101 @
b000001000000100 S
#35704
b000001011011000 0
1B
b000001101101110 S
#35712
0B
#35720
b000001101101111 1
b000001011011000 2
0>
1B
b000000101101101 I
b000000101101011 P
b000001101101111 S
#35728
0B
#35736
1B
#35740
b000001101110000 3
b000001011001000 4
b00001101110000 5
b101101111110 6
1>
b101101111110 @
b000001000000100 S
#35744
0B
#35752
b000001011001000 0
1B
b000001101101111 S
#35760
0>
0B
#35768
b000001101110000 1
b000001011001000 2
1B
b000000101101110 I
b000000101101100 P
b000001101110000 S
#35776
0B
#35780
b000001101110001 3
b000001011001001 4
b00001101110001 5
b101101111111 6
1>
b101101111111 @
b000001000000100 S
#35784
b000001011001001 0
1B
b000001101110000 S
#35792
0B
#35800
b000001101110001 1
b000001011001001 2
0>
1B
b000000101101111 I
b000000101101101 P
b000001101110001 S
#35808
0B
#35816
1B
#35820
b000001101110010 3
b000001011001011 4
b00001101110010 5
b101110000000 6
1>
b101110000000 @
b000001000000100 S
#35824
0B
#35832
b000001011001011 0
1B
b000001101110001 S
#35840
0>
0B
#35848
b000001101110010 1
b000001011001011 2
1B
b000000101110000 I
b000000101101110 P
b000001101110010 S
#35856
0B
#35860
b000001101110011 3
b000001011001010 4
b00001101110011 5
b101110000001 6
1>
b101110000001 @
b000001000000100 S
#35864
b000001011001010 0
1B
b000001101110010 S
#35872
0B
#35880
b000001101110011 1
b000001011001010 2
0>
1B
b000000101110001 I
b000000101101111 P
b000001101110011 S
#35888
0B
#35896
1B
#35900
b000001101110100 3
b000001011001110 4
b00001101110100 5
b101110000010 6
1>
b101110000010 @
b000001000000100 S
#35904
0B
#35912
b000001011001110 0
1B
b000001101110011 S
#35920
0>
0B
#35928
b000001101110100 1
b000001011001110 2
1B
b000000101110010 I
b000000101110000 P
b000001101110100 S
#35936
0B
#35940
b000001101110101 3
b000001011001111 4
b00001101110101 5
b101110000011 6
1>
b101110000011 @
b000001000000100 S
#35944
b000001011001111 0
1B
b000001101110100 S
#35952
0B
#35960
b000001101110101 1
b000001011001111 2
0>
1B
b000000101110011 I
b000000101110001 P
b000001101110101 S
#35968
0B
#35976
1B
#35980
b000001101110110 3
b000001011001101 4
b00001101110110 5
b101110000100 6
1>
b101110000100 @
b000001000000100 S
#35984
0B
#35992
b000001011001101 0
1B
b000001101110101 S
#36000
0>
0B
#36008
b000001101110110 1
b000001011001101 2
1B
b000000101110100 I
b000000101110010 P
b000001101110110 S
#36016
0B
#36020
b000001101110111 3
b000001011001100 4
b00001101110111 5
b101110000101 6
1>
b101110000101 @
b000001000000100 S
#36024
b000001011001100 0
1B
b000001101110110 S
#36032
0B
#36040
b000001101110111 1
b000001011001100 2
0>
1B
b000000101110101 I
b000000101110011 P
b000001101110111 S
#36048
0B
#36056
1B
#36060
b000001101111000 3
b000001011000100 4
b00001101111000 5
b101110000110 6
1>
b101110000110 @
b000001000000100 S
#36064
0B
#36072
b000001011000100 0
1B
b000001101110111 S
#36080
0>
0B
#36088
b000001101111000 1
b000001011000100 2
1B
b000000101110110 I
b000000101110100 P
b000001101111000 S
#36096
0B
#36100
b000001101111001 3
b000001011000101 4
b00001101111001 5
b101110000111 6
1>
b101110000111 @
b000001000000100 S
#36104
b000001011000101 0
1B
b000001101111000 S
#36112
0B
#36120
b000001101111001 1
b000001011000101 2
0>
1B
b000000101110111 I
b000000101110101 P
b000001101111001 S
#36128
0B
#36136
1B
#36140
b000001101111010 3
b000001011000111 4
b00001101111010 5
b101110001000 6
1>
b101110001000 @
b000001000000100 S
#36144
0B
#36152
b000001011000111 0
1B
b000001101111001 S
#36160
0>
0B
#36168
b000001101111010 1
b000001011000111 2
1B
b000000101111000 I
b000000101110110 P
b000001101111010 S
#36176
0B
#36180
b000001101111011 3
b000001011000110 4
b00001101111011 5
b101110001001 6
1>
b101110001001 @
b000001000000100 S
#36184
b000001011000110 0
1B
b000001101111010 S
#36192
0B
#36200
b000001101111011 1
b000001011000110 2
0>
1B
b000000101111001 I
b000000101110111 P
b000001101111011 S
#36208
0B
#36216
1B
#36220
b000001101111100 3
b000001011000010 4
b00001101111100 5
b101110001010 6
1>
b101110001010 @
b000001000000100 S
#36224
0B
#36232
b000001011000010 0
1B
b000001101111011 S
#36240
0>
0B
#36248
b000001101111100 1
b000001011000010 2
1B
b000000101111010 I
b000000101111000 P
b000001101111100 S
#36256
0B
#36260
b000001101111101 3
b000001011000011 4
b00001101111101 5
b101110001011 6
1>
b101110001011 @
b000001000000100 S
#36264
b000001011000011 0
1B
b000001101111100 S
#36272
0B
#36280
b000001101111101 1
b000001011000011 2
0>
1B
b000000101111011 I
b000000101111001 P
b000001101111101 S
#36288
0B
#36296
1B
#36300
b000001101111110 3
b000001011000001 4
b00001101111110 5
b101110001100 6
1>
b101110001100 @
b000001000000100 S
#36304
0B
#36312
b000001011000001 0
1B
b000001101111101 S
#36320
0>
0B
#36328
b000001101111110 1
b000001011000001 2
1B
b000000101111100 I
b000000101111010 P
b000001101111110 S
#36336
0B
#36340
b000001101111111 3
b000001011000000 4
b00001101111111 5
b101110001101 6
1>
b101110001101 @
b000001000000100 S
#36344
b000001011000000 0
1B
b000001101111110 S
#36352
0B
#36360
b000001101111111 1
b000001011000000 2
0>
1B
b000000101111101 I
b000000101111011 P
b000001101111111 S
#36368
0B
#36376
1B
#36380
b000001110000000 3
b000001001000000 4
b00001110000000 5
b101110001110 6
1>
b101110001110 @
b000001000000100 S
#36384
0B
#36392
b000001001000000 0
1B
b000001101111111 S
#36400
0>
0B
#36408
b000001110000000 1
b000001001000000 2
1B
b000000101111110 I
b000000101111100 P
b000001110000000 S
#36416
0B
#36420
b000001110000001 3
b000001001000001 4
b00001110000001 5
b101110001111 6
1>
b101110001111 @
b000001000000100 S
#36424
b000001001000001 0
1B
b000001110000000 S
#36432
0B
#36440
b000001110000001 1
b000001001000001 2
0>
1B
b000000101111111 I
b000000101111101 P
b000001110000001 S
#36448
0B
#36456
1B
#36460
b000001110000010 3
b000001001000011 4
b00001110000010 5
b101110010000 6
1>
b101110010000 @
b000001000000100 S
#36464
0B
#36472
b000001001000011 0
1B
b000001110000001 S
#36480
0>
0B
#36488
b000001110000010 1
b000001001000011 2
1B
b000000110000000 I
b000000101111110 P
b000001110000010 S
#36496
0B
#36500
b000001110000011 3
b000001001000010 4
b00001110000011 5
b101110010001 6
1>
b101110010001 @
b000001000000100 S
#36504
b000001001000010 0
1B
b000001110000010 S
#36512
0B
#36520
b000001110000011 1
b000001001000010 2
0>
1B
b000000110000001 I
b000000101111111 P
b000001110000011 S
#36528
0B
#36536
1B
#36540
b000001110000100 3
b000001001000110 4
b00001110000100 5
b101110010010 6
1>
b101110010010 @
b000001000000100 S
#36544
0B
#36552
b000001001000110 0
1B
b000001110000011 S
#36560
0>
0B
#36568
b000001110000100 1
b000001001000110 2
1B
b000000110000010 I
b000000110000000 P
b000001110000100 S
#36576
0B
#36580
b000001110000101 3
b000001001000111 4
b00001110000101 5
b101110010011 6
1>
b101110010011 @
b000001000000100 S
#36584
b000001001000111 0
1B
b000001110000100 S
#36592
0B
#36600
b000001110000101 1
b000001001000111 2
0>
1B
b000000110000011 I
b000000110000001 P
b000001110000101 S
#36608
0B
#36616
1B
#36620
b000001110000110 3
b000001001000101 4
b00001110000110 5
b101110010100 6
1>
b101110010100 @
b000001000000100 S
#36624
0B
#36632
b000001001000101 0
1B
b000001110000101 S
#36640
0>
0B
#36648
b000001110000110 1
b000001001000101 2
1B
b000000110000100 I
b000000110000010 P
b000001110000110 S
#36656
0B
#36660
b000001110000111 3
b000001001000100 4
b00001110000111 5
b101110010101 6
1>
b101110010101 @
b000001000000100 S
#36664
b000001001000100 0
1B
b000001110000110 S
#36672
0B
#36680
b000001110000111 1
b000001001000100 2
0>
1B
b000000110000101 I
b000000110000011 P
b000001110000111 S
#36688
0B
#36696
1B
#36700
b000001110001000 3
b000001001001100 4
b00001110001000 5
b101110010110 6
1>
b101110010110 @
b000001000000100 S
#36704
0B
#36712
b000001001001100 0
1B
b000001110000111 S
#36720
0>
0B
#36728
b000001110001000 1
b000001001001100 2
1B
b000000110000110 I
b000000110000100 P
b000001110001000 S
#36736
0B
#36740
b000001110001001 3
b000001001001101 4
b00001110001001 5
b101110010111 6
1>
b101110010111 @
b000001000000100 S
#36744
b000001001001101 0
1B
b000001110001000 S
#36752
0B
#36760
b000001110001001 1
b000001001001101 2
0>
1B
b000000110000111 I
b000000110000101 P
b000001110001001 S
#36768
0B
#36776
1B
#36780
b000001110001010 3
b000001001001111 4
b00001110001010 5
b101110011000 6
1>
b101110011000 @
b000001000000100 S
#36784
0B
#36792
b000001001001111 0
1B
b000001110001001 S
#36800
0>
0B
#36808
b000001110001010 1
b000001001001111 2
1B
b000000110001000 I
b000000110000110 P
b000001110001010 S
#36816
0B
#36820
b000001110001011 3
b000001001001110 4
b00001110001011 5
b101110011001 6
1>
b101110011001 @
b000001000000100 S
#36824
b000001001001110 0
1B
b000001110001010 S
#36832
0B
#36840
b000001110001011 1
b000001001001110 2
0>
1B
b000000110001001 I
b000000110000111 P
b000001110001011 S
#36848
0B
#36856
1B
#36860
b000001110001100 3
b000001001001010 4
b00001110001100 5
b101110011010 6
1>
b101110011010 @
b000001000000100 S
#36864
0B
#36872
b000001001001010 0
1B
b000001110001011 S
#36880
0>
0B
#36888
b000001110001100 1
b000001001001010 2
1B
b000000110001010 I
b000000110001000 P
b000001110001100 S
#36896
0B
#36900
b000001110001101 3
b000001001001011 4
b00001110001101 5
b101110011011 6
1>
b101110011011 @
b000001000000100 S
#36904
b000001001001011 0
1B
b000001110001100 S
#36912
0B
#36920
b000001110001101 1
b000001001001011 2
0>
1B
b000000110001011 I
b000000110001001 P
b000001110001101 S
#36928
0B
#36936
1B
#36940
b000001110001110 3
b000001001001001 4
b00001110001110 5
b101110011100 6
1>
b101110011100 @
b000001000000100 S
#36944
0B
#36952
b000001001001001 0
1B
b000001110001101 S
#36960
0>
0B
#36968
b000001110001110 1
b000001001001001 2
1B
b000000110001100 I
b000000110001010 P
b000001110001110 S
#36976
0B
#36980
b000001110001111 3
b000001001001000 4
b00001110001111 5
b101110011101 6
1>
b101110011101 @
b000001000000100 S
#36984
b000001001001000 0
1B
b000001110001110 S
#36992
0B
#37000
b000001110001111 1
b000001001001000 2
0>
1B
b000000110001101 I
b000000110001011 P
b000001110001111 S
#37008
0B
#37016
1B
#37020
b000001110010000 3
b000001001011000 4
b00001110010000 5
b101110011110 6
1>
b101110011110 @
b000001000000100 S
#37024
0B
#37032
b000001001011000 0
1B
b000001110001111 S
#37040
0>
0B
#37048
b000001110010000 1
b000001001011000 2
1B
b000000110001110 I
b000000110001100 P
b000001110010000 S
#37056
0B
#37060
b000001110010001 3
b000001001011001 4
b00001110010001 5
b101110011111 6
1>
b101110011111 @
b000001000000100 S
#37064
b000001001011001 0
1B
b000001110010000 S
#37072
0B
#37080
b000001110010001 1
b000001001011001 2
0>
1B
b000000110001111 I
b000000110001101 P
b000001110010001 S
#37088
0B
#37096
1B
#37100
b000001110010010 3
b000001001011011 4
b00001110010010 5
b101110100000 6
1>
b101110100000 @
b000001000000100 S
#37104
0B
#37112
b000001001011011 0
1B
b000001110010001 S
#37120
0>
0B
#37128
b000001110010010 1
b000001001011011 2
1B
b000000110010000 I
b000000110001110 P
b000001110010010 S
#37136
0B
#37140
b000001110010011 3
b000001001011010 4
b00001110010011 5
b101110100001 6
1>
b101110100001 @
b000001000000100 S
#37144
b000001001011010 0
1B
b000001110010010 S
#37152
0B
#37160
b000001110010011 1
b000001001011010 2
0>
1B
b000000110010001 I
b000000110001111 P
b000001110010011 S
#37168
0B
#37176
1B
#37180
b000001110010100 3
b000001001011110 4
b00001110010100 5
b101110100010 6
1>
b101110100010 @
b000001000000100 S
#37184
0B
#37192
b000001001011110 0
1B
b000001110010011 S
#37200
0>
0B
#37208
b000001110010100 1
b000001001011110 2
1B
b000000110010010 I
b000000110010000 P
b000001110010100 S
#37216
0B
#37220
b000001110010101 3
b000001001011111 4
b00001110010101 5
b101110100011 6
1>
b101110100011 @
b000001000000100 S
#37224
b000001001011111 0
1B
b000001110010100 S
#37232
0B
#37240
b000001110010101 1
b000001001011111 2
0>
1B
b000000110010011 I
b000000110010001 P
b000001110010101 S
#37248
0B
#37256
1B
#37260
b000001110010110 3
b000001001011101 4
b00001110010110 5
b101110100100 6
1>
b101110100100 @
b000001000000100 S
#37264
0B
#37272
b000001001011101 0
1B
b000001110010101 S
#37280
0>
0B
#37288
b000001110010110 1
b000001001011101 2
1B
b000000110010100 I
b000000110010010 P
b000001110010110 S
#37296
0B
#37300
b000001110010111 3
b000001001011100 4
b00001110010111 5
b101110100101 6
1>
b101110100101 @
b000001000000100 S
#37304
b000001001011100 0
1B
b000001110010110 S
#37312
0B
#37320
b000001110010111 1
b000001001011100 2
0>
1B
b000000110010101 I
b000000110010011 P
b000001110010111 S
#37328
0B
#37336
1B
#37340
b000001110011000 3
b000001001010100 4
b00001110011000 5
b101110100110 6
1>
b101110100110 @
b000001000000100 S
#37344
0B
#37352
b000001001010100 0
1B
b000001110010111 S
#37360
0>
0B
#37368
b000001110011000 1
b000001001010100 2
1B
b000000110010110 I
b000000110010100 P
b000001110011000 S
#37376
0B
#37380
b000001110011001 3
b000001001010101 4
b00001110011001 5
b101110100111 6
1>
b101110100111 @
b000001000000100 S
#37384
b000001001010101 0
1B
b000001110011000 S
#37392
0B
#37400
b000001110011001 1
b000001001010101 2
0>
1B
b000000110010111 I
b000000110010101 P
b000001110011001 S
#37408
0B
#37416
1B
#37420
b000001110011010 3
b000001001010111 4
b00001110011010 5
b101110101000 6
1>
b101110101000 @
b000001000000100 S
#37424
0B
#37432
b000001001010111 0
1B
b000001110011001 S
#37440
0>
0B
#37448
b000001110011010 1
b000001001010111 2
1B
b000000110011000 I
b000000110010110 P
b000001110011010 S
#37456
0B
#37460
b000001110011011 3
b000001001010110 4
b00001110011011 5
b101110101001 6
1>
b101110101001 @
b000001000000100 S
#37464
b000001001010110 0
1B
b000001110011010 S
#37472
0B
#37480
b000001110011011 1
b000001001010110 2
0>
1B
b000000110011001 I
b000000110010111 P
b000001110011011 S
#37488
0B
#37496
1B
#37500
b000001110011100 3
b000001001010010 4
b00001110011100 5
b101110101010 6
1>
b101110101010 @
b000001000000100 S
#37504
0B
#37512
b000001001010010 0
1B
b000001110011011 S
#37520
0>
0B
#37528
b000001110011100 1
b000001001010010 2
1B
b000000110011010 I
b000000110011000 P
b000001110011100 S
#37536
0B
#37540
b000001110011101 3
b000001001010011 4
b00001110011101 5
b101110101011 6
1>
b101110101011 @
b000001000000100 S
#37544
b000001001010011 0
1B
b000001110011100 S
#37552
0B
#37560
b000001110011101 1
b000001001010011 2
0>
1B
b000000110011011 I
b000000110011001 P
b000001110011101 S
#37568
0B
#37576
1B
#37580
b000001110011110 3
b000001001010001 4
b00001110011110 5
b101110101100 6
1>
b101110101100 @
b000001000000100 S
#37584
0B
#37592
b000001001010001 0
1B
b000001110011101 S
#37600
0>
0B
#37608
b000001110011110 1
b000001001010001 2
1B
b000000110011100 I
b000000110011010 P
b000001110011110 S
#37616
0B
#37620
b000001110011111 3
b000001001010000 4
b00001110011111 5
b101110101101 6
1>
b101110101101 @
b000001000000100 S
#37624
b000001001010000 0
1B
b000001110011110 S
#37632
0B
#37640
b000001110011111 1
b000001001010000 2
0>
1B
b000000110011101 I
b000000110011011 P
b000001110011111 S
#37648
0B
#37656
1B
#37660
b000001110100000 3
b000001001110000 4
b00001110100000 5
b101110101110 6
1>
b101110101110 @
b000001000000100 S
#37664
0B
#37672
b000001001110000 0
1B
b000001110011111 S
#37680
0>
0B
#37688
b000001110100000 1
b000001001110000 2
1B
b000000110011110 I
b000000110011100 P
b000001110100000 S
#37696
0B
#37700
b000001110100001 3
b000001001110001 4
b00001110100001 5
b101110101111 6
1>
b101110101111 @
b000001000000100 S
#37704
b000001001110001 0
1B
b000001110100000 S
#37712
0B
#37720
b000001110100001 1
b000001001110001 2
0>
1B
b000000110011111 I
b000000110011101 P
b000001110100001 S
#37728
0B
#37736
1B
#37740
b000001110100010 3
b000001001110011 4
b00001110100010 5
b101110110000 6
1>
b101110110000 @
b000001000000100 S
#37744
0B
#37752
b000001001110011 0
1B
b000001110100001 S
#37760
0>
0B
#37768
b000001110100010 1
b000001001110011 2
1B
b000000110100000 I
b000000110011110 P
b000001110100010 S
#37776
0B
#37780
b000001110100011 3
b000001001110010 4
b00001110100011 5
b101110110001 6
1>
b101110110001 @
b000001000000100 S
#37784
b000001001110010 0
1B
b000001110100010 S
#37792
0B
#37800
b000001110100011 1
b000001001110010 2
0>
1B
b000000110100001 I
b000000110011111 P
b000001110100011 S
#37808
0B
#37816
1B
#37820
b000001110100100 3
b000001001110110 4
b00001110100100 5
b101110110010 6
1>
b101110110010 @
b000001000000100 S
#37824
0B
#37832
b000001001110110 0
1B
b000001110100011 S
#37840
0>
0B
#37848
b000001110100100 1
b000001001110110 2
1B
b000000110100010 I
b000000110100000 P
b000001110100100 S
#37856
0B
#37860
b000001110100101 3
b000001001110111 4
b00001110100101 5
b101110110011 6
1>
b101110110011 @
b000001000000100 S
#37864
b000001001110111 0
1B
b000001110100100 S
#37872
0B
#37880
b000001110100101 1
b000001001110111 2
0>
1B
b000000110100011 I
b000000110100001 P
b000001110100101 S
#37888
0B
#37896
1B
#37900
b000001110100110 3
b000001001110101 4
b00001110100110 5
b101110110100 6
1>
b101110110100 @
b000001000000100 S
#37904
0B
#37912
b000001001110101 0
1B
b000001110100101 S
#37920
0>
0B
#37928
b000001110100110 1
b000001001110101 2
1B
b000000110100100 I
b000000110100010 P
b000001110100110 S
#37936
0B
#37940
b000001110100111 3
b000001001110100 4
b00001110100111 5
b101110110101 6
1>
b101110110101 @
b000001000000100 S
#37944
b000001001110100 0
1B
b000001110100110 S
#37952
0B
#37960
b000001110100111 1
b000001001110100 2
0>
1B
b000000110100101 I
b000000110100011 P
b000001110100111 S
#37968
0B
#37976
1B
#37980
b000001110101000 3
b000001001111100 4
b00001110101000 5
b101110110110 6
1>
b101110110110 @
b000001000000100 S
#37984
0B
#37992
b000001001111100 0
1B
b000001110100111 S
#38000
0>
0B
#38008
b000001110101000 1
b000001001111100 2
1B
b000000110100110 I
b000000110100100 P
b000001110101000 S
#38016
0B
#38020
b000001110101001 3
b000001001111101 4
b00001110101001 5
b101110110111 6
1>
b101110110111 @
b000001000000100 S
#38024
b000001001111101 0
1B
b000001110101000 S
#38032
0B
#38040
b000001110101001 1
b000001001111101 2
0>
1B
b000000110100111 I
b000000110100101 P
b000001110101001 S
#38048
0B
#38056
1B
#38060
b000001110101010 3
b000001001111111 4
b00001110101010 5
b101110111000 6
1>
b101110111000 @
b000001000000100 S
#38064
0B
#38072
b000001001111111 0
1B
b000001110101001 S
#38080
0>
0B
#38088
b000001110101010 1
b000001001111111 2
1B
b000000110101000 I
b000000110100110 P
b000001110101010 S
#38096
0B
#38100
b000001110101011 3
b000001001111110 4
b00001110101011 5
b101110111001 6
1>
b101110111001 @
b000001000000100 S
#38104
b000001001111110 0
1B
b000001110101010 S
#38112
0B
#38120
b000001110101011 1
b000001001111110 2
0>
1B
b000000110101001 I
b000000110100111 P
b000001110101011 S
#38128
0B
#38136
1B
#38140
b000001110101100 3
b000001001111010 4
b00001110101100 5
b101110111010 6
1>
b101110111010 @
b000001000000100 S
#38144
0B
#38152
b000001001111010 0
1B
b000001110101011 S
#38160
0>
0B
#38168
b000001110101100 1
b000001001111010 2
1B
b000000110101010 I
b000000110101000 P
b000001110101100 S
#38176
0B
#38180
b000001110101101 3
b000001001111011 4
b00001110101101 5
b101110111011 6
1>
b101110111011 @
b000001000000100 S
#38184
b000001001111011 0
1B
b000001110101100 S
#38192
0B
#38200
b000001110101101 1
b000001001111011 2
0>
1B
b000000110101011 I
b000000110101001 P
b000001110101101 S
#38208
0B
#38216
1B
#38220
b000001110101110 3
b000001001111001 4
b00001110101110 5
b101110111100 6
1>
b101110111100 @
b000001000000100 S
#38224
0B
#38232
b000001001111001 0
1B
b000001110101101 S
#38240
0>
0B
#38248
b000001110101110 1
b000001001111001 2
1B
b000000110101100 I
b000000110101010 P
b000001110101110 S
#38256
0B
#38260
b000001110101111 3
b000001001111000 4
b00001110101111 5
b101110111101 6
1>
b101110111101 @
b000001000000100 S
#38264
b000001001111000 0
1B
b000001110101110 S
#38272
0B
#38280
b000001110101111 1
b000001001111000 2
0>
1B
b000000110101101 I
b000000110101011 P
b000001110101111 S
#38288
0B
#38296
1B
#38300
b000001110110000 3
b000001001101000 4
b00001110110000 5
b101110111110 6
1>
b101110111110 @
b000001000000100 S
#38304
0B
#38312
b000001001101000 0
1B
b000001110101111 S
#38320
0>
0B
#38328
b000001110110000 1
b000001001101000 2
1B
b000000110101110 I
b000000110101100 P
b000001110110000 S
#38336
0B
#38340
b000001110110001 3
b000001001101001 4
b00001110110001 5
b101110111111 6
1>
b101110111111 @
b000001000000100 S
#38344
b000001001101001 0
1B
b000001110110000 S
#38352
0B
#38360
b000001110110001 1
b000001001101001 2
0>
1B
b000000110101111 I
b000000110101101 P
b000001110110001 S
#38368
0B
#38376
1B
#38380
b000001110110010 3
b000001001101011 4
b00001110110010 5
b101111000000 6
1>
b101111000000 @
b000001000000100 S
#38384
0B
#38392
b000001001101011 0
1B
b000001110110001 S
#38400
0>
0B
#38408
b000001110110010 1
b000001001101011 2
1B
b000000110110000 I
b000000110101110 P
b000001110110010 S
#38416
0B
#38420
b000001110110011 3
b000001001101010 4
b00001110110011 5
b101111000001 6
1>
b101111000001 @
b000001000000100 S
#38424
b000001001101010 0
1B
b000001110110010 S
#38432
0B
#38440
b000001110110011 1
b000001001101010 2
0>
1B
b000000110110001 I
b000000110101111 P
b000001110110011 S
#38448
0B
#38456
1B
#38460
b000001110110100 3
b000001001101110 4
b00001110110100 5
b101111000010 6
1>
b101111000010 @
b000001000000100 S
#38464
0B
#38472
b000001001101110 0
1B
b000001110110011 S
#38480
0>
0B
#38488
b000001110110100 1
b000001001101110 2
1B
b000000110110010 I
b000000110110000 P
b000001110110100 S
#38496
0B
#38500
b000001110110101 3
b000001001101111 4
b00001110110101 5
b101111000011 6
1>
b101111000011 @
b000001000000100 S
#38504
b000001001101111 0
1B
b000001110110100 S
#38512
0B
#38520
b000001110110101 1
b000001001101111 2
0>
1B
b000000110110011 I
b000000110110001 P
b000001110110101 S
#38528
0B
#38536
1B
#38540
b000001110110110 3
b000001001101101 4
b00001110110110 5
b101111000100 6
1>
b101111000100 @
b000001000000100 S
#38544
0B
#38552
b000001001101101 0
1B
b000001110110101 S
#38560
0>
0B
#38568
b000001110110110 1
b000001001101101 2
1B
b000000110110100 I
b000000110110010 P
b000001110110110 S
#38576
0B
#38580
b000001110110111 3
b000001001101100 4
b00001110110111 5
b101111000101 6
1>
b101111000101 @
b000001000000100 S
#38584
b000001001101100 0
1B
b000001110110110 S
#38592
0B
#38600
b000001110110111 1
b000001001101100 2
0>
1B
b000000110110101 I
b000000110110011 P
b000001110110111 S
#38608
0B
#38616
1B
#38620
b000001110111000 3
b000001001100100 4
b00001110111000 5
b101111000110 6
1>
b101111000110 @
b000001000000100 S
#38624
0B
#38632
b000001001100100 0
1B
b000001110110111 S
#38640
0>
0B
#38648
b000001110111000 1
b000001001100100 2
1B
b000000110110110 I
b000000110110100 P
b000001110111000 S
#38656
0B
#38660
b000001110111001 3
b000001001100101 4
b00001110111001 5
b101111000111 6
1>
b101111000111 @
b000001000000100 S
#38664
b000001001100101 0
1B
b000001110111000 S
#38672
0B
#38680
b000001110111001 1
b000001001100101 2
0>
1B
b000000110110111 I
b000000110110101 P
b000001110111001 S
#38688
0B
#38696
1B
#38700
b000001110111010 3
b000001001100111 4
b00001110111010 5
b101111001000 6
1>
b101111001000 @
b000001000000100 S
#38704
0B
#38712
b000001001100111 0
1B
b000001110111001 S
#38720
0>
0B
#38728
b000001110111010 1
b000001001100111 2
1B
b000000110111000 I
b000000110110110 P
b000001110111010 S
#38736
0B
#38740
b000001110111011 3
b000001001100110 4
b00001110111011 5
b101111001001 6
1>
b101111001001 @
b000001000000100 S
#38744
b000001001100110 0
1B
b000001110111010 S
#38752
0B
#38760
b000001110111011 1
b000001001100110 2
0>
1B
b000000110111001 I
b000000110110111 P
b000001110111011 S
#38768
0B
#38776
1B
#38780
b000001110111100 3
b000001001100010 4
b00001110111100 5
b101111001010 6
1>
b101111001010 @
b000001000000100 S
#38784
0B
#38792
b000001001100010 0
1B
b000001110111011 S
#38800
0>
0B
#38808
b000001110111100 1
b000001001100010 2
1B
b000000110111010 I
b000000110111000 P
b000001110111100 S
#38816
0B
#38820
b000001110111101 3
b000001001100011 4
b00001110111101 5
b101111001011 6
1>
b101111001011 @
b000001000000100 S
#38824
b000001001100011 0
1B
b000001110111100 S
#38832
0B
#38840
b000001110111101 1
b000001001100011 2
0>
1B
b000000110111011 I
b000000110111001 P
b000001110111101 S
#38848
0B
#38856
1B
#38860
b000001110111110 3
b000001001100001 4
b00001110111110 5
b101111001100 6
1>
b101111001100 @
b000001000000100 S
#38864
0B
#38872
b000001001100001 0
1B
b000001110111101 S
#38880
0>
0B
#38888
b000001110111110 1
b000001001100001 2
1B
b000000110111100 I
b000000110111010 P
b000001110111110 S
#38896
0B
#38900
b000001110111111 3
b000001001100000 4
b00001110111111 5
b101111001101 6
1>
b101111001101 @
b000001000000100 S
#38904
b000001001100000 0
1B
b000001110111110 S
#38912
0B
#38920
b000001110111111 1
b000001001100000 2
0>
1B
b000000110111101 I
b000000110111011 P
b000001110111111 S
#38928
0B
#38936
1B
#38940
b000001111000000 3
b000001000100000 4
b00001111000000 5
b101111001110 6
1>
b101111001110 @
b000001000000100 S
#38944
0B
#38952
b000001000100000 0
1B
b000001110111111 S
#38960
0>
0B
#38968
b000001111000000 1
b000001000100000 2
1B
b000000110111110 I
b000000110111100 P
b000001111000000 S
#38976
0B
#38980
b000001111000001 3
b000001000100001 4
b00001111000001 5
b101111001111 6
1>
b101111001111 @
b000001000000100 S
#38984
b000001000100001 0
1B
b000001111000000 S
#38992
0B
#39000
b000001111000001 1
b000001000100001 2
0>
1B
b000000110111111 I
b000000110111101 P
b000001111000001 S
#39008
0B
#39016
1B
#39020
b000001111000010 3
b000001000100011 4
b00001111000010 5
b101111010000 6
1>
b101111010000 @
b000001000000100 S
#39024
0B
#39032
b000001000100011 0
1B
b000001111000001 S
#39040
0>
0B
#39048
b000001111000010 1
b000001000100011 2
1B
b000000111000000 I
b000000110111110 P
b000001111000010 S
#39056
0B
#39060
b000001111000011 3
b000001000100010 4
b00001111000011 5
b101111010001 6
1>
b101111010001 @
b000001000000100 S
#39064
b000001000100010 0
1B
b000001111000010 S
#39072
0B
#39080
b000001111000011 1
b000001000100010 2
0>
1B
b000000111000001 I
b000000110111111 P
b000001111000011 S
#39088
0B
#39096
1B
#39100
b000001111000100 3
b000001000100110 4
b00001111000100 5
b101111010010 6
1>
b101111010010 @
b000001000000100 S
#39104
0B
#39112
b000001000100110 0
1B
b000001111000011 S
#39120
0>
0B
#39128
b000001111000100 1
b000001000100110 2
1B
b000000111000010 I
b000000111000000 P
b000001111000100 S
#39136
0B
#39140
b000001111000101 3
b000001000100111 4
b00001111000101 5
b101111010011 6
1>
b101111010011 @
b000001000000100 S
#39144
b000001000100111 0
1B
b000001111000100 S
#39152
0B
#39160
b000001111000101 1
b000001000100111 2
0>
1B
b000000111000011 I
b000000111000001 P
b000001111000101 S
#39168
0B
#39176
1B
#39180
b000001111000110 3
b000001000100101 4
b00001111000110 5
b101111010100 6
1>
b101111010100 @
b000001000000100 S
#39184
0B
#39192
b000001000100101 0
1B
b000001111000101 S
#39200
0>
0B
#39208
b000001111000110 1
b000001000100101 2
1B
b000000111000100 I
b000000111000010 P
b000001111000110 S
#39216
0B
#39220
b000001111000111 3
b000001000100100 4
b00001111000111 5
b101111010101 6
1>
b101111010101 @
b000001000000100 S
#39224
b000001000100100 0
1B
b000001111000110 S
#39232
0B
#39240
b000001111000111 1
b000001000100100 2
0>
1B
b000000111000101 I
b000000111000011 P
b000001111000111 S
#39248
0B
#39256
1B
#39260
b000001111001000 3
b000001000101100 4
b00001111001000 5
b101111010110 6
1>
b101111010110 @
b000001000000100 S
#39264
0B
#39272
b000001000101100 0
1B
b000001111000111 S
#39280
0>
0B
#39288
b000001111001000 1
b000001000101100 2
1B
b000000111000110 I
b000000111000100 P
b000001111001000 S
#39296
0B
#39300
b000001111001001 3
b000001000101101 4
b00001111001001 5
b101111010111 6
1>
b101111010111 @
b000001000000100 S
#39304
b000001000101101 0
1B
b000001111001000 S
#39312
0B
#39320
b000001111001001 1
b000001000101101 2
0>
1B
b000000111000111 I
b000000111000101 P
b000001111001001 S
#39328
0B
#39336
1B
#39340
b000001111001010 3
b000001000101111 4
b00001111001010 5
b101111011000 6
1>
b101111011000 @
b000001000000100 S
#39344
0B
#39352
b000001000101111 0
1B
b000001111001001 S
#39360
0>
0B
#39368
b000001111001010 1
b000001000101111 2
1B
b000000111001000 I
b000000111000110 P
b000001111001010 S
#39376
0B
#39380
b000001111001011 3
b000001000101110 4
b00001111001011 5
b101111011001 6
1>
b101111011001 @
b000001000000100 S
#39384
b000001000101110 0
1B
b000001111001010 S
#39392
0B
#39400
b000001111001011 1
b000001000101110 2
0>
1B
b000000111001001 I
b000000111000111 P
b000001111001011 S
#39408
0B
#39416
1B
#39420
b000001111001100 3
b000001000101010 4
b00001111001100 5
b101111011010 6
1>
b101111011010 @
b000001000000100 S
#39424
0B
#39432
b000001000101010 0
1B
b000001111001011 S
#39440
0>
0B
#39448
b000001111001100 1
b000001000101010 2
1B
b000000111001010 I
b000000111001000 P
b000001111001100 S
#39456
0B
#39460
b000001111001101 3
b000001000101011 4
b00001111001101 5
b101111011011 6
1>
b101111011011 @
b000001000000100 S
#39464
b000001000101011 0
1B
b000001111001100 S
#39472
0B
#39480
b000001111001101 1
b000001000101011 2
0>
1B
b000000111001011 I
b000000111001001 P
b000001111001101 S
#39488
0B
#39496
1B
#39500
b000001111001110 3
b000001000101001 4
b00001111001110 5
b101111011100 6
1>
b101111011100 @
b000001000000100 S
#39504
0B
#39512
b000001000101001 0
1B
b000001111001101 S
#39520
0>
0B
#39528
b000001111001110 1
b000001000101001 2
1B
b000000111001100 I
b000000111001010 P
b000001111001110 S
#39536
0B
#39540
b000001111001111 3
b000001000101000 4
b00001111001111 5
b101111011101 6
1>
b101111011101 @
b000001000000100 S
#39544
b000001000101000 0
1B
b000001111001110 S
#39552
0B
#39560
b000001111001111 1
b000001000101000 2
0>
1B
b000000111001101 I
b000000111001011 P
b000001111001111 S
#39568
0B
#39576
1B
#39580
b000001111010000 3
b000001000111000 4
b00001111010000 5
b101111011110 6
1>
b101111011110 @
b000001000000100 S
#39584
0B
#39592
b000001000111000 0
1B
b000001111001111 S
#39600
0>
0B
#39608
b000001111010000 1
b000001000111000 2
1B
b000000111001110 I
b000000111001100 P
b000001111010000 S
#39616
0B
#39620
b000001111010001 3
b000001000111001 4
b00001111010001 5
b101111011111 6
1>
b101111011111 @
b000001000000100 S
#39624
b000001000111001 0
1B
b000001111010000 S
#39632
0B
#39640
b000001111010001 1
b000001000111001 2
0>
1B
b000000111001111 I
b000000111001101 P
b000001111010001 S
#39648
0B
#39656
1B
#39660
b000001111010010 3
b000001000111011 4
b00001111010010 5
b101111100000 6
1>
b101111100000 @
b000001000000100 S
#39664
0B
#39672
b000001000111011 0
1B
b000001111010001 S
#39680
0>
0B
#39688
b000001111010010 1
b000001000111011 2
1B
b000000111010000 I
b000000111001110 P
b000001111010010 S
#39696
0B
#39700
b000001111010011 3
b000001000111010 4
b00001111010011 5
b101111100001 6
1>
b101111100001 @
b000001000000100 S
#39704
b000001000111010 0
1B
b000001111010010 S
#39712
0B
#39720
b000001111010011 1
b000001000111010 2
0>
1B
b000000111010001 I
b000000111001111 P
b000001111010011 S
#39728
0B
#39736
1B
#39740
b000001111010100 3
b000001000111110 4
b00001111010100 5
b101111100010 6
1>
b101111100010 @
b000001000000100 S
#39744
0B
#39752
b000001000111110 0
1B
b000001111010011 S
#39760
0>
0B
#39768
b000001111010100 1
b000001000111110 2
1B
b000000111010010 I
b000000111010000 P
b000001111010100 S
#39776
0B
#39780
b000001111010101 3
b000001000111111 4
b00001111010101 5
b101111100011 6
1>
b101111100011 @
b000001000000100 S
#39784
b000001000111111 0
1B
b000001111010100 S
#39792
0B
#39800
b000001111010101 1
b000001000111111 2
0>
1B
b000000111010011 I
b000000111010001 P
b000001111010101 S
#39808
0B
#39816
1B
#39820
b000001111010110 3
b000001000111101 4
b00001111010110 5
b101111100100 6
1>
b101111100100 @
b000001000000100 S
#39824
0B
#39832
b000001000111101 0
1B
b000001111010101 S
#39840
0>
0B
#39848
b000001111010110 1
b000001000111101 2
1B
b000000111010100 I
b000000111010010 P
b000001111010110 S
#39856
0B
#39860
b000001111010111 3
b000001000111100 4
b00001111010111 5
b101111100101 6
1>
b101111100101 @
b000001000000100 S
#39864
b000001000111100 0
1B
b000001111010110 S
#39872
0B
#39880
b000001111010111 1
b000001000111100 2
0>
1B
b000000111010101 I
b000000111010011 P
b000001111010111 S
#39888
0B
#39896
1B
#39900
b000001111011000 3
b000001000110100 4
b00001111011000 5
b101111100110 6
1>
b101111100110 @
b000001000000100 S
#39904
0B
#39912
b000001000110100 0
1B
b000001111010111 S
#39920
0>
0B
#39928
b000001111011000 1
b000001000110100 2
1B
b000000111010110 I
b000000111010100 P
b000001111011000 S
#39936
0B
#39940
b000001111011001 3
b000001000110101 4
b00001111011001 5
b101111100111 6
1>
b101111100111 @
b000001000000100 S
#39944
b000001000110101 0
1B
b000001111011000 S
#39952
0B
#39960
b000001111011001 1
b000001000110101 2
0>
1B
b000000111010111 I
b000000111010101 P
b000001111011001 S
#39968
0B
#39976
1B
#39980
b000001111011010 3
b000001000110111 4
b00001111011010 5
b101111101000 6
1>
b101111101000 @
b000001000000100 S
#39984
0B
#39992
b000001000110111 0
1B
b000001111011001 S
#40000
0>
0B
#40008
b000001111011010 1
b000001000110111 2
1B
b000000111011000 I
b000000111010110 P
b000001111011010 S
#40016
0B
#40020
b000001111011011 3
b000001000110110 4
b00001111011011 5
b101111101001 6
1>
b101111101001 @
b000001000000100 S
#40024
b000001000110110 0
1B
b000001111011010 S
#40032
0B
#40040
b000001111011011 1
b000001000110110 2
0>
1B
b000000111011001 I
b000000111010111 P
b000001111011011 S
#40048
0B
#40056
1B
#40060
b000001111011100 3
b000001000110010 4
b00001111011100 5
b101111101010 6
1>
b101111101010 @
b000001000000100 S
#40064
0B
#40072
b000001000110010 0
1B
b000001111011011 S
#40080
0>
0B
#40088
b000001111011100 1
b000001000110010 2
1B
b000000111011010 I
b000000111011000 P
b000001111011100 S
#40096
0B
#40100
b000001111011101 3
b000001000110011 4
b00001111011101 5
b101111101011 6
1>
b101111101011 @
b000001000000100 S
#40104
b000001000110011 0
1B
b000001111011100 S
#40112
0B
#40120
b000001111011101 1
b000001000110011 2
0>
1B
b000000111011011 I
b000000111011001 P
b000001111011101 S
#40128
0B
#40136
1B
#40140
b000001111011110 3
b000001000110001 4
b00001111011110 5
b101111101100 6
1>
b101111101100 @
b000001000000100 S
#40144
0B
#40152
b000001000110001 0
1B
b000001111011101 S
#40160
0>
0B
#40168
b000001111011110 1
b000001000110001 2
1B
b000000111011100 I
b000000111011010 P
b000001111011110 S
#40176
0B
#40180
b000001111011111 3
b000001000110000 4
b00001111011111 5
b101111101101 6
1>
b101111101101 @
b000001000000100 S
#40184
b000001000110000 0
1B
b000001111011110 S
#40192
0B
#40200
b000001111011111 1
b000001000110000 2
0>
1B
b000000111011101 I
b000000111011011 P
b000001111011111 S
#40208
0B
#40216
1B
#40220
b000001111100000 3
b000001000010000 4
b00001111100000 5
b101111101110 6
1>
b101111101110 @
b000001000000100 S
#40224
0B
#40232
b000001000010000 0
1B
b000001111011111 S
#40240
0>
0B
#40248
b000001111100000 1
b000001000010000 2
1B
b000000111011110 I
b000000111011100 P
b000001111100000 S
#40256
0B
#40260
b000001111100001 3
b000001000010001 4
b00001111100001 5
b101111101111 6
1>
b101111101111 @
b000001000000100 S
#40264
b000001000010001 0
1B
b000001111100000 S
#40272
0B
#40280
b000001111100001 1
b000001000010001 2
0>
1B
b000000111011111 I
b000000111011101 P
b000001111100001 S
#40288
0B
#40296
1B
#40300
b000001111100010 3
b000001000010011 4
b00001111100010 5
b101111110000 6
1>
b101111110000 @
b000001000000100 S
#40304
0B
#40312
b000001000010011 0
1B
b000001111100001 S
#40320
0>
0B
#40328
b000001111100010 1
b000001000010011 2
1B
b000000111100000 I
b000000111011110 P
b000001111100010 S
#40336
0B
#40340
b000001111100011 3
b000001000010010 4
b00001111100011 5
b101111110001 6
1>
b101111110001 @
b000001000000100 S
#40344
b000001000010010 0
1B
b000001111100010 S
#40352
0B
#40360
b000001111100011 1
b000001000010010 2
0>
1B
b000000111100001 I
b000000111011111 P
b000001111100011 S
#40368
0B
#40376
1B
#40380
b000001111100100 3
b000001000010110 4
b00001111100100 5
b101111110010 6
1>
b101111110010 @
b000001000000100 S
#40384
0B
#40392
b000001000010110 0
1B
b000001111100011 S
#40400
0>
0B
#40408
b000001111100100 1
b000001000010110 2
1B
b000000111100010 I
b000000111100000 P
b000001111100100 S
#40416
0B
#40420
b000001111100101 3
b000001000010111 4
b00001111100101 5
b101111110011 6
1>
b101111110011 @
b000001000000100 S
#40424
b000001000010111 0
1B
b000001111100100 S
#40432
0B
#40440
b000001111100101 1
b000001000010111 2
0>
1B
b000000111100011 I
b000000111100001 P
b000001111100101 S
#40448
0B
#40456
1B
#40460
b000001111100110 3
b000001000010101 4
b00001111100110 5
b101111110100 6
1>
b101111110100 @
b000001000000100 S
#40464
0B
#40472
b000001000010101 0
1B
b000001111100101 S
#40480
0>
0B
#40488
b000001111100110 1
b000001000010101 2
1B
b000000111100100 I
b000000111100010 P
b000001111100110 S
#40496
0B
#40500
b000001111100111 3
b000001000010100 4
b00001111100111 5
b101111110101 6
1>
b101111110101 @
b000001000000100 S
#40504
b000001000010100 0
1B
b000001111100110 S
#40512
0B
#40520
b000001111100111 1
b000001000010100 2
0>
1B
b000000111100101 I
b000000111100011 P
b000001111100111 S
#40528
0B
#40536
1B
#40540
b000001111101000 3
b000001000011100 4
b00001111101000 5
b101111110110 6
1>
b101111110110 @
b000001000000100 S
#40544
0B
#40552
b000001000011100 0
1B
b000001111100111 S
#40560
0>
0B
#40568
b000001111101000 1
b000001000011100 2
1B
b000000111100110 I
b000000111100100 P
b000001111101000 S
#40576
0B
#40580
b000001111101001 3
b000001000011101 4
b00001111101001 5
b101111110111 6
1>
b101111110111 @
b000001000000100 S
#40584
b000001000011101 0
1B
b000001111101000 S
#40592
0B
#40600
b000001111101001 1
b000001000011101 2
0>
1B
b000000111100111 I
b000000111100101 P
b000001111101001 S
#40608
0B
#40616
1B
#40620
b000001111101010 3
b000001000011111 4
b00001111101010 5
b101111111000 6
1>
b101111111000 @
b000001000000100 S
#40624
0B
#40632
b000001000011111 0
1B
b000001111101001 S
#40640
0>
0B
#40648
b000001111101010 1
b000001000011111 2
1B
b000000111101000 I
b000000111100110 P
b000001111101010 S
#40656
0B
#40660
b000001111101011 3
b000001000011110 4
b00001111101011 5
b101111111001 6
1>
b101111111001 @
b000001000000100 S
#40664
b000001000011110 0
1B
b000001111101010 S
#40672
0B
#40680
b000001111101011 1
b000001000011110 2
0>
1B
b000000111101001 I
b000000111100111 P
b000001111101011 S
#40688
0B
#40696
1B
#40700
b000001111101100 3
b000001000011010 4
b00001111101100 5
b101111111010 6
1>
b101111111010 @
b000001000000100 S
#40704
0B
#40712
b000001000011010 0
1B
b000001111101011 S
#40720
0>
0B
#40728
b000001111101100 1
b000001000011010 2
1B
b000000111101010 I
b000000111101000 P
b000001111101100 S
#40736
0B
#40740
b000001111101101 3
b000001000011011 4
b00001111101101 5
b101111111011 6
1>
b101111111011 @
b000001000000100 S
#40744
b000001000011011 0
1B
b000001111101100 S
#40752
0B
#40760
b000001111101101 1
b000001000011011 2
0>
1B
b000000111101011 I
b000000111101001 P
b000001111101101 S
#40768
0B
#40776
1B
#40780
b000001111101110 3
b000001000011001 4
b00001111101110 5
b101111111100 6
1>
b101111111100 @
b000001000000100 S
#40784
0B
#40792
b000001000011001 0
1B
b000001111101101 S
#40800
0>
0B
#40808
b000001111101110 1
b000001000011001 2
1B
b000000111101100 I
b000000111101010 P
b000001111101110 S
#40816
0B
#40820
b000001111101111 3
b000001000011000 4
b00001111101111 5
b101111111101 6
1>
b101111111101 @
b000001000000100 S
#40824
b000001000011000 0
1B
b000001111101110 S
#40832
0B
#40840
b000001111101111 1
b000001000011000 2
0>
1B
b000000111101101 I
b000000111101011 P
b000001111101111 S
#40848
0B
#40856
1B
#40860
b000001111110000 3
b000001000001000 4
b00001111110000 5
b101111111110 6
1>
b101111111110 @
b000001000000100 S
#40864
0B
#40872
b000001000001000 0
1B
b000001111101111 S
#40880
0>
0B
#40888
b000001111110000 1
b000001000001000 2
1B
b000000111101110 I
b000000111101100 P
b000001111110000 S
#40896
0B
#40900
b000001111110001 3
b000001000001001 4
b00001111110001 5
b101111111111 6
1>
b101111111111 @
b000001000000100 S
#40904
b000001000001001 0
1B
b000001111110000 S
#40912
0B
#40920
b000001111110001 1
b000001000001001 2
0>
1B
b000000111101111 I
b000000111101101 P
b000001111110001 S
#40928
0B
#40936
1B
#40940
b000001111110010 3
b000001000001011 4
b00001111110010 5
b110000000000 6
1>
b110000000000 @
b000001000000100 S
#40944
0B
#40952
b000001000001011 0
1B
b000001111110001 S
#40960
0>
0B
#40968
b000001111110010 1
b000001000001011 2
1B
b000000111110000 I
b000000111101110 P
b000001111110010 S
#40976
0B
#40980
b000001111110011 3
b000001000001010 4
b00001111110011 5
b110000000001 6
1>
b110000000001 @
b000001000000100 S
#40984
b000001000001010 0
1B
b000001111110010 S
#40992
0B
#41000
b000001111110011 1
b000001000001010 2
0>
1B
b000000111110001 I
b000000111101111 P
b000001111110011 S
#41008
0B
#41016
1B
#41020
b000001111110100 3
b000001000001110 4
b00001111110100 5
b110000000010 6
1>
b110000000010 @
b000001000000100 S
#41024
0B
#41032
b000001000001110 0
1B
b000001111110011 S
#41040
0>
0B
#41048
b000001111110100 1
b000001000001110 2
1B
b000000111110010 I
b000000111110000 P
b000001111110100 S
#41056
0B
#41060
b000001111110101 3
b000001000001111 4
b00001111110101 5
b110000000011 6
1>
b110000000011 @
b000001000000100 S
#41064
b000001000001111 0
1B
b000001111110100 S
#41072
0B
#41080
b000001111110101 1
b000001000001111 2
0>
1B
b000000111110011 I
b000000111110001 P
b000001111110101 S
#41088
0B
#41096
1B
#41100
b000001111110110 3
b000001000001101 4
b00001111110110 5
b110000000100 6
1>
b110000000100 @
b000001000000100 S
#41104
0B
#41112
b000001000001101 0
1B
b000001111110101 S
#41120
0>
0B
#41128
b000001111110110 1
b000001000001101 2
1B
b000000111110100 I
b000000111110010 P
b000001111110110 S
#41136
0B
#41140
b000001111110111 3
b000001000001100 4
b00001111110111 5
b110000000101 6
1>
b110000000101 @
b000001000000100 S
#41144
b000001000001100 0
1B
b000001111110110 S
#41152
0B
#41160
b000001111110111 1
b000001000001100 2
0>
1B
b000000111110101 I
b000000111110011 P
b000001111110111 S
#41168
0B
#41176
1B
#41180
b000001111111000 3
b000001000000100 4
b00001111111000 5
b110000000110 6
1>
b110000000110 @
b000001000000100 S
#41184
0B
#41192
b000001000000100 0
1B
b000001111110111 S
#41200
0>
0B
#41208
b000001111111000 1
b000001000000100 2
1B
b000000111110110 I
b000000111110100 P
b000001111111000 S
#41216
0B
#41220
b000001111111001 3
b000001000000101 4
b00001111111001 5
b110000000111 6
1>
b110000000111 @
b000001000000100 S
#41224
b000001000000101 0
1B
b000001111111000 S
#41232
0B
#41240
b000001111111001 1
b000001000000101 2
0>
1B
b000000111110111 I
b000000111110101 P
b000001111111001 S
#41248
0B
#41256
1B
#41260
b000001111111010 3
b000001000000111 4
b00001111111010 5
b110000001000 6
1>
b110000001000 @
b000001000000100 S
#41264
0B
#41272
b000001000000111 0
1B
b000001111111001 S
#41280
0>
0B
#41288
b000001111111010 1
b000001000000111 2
1B
b000000111111000 I
b000000111110110 P
b000001111111010 S
#41296
0B
#41300
b000001111111011 3
b000001000000110 4
b00001111111011 5
b110000001001 6
1>
b110000001001 @
b000001000000100 S
#41304
b000001000000110 0
1B
b000001111111010 S
#41312
0B
#41320
b000001111111011 1
b000001000000110 2
0>
1B
b000000111111001 I
b000000111110111 P
b000001111111011 S
#41328
0B
#41336
1B
#41340
b000001111111100 3
b000001000000010 4
b00001111111100 5
b110000001010 6
1>
b110000001010 @
b000001000000100 S
#41344
0B
#41352
b000001000000010 0
1B
b000001111111011 S
#41360
0>
0B
#41368
b000001111111100 1
b000001000000010 2
1B
b000000111111010 I
b000000111111000 P
b000001111111100 S
#41376
0B
#41380
b000001111111101 3
b000001000000011 4
b00001111111101 5
b110000001011 6
1>
b110000001011 @
b000001000000100 S
#41384
b000001000000011 0
1B
b000001111111100 S
#41392
0B
#41400
b000001111111101 1
b000001000000011 2
0>
1B
b000000111111011 I
b000000111111001 P
b000001111111101 S
#41408
0B
#41416
1B
#41420
b000001111111110 3
b000001000000001 4
b00001111111110 5
b110000001100 6
1>
b110000001100 @
b000001000000100 S
#41424
0B
#41432
b000001000000001 0
1B
b000001111111101 S
#41440
0>
0B
#41448
b000001111111110 1
b000001000000001 2
1B
b000000111111100 I
b000000111111010 P
b000001111111110 S
#41456
0B
#41460
b000001111111111 3
b000001000000000 4
b00001111111111 5
b110000001101 6
1>
b110000001101 @
b000001000000100 S
#41464
b000001000000000 0
1B
b000001111111110 S
#41472
0B
#41480
b000001111111111 1
b000001000000000 2
0>
1B
b000000111111101 I
b000000111111011 P
b000001111111111 S
#41488
0B
#41496
1B
#41500
b000010000000000 3
b000011000000000 4
b00010000000000 5
b110000001110 6
1>
b110000001110 @
b000001000000100 S
#41504
0B
#41512
b000011000000000 0
1B
b000001111111111 S
#41520
0>
0B
#41528
b000010000000000 1
b000011000000000 2
1B
b000000111111110 I
b000000111111100 P
b000010000000000 S
#41536
0B
#41540
b000010000000001 3
b000011000000001 4
b00010000000001 5
b110000001111 6
1>
b110000001111 @
b000001000000100 S
#41544
b000011000000001 0
1B
b000010000000000 S
#41552
0B
#41560
b000010000000001 1
b000011000000001 2
0>
1B
b000000111111111 I
1L
b000000111111101 P
b000010000000001 S
#41568
0B
#41576
1'
1B
1H
1O
#41580
b000010000000010 3
b000011000000011 4
b00010000000010 5
b110000010000 6
1>
b110000010000 @
b000001000000100 S
#41584
0B
#41592
1*
0+
b101000010010 /
b000011000000011 0
b000001000000101 9
b000001100000111 :
b00001000000101 ;
1B
b101000010000 D
1E
b000000111111110 I
1M
b000000111111100 P
b000010000000001 S
#41600
0>
0B
#41608
b0000000001 (
b101000010011 /
b000010000000010 1
b000011000000011 2
b000001000000110 9
b000001100000101 :
b00001000000110 ;
1B
b101000010010 D
b000010000000010 S
#41616
0B
#41620
b000001100000101 #
b000010000000011 3
b000011000000010 4
b00010000000011 5
b110000010001 6
1>
b110000010001 @
b000001000000100 S
#41624
b0000000010 (
b101000010100 /
b000011000000010 0
b000001000000111 9
b000001100000100 :
b00001000000111 ;
1B
b101000010011 D
b000000111111101 I
b000000111111011 P
b000010000000010 S
#41632
0B
#41640
b0000000011 (
b101000010101 /
b000010000000011 1
b000011000000010 2
b000001000001000 9
b000001100001100 :
b00001000001000 ;
0>
1B
b101000010100 D
b000010000000011 S
#41648
0B
#41656
b0000000100 (
b101000010110 /
b000001000001001 9
b000001100001101 :
b00001000001001 ;
1B
b101000010101 D
b000000111111100 I
b000000111111010 P
#41660
b000001100001101 #
b000001000000110 $
b000001100000101 %
b000010000000100 3
b000011000000110 4
b00010000000100 5
b110000010010 6
1>
b110000010010 @
b000001000000110 S
#41664
0B
#41672
b0000000101 (
b101000010111 /
b000011000000110 0
b000001000001010 9
b000001100001111 :
b00001000001010 ;
1B
b101000010110 D
b000000111111011 I
b000000111111001 P
b000010000000011 S
#41680
0>
0B
#41688
b0000000110 (
b101000011000 /
b000010000000100 1
b000011000000110 2
b000001000001011 9
b000001100001110 :
b00001000001011 ;
1B
b101000010111 D
b000010000000100 S
#41696
0B
#41700
b000001100001110 #
b000001000001001 $
b000001100001101 %
b000010000000101 3
b000011000000111 4
b00010000000101 5
b110000010011 6
1>
b110000010011 @
b000001000001001 S
#41704
b0000000111 (
b101000011001 /
b000011000000111 0
b000001000001100 9
b000001100001010 :
b00001000001100 ;
1B
b101000011000 D
b000000111111010 I
b000000111111000 P
b000010000000100 S
#41712
0B
#41720
b0000001000 (
b101000011010 /
b000010000000101 1
b000011000000111 2
b000001000001101 9
b000001100001011 :
b00001000001101 ;
0>
1B
b101000011001 D
b000010000000101 S
#41728
0B
#41736
b0000001001 (
b101000011011 /
b000001000001110 9
b000001100001001 :
b00001000001110 ;
1B
b101000011010 D
b000000111111001 I
b000000111110111 P
#41740
b000001100001001 #
b000001000001011 $
b000001100001110 %
b000010000000110 3
b000011000000101 4
b00010000000110 5
b110000010100 6
1>
b110000010100 @
b000001000001011 S
#41744
0B
#41752
b0000001010 (
b101000011100 /
b000011000000101 0
b000001000001111 9
b000001100001000 :
b00001000001111 ;
1B
b101000011011 D
b000000111111000 I
b000000111110110 P
b000010000000101 S
#41760
0>
0B
#41768
b0000001011 (
b101000011101 /
b000010000000110 1
b000011000000101 2
b000001000010000 9
b000001100011000 :
b00001000010000 ;
1B
b101000011100 D
b000010000000110 S
#41776
0B
#41780
b000001100011000 #
b000001000001110 $
b000001100001001 %
b000010000000111 3
b000011000000100 4
b00010000000111 5
b110000010101 6
1>
b110000010101 @
b000001000001110 S
#41784
b0000001100 (
b101000011110 /
b000011000000100 0
b000001000010001 9
b000001100011001 :
b00001000010001 ;
1B
b101000011101 D
b000000111110111 I
b000000111110101 P
b000010000000110 S
#41792
0B
#41800
b0000001101 (
b101000011111 /
b000010000000111 1
b000011000000100 2
b000001000010010 9
b000001100011011 :
b00001000010010 ;
0>
1B
b101000011110 D
b000010000000111 S
#41808
0B
#41816
b0000001110 (
b101000100000 /
b000001000010011 9
b000001100011010 :
b00001000010011 ;
1B
b101000011111 D
b000000111110110 I
b000000111110100 P
#41820
b000001100011010 #
b000001000010000 $
b000001100011000 %
b000010000001000 3
b000011000001100 4
b00010000001000 5
b110000010110 6
1>
b110000010110 @
b000001000010000 S
#41824
0B
#41832
b0000001111 (
b101000100001 /
b000011000001100 0
b000001000010100 9
b000001100011110 :
b00001000010100 ;
1B
b101000100000 D
b000000111110101 I
b000000111110011 P
b000010000000111 S
#41840
0>
0B
#41848
b0000010000 (
b101000100010 /
b000010000001000 1
b000011000001100 2
b000001000010101 9
b000001100011111 :
b00001000010101 ;
1B
b101000100001 D
b000010000001000 S
#41856
0B
#41860
b000001100011111 #
b000001000010011 $
b000001100011010 %
b000010000001001 3
b000011000001101 4
b00010000001001 5
b110000010111 6
1>
b110000010111 @
b000001000010011 S
#41864
b0000010001 (
b101000100011 /
b000011000001101 0
b000001000010110 9
b000001100011101 :
b00001000010110 ;
1B
b101000100010 D
b000000111110100 I
b000000111110010 P
b000010000001000 S
#41872
0B
#41880
b0000010010 (
b101000100100 /
b000010000001001 1
b000011000001101 2
b000001000010111 9
b000001100011100 :
b00001000010111 ;
0>
1B
b101000100011 D
b000010000001001 S
#41888
0B
#41896
b0000010011 (
b101000100101 /
b000001000011000 9
b000001100010100 :
b00001000011000 ;
1B
b101000100100 D
b000000111110011 I
b000000111110001 P
#41900
b000001100010100 #
b000001000010101 $
b000001100011111 %
b000010000001010 3
b000011000001111 4
b00010000001010 5
b110000011000 6
1>
b110000011000 @
b000001000010101 S
#41904
0B
#41912
b0000010100 (
b101000100110 /
b000011000001111 0
b000001000011001 9
b000001100010101 :
b00001000011001 ;
1B
b101000100101 D
b000000111110010 I
b000000111110000 P
b000010000001001 S
#41920
0>
0B
#41928
b0000010101 (
b101000100111 /
b000010000001010 1
b000011000001111 2
b000001000011010 9
b000001100010111 :
b00001000011010 ;
1B
b101000100110 D
b000010000001010 S
#41936
0B
#41940
b000001100010111 #
b000001000011000 $
b000001100010100 %
b000010000001011 3
b000011000001110 4
b00010000001011 5
b110000011001 6
1>
b110000011001 @
b000001000011000 S
#41944
b0000010110 (
b101000101000 /
b000011000001110 0
b000001000011011 9
b000001100010110 :
b00001000011011 ;
1B
b101000100111 D
b000000111110001 I
b000000111101111 P
b000010000001010 S
#41952
0B
#41960
b0000010111 (
b101000101001 /
b000010000001011 1
b000011000001110 2
b000001000011100 9
b000001100010010 :
b00001000011100 ;
0>
1B
b101000101000 D
b000010000001011 S
#41968
0B
#41976
b0000011000 (
b101000101010 /
b000001000011101 9
b000001100010011 :
b00001000011101 ;
1B
b101000101001 D
b000000111110000 I
b000000111101110 P
#41980
b000001100010011 #
b000001000011010 $
b000001100010111 %
b000010000001100 3
b000011000001010 4
b00010000001100 5
b110000011010 6
1>
b110000011010 @
b000001000011010 S
#41984
0B
#41992
b0000011001 (
b101000101011 /
b000011000001010 0
b000001000011110 9
b000001100010001 :
b00001000011110 ;
1B
b101000101010 D
b000000111101111 I
b000000111101101 P
b000010000001011 S
#42000
0>
0B
#42008
b0000011010 (
b101000101100 /
b000010000001100 1
b000011000001010 2
b000001000011111 9
b000001100010000 :
b00001000011111 ;
1B
b101000101011 D
b000010000001100 S
#42016
0B
#42020
b000001100010000 #
b000001000011101 $
b000001100010011 %
b000010000001101 3
b000011000001011 4
b00010000001101 5
b110000011011 6
1>
b110000011011 @
b000001000011101 S
#42024
b0000011011 (
b101000101101 /
b000011000001011 0
b000001000100000 9
b000001100110000 :
b00001000100000 ;
1B
b101000101100 D
b000000111101110 I
b000000111101100 P
b000010000001100 S
#42032
0B
#42040
b0000011100 (
b101000101110 /
b000010000001101 1
b000011000001011 2
b000001000100001 9
b000001100110001 :
b00001000100001 ;
0>
1B
b101000101101 D
b000010000001101 S
#42048
0B
#42056
b0000011101 (
b101000101111 /
b000001000100010 9
b000001100110011 :
b00001000100010 ;
1B
b101000101110 D
b000000111101101 I
b000000111101011 P
#42060
b000001100110011 #
b000001000011111 $
b000001100010000 %
b000010000001110 3
b000011000001001 4
b00010000001110 5
b110000011100 6
1>
b110000011100 @
b000001000011111 S
#42064
0B
#42072
b0000011110 (
b101000110000 /
b000011000001001 0
b000001000100011 9
b000001100110010 :
b00001000100011 ;
1B
b101000101111 D
b000000111101100 I
b000000111101010 P
b000010000001101 S
#42080
0>
0B
#42088
b0000011111 (
b101000110001 /
b000010000001110 1
b000011000001001 2
b000001000100100 9
b000001100110110 :
b00001000100100 ;
1B
b101000110000 D
b000010000001110 S
#42096
0B
#42100
b000001100110110 #
b000001000100010 $
b000001100110011 %
b000010000001111 3
b000011000001000 4
b00010000001111 5
b110000011101 6
1>
b110000011101 @
b000001000100010 S
#42104
b0000100000 (
b101000110010 /
b000011000001000 0
b000001000100101 9
b000001100110111 :
b00001000100101 ;
1B
b101000110001 D
b000000111101011 I
b000000111101001 P
b000010000001110 S
#42112
0B
#42120
b0000100001 (
b101000110011 /
b000010000001111 1
b000011000001000 2
b000001000100110 9
b000001100110101 :
b00001000100110 ;
0>
1B
b101000110010 D
b000010000001111 S
#42128
0B
#42136
b0000100010 (
b101000110100 /
b000001000100111 9
b000001100110100 :
b00001000100111 ;
1B
b101000110011 D
b000000111101010 I
b000000111101000 P
#42140
b000001100110100 #
b000001000100100 $
b000001100110110 %
b000010000010000 3
b000011000011000 4
b00010000010000 5
b110000011110 6
1>
b110000011110 @
b000001000100100 S
#42144
0B
#42152
b0000100011 (
b101000110101 /
b000011000011000 0
b000001000101000 9
b000001100111100 :
b00001000101000 ;
1B
b101000110100 D
b000000111101001 I
b000000111100111 P
b000010000001111 S
#42160
0>
0B
#42168
b0000100100 (
b101000110110 /
b000010000010000 1
b000011000011000 2
b000001000101001 9
b000001100111101 :
b00001000101001 ;
1B
b101000110101 D
b000010000010000 S
#42176
0B
#42180
b000001100111101 #
b000001000100111 $
b000001100110100 %
b000010000010001 3
b000011000011001 4
b00010000010001 5
b110000011111 6
1>
b110000011111 @
b000001000100111 S
#42184
b0000100101 (
b101000110111 /
b000011000011001 0
b000001000101010 9
b000001100111111 :
b00001000101010 ;
1B
b101000110110 D
b000000111101000 I
b000000111100110 P
b000010000010000 S
#42192
0B
#42200
b0000100110 (
b101000111000 /
b000010000010001 1
b000011000011001 2
b000001000101011 9
b000001100111110 :
b00001000101011 ;
0>
1B
b101000110111 D
b000010000010001 S
#42208
0B
#42216
b0000100111 (
b101000111001 /
b000001000101100 9
b000001100111010 :
b00001000101100 ;
1B
b101000111000 D
b000000111100111 I
b000000111100101 P
#42220
b000001100111010 #
b000001000101001 $
b000001100111101 %
b000010000010010 3
b000011000011011 4
b00010000010010 5
b110000100000 6
1>
b110000100000 @
b000001000101001 S
#42224
0B
#42232
b0000101000 (
b101000111010 /
b000011000011011 0
b000001000101101 9
b000001100111011 :
b00001000101101 ;
1B
b101000111001 D
b000000111100110 I
b000000111100100 P
b000010000010001 S
#42240
0>
0B
#42248
b0000101001 (
b101000111011 /
b000010000010010 1
b000011000011011 2
b000001000101110 9
b000001100111001 :
b00001000101110 ;
1B
b101000111010 D
b000010000010010 S
#42256
0B
#42260
b000001100111001 #
b000001000101100 $
b000001100111010 %
b000010000010011 3
b000011000011010 4
b00010000010011 5
b110000100001 6
1>
b110000100001 @
b000001000101100 S
#42264
b0000101010 (
b101000111100 /
b000011000011010 0
b000001000101111 9
b000001100111000 :
b00001000101111 ;
1B
b101000111011 D
b000000111100101 I
b000000111100011 P
b000010000010010 S
#42272
0B
#42280
b0000101011 (
b101000111101 /
b000010000010011 1
b000011000011010 2
b000001000110000 9
b000001100101000 :
b00001000110000 ;
0>
1B
b101000111100 D
b000010000010011 S
#42288
0B
#42296
b0000101100 (
b101000111110 /
b000001000110001 9
b000001100101001 :
b00001000110001 ;
1B
b101000111101 D
b000000111100100 I
b000000111100010 P
#42300
b000001100101001 #
b000001000101110 $
b000001100111001 %
b000010000010100 3
b000011000011110 4
b00010000010100 5
b110000100010 6
1>
b110000100010 @
b000001000101110 S
#42304
0B
#42312
b0000101101 (
b101000111111 /
b000011000011110 0
b000001000110010 9
b000001100101011 :
b00001000110010 ;
1B
b101000111110 D
b000000111100011 I
b000000111100001 P
b000010000010011 S
#42320
0>
0B
#42328
b0000101110 (
b101001000000 /
b000010000010100 1
b000011000011110 2
b000001000110011 9
b000001100101010 :
b00001000110011 ;
1B
b101000111111 D
b000010000010100 S
#42336
0B
#42340
b000001100101010 #
b000001000110001 $
b000001100101001 %
b000010000010101 3
b000011000011111 4
b00010000010101 5
b110000100011 6
1>
b110000100011 @
b000001000110001 S
#42344
b0000101111 (
b101001000001 /
b000011000011111 0
b000001000110100 9
b000001100101110 :
b00001000110100 ;
1B
b101001000000 D
b000000111100010 I
b000000111100000 P
b000010000010100 S
#42352
0B
#42360
b0000110000 (
b101001000010 /
b000010000010101 1
b000011000011111 2
b000001000110101 9
b000001100101111 :
b00001000110101 ;
0>
1B
b101001000001 D
b000010000010101 S
#42368
0B
#42376
b0000110001 (
b101001000011 /
b000001000110110 9
b000001100101101 :
b00001000110110 ;
1B
b101001000010 D
b000000111100001 I
b000000111011111 P
#42380
b000001100101101 #
b000001000110011 $
b000001100101010 %
b000010000010110 3
b000011000011101 4
b00010000010110 5
b110000100100 6
1>
b110000100100 @
b000001000110011 S
#42384
0B
#42392
b0000110010 (
b101001000100 /
b000011000011101 0
b000001000110111 9
b000001100101100 :
b00001000110111 ;
1B
b101001000011 D
b000000111100000 I
b000000111011110 P
b000010000010101 S
#42400
0>
0B
#42408
b0000110011 (
b101001000101 /
b000010000010110 1
b000011000011101 2
b000001000111000 9
b000001100100100 :
b00001000111000 ;
1B
b101001000100 D
b000010000010110 S
#42416
0B
#42420
b000001100100100 #
b000001000110110 $
b000001100101101 %
b000010000010111 3
b000011000011100 4
b00010000010111 5
b110000100101 6
1>
b110000100101 @
b000001000110110 S
#42424
b0000110100 (
b101001000110 /
b000011000011100 0
b000001000111001 9
b000001100100101 :
b00001000111001 ;
1B
b101001000101 D
b000000111011111 I
b000000111011101 P
b000010000010110 S
#42432
0B
#42440
b0000110101 (
b101001000111 /
b000010000010111 1
b000011000011100 2
b000001000111010 9
b000001100100111 :
b00001000111010 ;
0>
1B
b101001000110 D
b000010000010111 S
#42448
0B
#42456
b0000110110 (
b101001001000 /
b000001000111011 9
b000001100100110 :
b00001000111011 ;
1B
b101001000111 D
b000000111011110 I
b000000111011100 P
#42460
b000001100100110 #
b000001000111000 $
b000001100100100 %
b000010000011000 3
b000011000010100 4
b00010000011000 5
b110000100110 6
1>
b110000100110 @
b000001000111000 S
#42464
0B
#42472
b0000110111 (
b101001001001 /
b000011000010100 0
b000001000111100 9
b000001100100010 :
b00001000111100 ;
1B
b101001001000 D
b000000111011101 I
b000000111011011 P
b000010000010111 S
#42480
0>
0B
#42488
b0000111000 (
b101001001010 /
b000010000011000 1
b000011000010100 2
b000001000111101 9
b000001100100011 :
b00001000111101 ;
1B
b101001001001 D
b000010000011000 S
#42496
0B
#42500
b000001100100011 #
b000001000111011 $
b000001100100110 %
b000010000011001 3
b000011000010101 4
b00010000011001 5
b110000100111 6
1>
b110000100111 @
b000001000111011 S
#42504
b0000111001 (
b101001001011 /
b000011000010101 0
b000001000111110 9
b000001100100001 :
b00001000111110 ;
1B
b101001001010 D
b000000111011100 I
b000000111011010 P
b000010000011000 S
#42512
0B
#42520
b0000111010 (
b101001001100 /
b000010000011001 1
b000011000010101 2
b000001000111111 9
b000001100100000 :
b00001000111111 ;
0>
1B
b101001001011 D
b000010000011001 S
#42528
0B
#42536
b0000111011 (
b101001001101 /
b000001001000000 9
b000001101100000 :
b00001001000000 ;
1B
b101001001100 D
b000000111011011 I
b000000111011001 P
#42540
b000001101100000 #
b000001000111101 $
b000001100100011 %
b000010000011010 3
b000011000010111 4
b00010000011010 5
b110000101000 6
1>
b110000101000 @
b000001000111101 S
#42544
0B
#42552
b0000111100 (
b101001001110 /
b000011000010111 0
b000001001000001 9
b000001101100001 :
b00001001000001 ;
1B
b101001001101 D
b000000111011010 I
b000000111011000 P
b000010000011001 S
#42560
0>
0B
#42568
b0000111101 (
b101001001111 /
b000010000011010 1
b000011000010111 2
b000001001000010 9
b000001101100011 :
b00001001000010 ;
1B
b101001001110 D
b000010000011010 S
#42576
0B
#42580
b000001101100011 #
b000001001000000 $
b000001101100000 %
b000010000011011 3
b000011000010110 4
b00010000011011 5
b110000101001 6
1>
b110000101001 @
b000001001000000 S
#42584
b0000111110 (
b101001010000 /
b000011000010110 0
b000001001000011 9
b000001101100010 :
b00001001000011 ;
1B
b101001001111 D
b000000111011001 I
b000000111010111 P
b000010000011010 S
#42592
0B
#42600
b0000111111 (
b101001010001 /
b000010000011011 1
b000011000010110 2
b000001001000100 9
b000001101100110 :
b00001001000100 ;
0>
1B
b101001010000 D
b000010000011011 S
#42608
0B
#42616
b0001000000 (
b101001010010 /
b000001001000101 9
b000001101100111 :
b00001001000101 ;
1B
b101001010001 D
b000000111011000 I
b000000111010110 P
#42620
b000001101100111 #
b000001001000010 $
b000001101100011 %
b000010000011100 3
b000011000010010 4
b00010000011100 5
b110000101010 6
1>
b110000101010 @
b000001001000010 S
#42624
0B
#42632
b0001000001 (
b101001010011 /
b000011000010010 0
b000001001000110 9
b000001101100101 :
b00001001000110 ;
1B
b101001010010 D
b000000111010111 I
b000000111010101 P
b000010000011011 S
#42640
0>
0B
#42648
b0001000010 (
b101001010100 /
b000010000011100 1
b000011000010010 2
b000001001000111 9
b000001101100100 :
b00001001000111 ;
1B
b101001010011 D
b000010000011100 S
#42656
0B
#42660
b000001101100100 #
b000001001000101 $
b000001101100111 %
b000010000011101 3
b000011000010011 4
b00010000011101 5
b110000101011 6
1>
b110000101011 @
b000001001000101 S
#42664
b0001000011 (
b101001010101 /
b000011000010011 0
b000001001001000 9
b000001101101100 :
b00001001001000 ;
1B
b101001010100 D
b000000111010110 I
b000000111010100 P
b000010000011100 S
#42672
0B
#42680
b0001000100 (
b101001010110 /
b000010000011101 1
b000011000010011 2
b000001001001001 9
b000001101101101 :
b00001001001001 ;
0>
1B
b101001010101 D
b000010000011101 S
#42688
0B
#42696
b0001000101 (
b101001010111 /
b000001001001010 9
b000001101101111 :
b00001001001010 ;
1B
b101001010110 D
b000000111010101 I
b000000111010011 P
#42700
b000001101101111 #
b000001001000111 $
b000001101100100 %
b000010000011110 3
b000011000010001 4
b00010000011110 5
b110000101100 6
1>
b110000101100 @
b000001001000111 S
#42704
0B
#42712
b0001000110 (
b101001011000 /
b000011000010001 0
b000001001001011 9
b000001101101110 :
b00001001001011 ;
1B
b101001010111 D
b000000111010100 I
b000000111010010 P
b000010000011101 S
#42720
0>
0B
#42728
b0001000111 (
b101001011001 /
b000010000011110 1
b000011000010001 2
b000001001001100 9
b000001101101010 :
b00001001001100 ;
1B
b101001011000 D
b000010000011110 S
#42736
0B
#42740
b000001101101010 #
b000001001001010 $
b000001101101111 %
b000010000011111 3
b000011000010000 4
b00010000011111 5
b110000101101 6
1>
b110000101101 @
b000001001001010 S
#42744
b0001001000 (
b101001011010 /
b000011000010000 0
b000001001001101 9
b000001101101011 :
b00001001001101 ;
1B
b101001011001 D
b000000111010011 I
b000000111010001 P
b000010000011110 S
#42752
0B
#42760
b0001001001 (
b101001011011 /
b000010000011111 1
b000011000010000 2
b000001001001110 9
b000001101101001 :
b00001001001110 ;
0>
1B
b101001011010 D
b000010000011111 S
#42768
0B
#42776
b0001001010 (
b101001011100 /
b000001001001111 9
b000001101101000 :
b00001001001111 ;
1B
b101001011011 D
b000000111010010 I
b000000111010000 P
#42780
b000001101101000 #
b000001001001100 $
b000001101101010 %
b000010000100000 3
b000011000110000 4
b00010000100000 5
b110000101110 6
1>
b110000101110 @
b000001001001100 S
#42784
0B
#42792
b0001001011 (
b101001011101 /
b000011000110000 0
b000001001010000 9
b000001101111000 :
b00001001010000 ;
1B
b101001011100 D
b000000111010001 I
b000000111001111 P
b000010000011111 S
#42800
0>
0B
#42808
b0001001100 (
b101001011110 /
b000010000100000 1
b000011000110000 2
b000001001010001 9
b000001101111001 :
b00001001010001 ;
1B
b101001011101 D
b000010000100000 S
#42816
0B
#42820
b000001101111001 #
b000001001001111 $
b000001101101000 %
b000010000100001 3
b000011000110001 4
b00010000100001 5
b110000101111 6
1>
b110000101111 @
b000001001001111 S
#42824
b0001001101 (
b101001011111 /
b000011000110001 0
b000001001010010 9
b000001101111011 :
b00001001010010 ;
1B
b101001011110 D
b000000111010000 I
b000000111001110 P
b000010000100000 S
#42832
0B
#42840
b0001001110 (
b101001100000 /
b000010000100001 1
b000011000110001 2
b000001001010011 9
b000001101111010 :
b00001001010011 ;
0>
1B
b101001011111 D
b000010000100001 S
#42848
0B
#42856
b0001001111 (
b101001100001 /
b000001001010100 9
b000001101111110 :
b00001001010100 ;
1B
b101001100000 D
b000000111001111 I
b000000111001101 P
#42860
b000001101111110 #
b000001001010001 $
b000001101111001 %
b000010000100010 3
b000011000110011 4
b00010000100010 5
b110000110000 6
1>
b110000110000 @
b000001001010001 S
#42864
0B
#42872
b0001010000 (
b101001100010 /
b000011000110011 0
b000001001010101 9
b000001101111111 :
b00001001010101 ;
1B
b101001100001 D
b000000111001110 I
b000000111001100 P
b000010000100001 S
#42880
0>
0B
#42888
b0001010001 (
b101001100011 /
b000010000100010 1
b000011000110011 2
b000001001010110 9
b000001101111101 :
b00001001010110 ;
1B
b101001100010 D
b000010000100010 S
#42896
0B
#42900
b000001101111101 #
b000001001010100 $
b000001101111110 %
b000010000100011 3
b000011000110010 4
b00010000100011 5
b110000110001 6
1>
b110000110001 @
b000001001010100 S
#42904
b0001010010 (
b101001100100 /
b000011000110010 0
b000001001010111 9
b000001101111100 :
b00001001010111 ;
1B
b101001100011 D
b000000111001101 I
b000000111001011 P
b000010000100010 S
#42912
0B
#42920
b0001010011 (
b101001100101 /
b000010000100011 1
b000011000110010 2
b000001001011000 9
b000001101110100 :
b00001001011000 ;
0>
1B
b101001100100 D
b000010000100011 S
#42928
0B
#42936
b0001010100 (
b101001100110 /
b000001001011001 9
b000001101110101 :
b00001001011001 ;
1B
b101001100101 D
b000000111001100 I
b000000111001010 P
#42940
b000001101110101 #
b000001001010110 $
b000001101111101 %
b000010000100100 3
b000011000110110 4
b00010000100100 5
b110000110010 6
1>
b110000110010 @
b000001001010110 S
#42944
0B
#42952
b0001010101 (
b101001100111 /
b000011000110110 0
b000001001011010 9
b000001101110111 :
b00001001011010 ;
1B
b101001100110 D
b000000111001011 I
b000000111001001 P
b000010000100011 S
#42960
0>
0B
#42968
b0001010110 (
b101001101000 /
b000010000100100 1
b000011000110110 2
b000001001011011 9
b000001101110110 :
b00001001011011 ;
1B
b101001100111 D
b000010000100100 S
#42976
0B
#42980
b000001101110110 #
b000001001011001 $
b000001101110101 %
b000010000100101 3
b000011000110111 4
b00010000100101 5
b110000110011 6
1>
b110000110011 @
b000001001011001 S
#42984
b0001010111 (
b101001101001 /
b000011000110111 0
b000001001011100 9
b000001101110010 :
b00001001011100 ;
1B
b101001101000 D
b000000111001010 I
b000000111001000 P
b000010000100100 S
#42992
0B
#43000
b0001011000 (
b101001101010 /
b000010000100101 1
b000011000110111 2
b000001001011101 9
b000001101110011 :
b00001001011101 ;
0>
1B
b101001101001 D
b000010000100101 S
#43008
0B
#43016
b0001011001 (
b101001101011 /
b000001001011110 9
b000001101110001 :
b00001001011110 ;
1B
b101001101010 D
b000000111001001 I
b000000111000111 P
#43020
b000001101110001 #
b000001001011011 $
b000001101110110 %
b000010000100110 3
b000011000110101 4
b00010000100110 5
b110000110100 6
1>
b110000110100 @
b000001001011011 S
#43024
0B
#43032
b0001011010 (
b101001101100 /
b000011000110101 0
b000001001011111 9
b000001101110000 :
b00001001011111 ;
1B
b101001101011 D
b000000111001000 I
b000000111000110 P
b000010000100101 S
#43040
0>
0B
#43048
b0001011011 (
b101001101101 /
b000010000100110 1
b000011000110101 2
b000001001100000 9
b000001101010000 :
b00001001100000 ;
1B
b101001101100 D
b000010000100110 S
#43056
0B
#43060
b000001101010000 #
b000001001011110 $
b000001101110001 %
b000010000100111 3
b000011000110100 4
b00010000100111 5
b110000110101 6
1>
b110000110101 @
b000001001011110 S
#43064
b0001011100 (
b101001101110 /
b000011000110100 0
b000001001100001 9
b000001101010001 :
b00001001100001 ;
1B
b101001101101 D
b000000111000111 I
b000000111000101 P
b000010000100110 S
#43072
0B
#43080
b0001011101 (
b101001101111 /
b000010000100111 1
b000011000110100 2
b000001001100010 9
b000001101010011 :
b00001001100010 ;
0>
1B
b101001101110 D
b000010000100111 S
#43088
0B
#43096
b0001011110 (
b101001110000 /
b000001001100011 9
b000001101010010 :
b00001001100011 ;
1B
b101001101111 D
b000000111000110 I
b000000111000100 P
#43100
b000001101010010 #
b000001001100000 $
b000001101010000 %
b000010000101000 3
b000011000111100 4
b00010000101000 5
b110000110110 6
1>
b110000110110 @
b000001001100000 S
#43104
0B
#43112
b0001011111 (
b101001110001 /
b000011000111100 0
b000001001100100 9
b000001101010110 :
b00001001100100 ;
1B
b101001110000 D
b000000111000101 I
b000000111000011 P
b000010000100111 S
#43120
0>
0B
#43128
b0001100000 (
b101001110010 /
b000010000101000 1
b000011000111100 2
b000001001100101 9
b000001101010111 :
b00001001100101 ;
1B
b101001110001 D
b000010000101000 S
#43136
0B
#43140
b000001101010111 #
b000001001100011 $
b000001101010010 %
b000010000101001 3
b000011000111101 4
b00010000101001 5
b110000110111 6
1>
b110000110111 @
b000001001100011 S
#43144
b0001100001 (
b101001110011 /
b000011000111101 0
b000001001100110 9
b000001101010101 :
b00001001100110 ;
1B
b101001110010 D
b000000111000100 I
b000000111000010 P
b000010000101000 S
#43152
0B
#43160
b0001100010 (
b101001110100 /
b000010000101001 1
b000011000111101 2
b000001001100111 9
b000001101010100 :
b00001001100111 ;
0>
1B
b101001110011 D
b000010000101001 S
#43168
0B
#43176
b0001100011 (
b101001110101 /
b000001001101000 9
b000001101011100 :
b00001001101000 ;
1B
b101001110100 D
b000000111000011 I
b000000111000001 P
#43180
b000001101011100 #
b000001001100101 $
b000001101010111 %
b000010000101010 3
b000011000111111 4
b00010000101010 5
b110000111000 6
1>
b110000111000 @
b000001001100101 S
#43184
0B
#43192
b0001100100 (
b101001110110 /
b000011000111111 0
b000001001101001 9
b000001101011101 :
b00001001101001 ;
1B
b101001110101 D
b000000111000010 I
b000000111000000 P
b000010000101001 S
#43200
0>
0B
#43208
b0001100101 (
b101001110111 /
b000010000101010 1
b000011000111111 2
b000001001101010 9
b000001101011111 :
b00001001101010 ;
1B
b101001110110 D
b000010000101010 S
#43216
0B
#43220
b000001101011111 #
b000001001101000 $
b000001101011100 %
b000010000101011 3
b000011000111110 4
b00010000101011 5
b110000111001 6
1>
b110000111001 @
b000001001101000 S
#43224
b0001100110 (
b101001111000 /
b000011000111110 0
b000001001101011 9
b000001101011110 :
b00001001101011 ;
1B
b101001110111 D
b000000111000001 I
b000000110111111 P
b000010000101010 S
#43232
0B
#43240
b0001100111 (
b101001111001 /
b000010000101011 1
b000011000111110 2
b000001001101100 9
b000001101011010 :
b00001001101100 ;
0>
1B
b101001111000 D
b000010000101011 S
#43248
0B
#43256
b0001101000 (
b101001111010 /
b000001001101101 9
b000001101011011 :
b00001001101101 ;
1B
b101001111001 D
b000000111000000 I
b000000110111110 P
#43260
b000001101011011 #
b000001001101010 $
b000001101011111 %
b000010000101100 3
b000011000111010 4
b00010000101100 5
b110000111010 6
1>
b110000111010 @
b000001001101010 S
#43264
0B
#43272
b0001101001 (
b101001111011 /
b000011000111010 0
b000001001101110 9
b000001101011001 :
b00001001101110 ;
1B
b101001111010 D
b000000110111111 I
b000000110111101 P
b000010000101011 S
#43280
0>
0B
#43288
b0001101010 (
b101001111100 /
b000010000101100 1
b000011000111010 2
b000001001101111 9
b000001101011000 :
b00001001101111 ;
1B
b101001111011 D
b000010000101100 S
#43296
0B
#43300
b000001101011000 #
b000001001101101 $
b000001101011011 %
b000010000101101 3
b000011000111011 4
b00010000101101 5
b110000111011 6
1>
b110000111011 @
b000001001101101 S
#43304
b0001101011 (
b101001111101 /
b000011000111011 0
b000001001110000 9
b000001101001000 :
b00001001110000 ;
1B
b101001111100 D
b000000110111110 I
b000000110111100 P
b000010000101100 S
#43312
0B
#43320
b0001101100 (
b101001111110 /
b000010000101101 1
b000011000111011 2
b000001001110001 9
b000001101001001 :
b00001001110001 ;
0>
1B
b101001111101 D
b000010000101101 S
#43328
0B
#43336
b0001101101 (
b101001111111 /
b000001001110010 9
b000001101001011 :
b00001001110010 ;
1B
b101001111110 D
b000000110111101 I
b000000110111011 P
#43340
b000001101001011 #
b000001001101111 $
b000001101011000 %
b000010000101110 3
b000011000111001 4
b00010000101110 5
b110000111100 6
1>
b110000111100 @
b000001001101111 S
#43344
0B
#43352
b0001101110 (
b101010000000 /
b000011000111001 0
b000001001110011 9
b000001101001010 :
b00001001110011 ;
1B
b101001111111 D
b000000110111100 I
b000000110111010 P
b000010000101101 S
#43360
0>
0B
#43368
b0001101111 (
b101010000001 /
b000010000101110 1
b000011000111001 2
b000001001110100 9
b000001101001110 :
b00001001110100 ;
1B
b101010000000 D
b000010000101110 S
#43376
0B
#43380
b000001101001110 #
b000001001110010 $
b000001101001011 %
b000010000101111 3
b000011000111000 4
b00010000101111 5
b110000111101 6
1>
b110000111101 @
b000001001110010 S
#43384
b0001110000 (
b101010000010 /
b000011000111000 0
b000001001110101 9
b000001101001111 :
b00001001110101 ;
1B
b101010000001 D
b000000110111011 I
b000000110111001 P
b000010000101110 S
#43392
0B
#43400
b0001110001 (
b101010000011 /
b000010000101111 1
b000011000111000 2
b000001001110110 9
b000001101001101 :
b00001001110110 ;
0>
1B
b101010000010 D
b000010000101111 S
#43408
0B
#43416
b0001110010 (
b101010000100 /
b000001001110111 9
b000001101001100 :
b00001001110111 ;
1B
b101010000011 D
b000000110111010 I
b000000110111000 P
#43420
b000001101001100 #
b000001001110100 $
b000001101001110 %
b000010000110000 3
b000011000101000 4
b00010000110000 5
b110000111110 6
1>
b110000111110 @
b000001001110100 S
#43424
0B
#43432
b0001110011 (
b101010000101 /
b000011000101000 0
b000001001111000 9
b000001101000100 :
b00001001111000 ;
1B
b101010000100 D
b000000110111001 I
b000000110110111 P
b000010000101111 S
#43440
0>
0B
#43448
b0001110100 (
b101010000110 /
b000010000110000 1
b000011000101000 2
b000001001111001 9
b000001101000101 :
b00001001111001 ;
1B
b101010000101 D
b000010000110000 S
#43456
0B
#43460
b000001101000101 #
b000001001110111 $
b000001101001100 %
b000010000110001 3
b000011000101001 4
b00010000110001 5
b110000111111 6
1>
b110000111111 @
b000001001110111 S
#43464
b0001110101 (
b101010000111 /
b000011000101001 0
b000001001111010 9
b000001101000111 :
b00001001111010 ;
1B
b101010000110 D
b000000110111000 I
b000000110110110 P
b000010000110000 S
#43472
0B
#43480
b0001110110 (
b101010001000 /
b000010000110001 1
b000011000101001 2
b000001001111011 9
b000001101000110 :
b00001001111011 ;
0>
1B
b101010000111 D
b000010000110001 S
#43488
0B
#43496
b0001110111 (
b101010001001 /
b000001001111100 9
b000001101000010 :
b00001001111100 ;
1B
b101010001000 D
b000000110110111 I
b000000110110101 P
#43500
b000001101000010 #
b000001001111001 $
b000001101000101 %
b000010000110010 3
b000011000101011 4
b00010000110010 5
b110001000000 6
1>
b110001000000 @
b000001001111001 S
#43504
0B
#43512
b0001111000 (
b101010001010 /
b000011000101011 0
b000001001111101 9
b000001101000011 :
b00001001111101 ;
1B
b101010001001 D
b000000110110110 I
b000000110110100 P
b000010000110001 S
#43520
0>
0B
#43528
b0001111001 (
b101010001011 /
b000010000110010 1
b000011000101011 2
b000001001111110 9
b000001101000001 :
b00001001111110 ;
1B
b101010001010 D
b000010000110010 S
#43536
0B
#43540
b000001101000001 #
b000001001111100 $
b000001101000010 %
b000010000110011 3
b000011000101010 4
b00010000110011 5
b110001000001 6
1>
b110001000001 @
b000001001111100 S
#43544
b0001111010 (
b101010001100 /
b000011000101010 0
b000001001111111 9
b000001101000000 :
b00001001111111 ;
1B
b101010001011 D
b000000110110101 I
b000000110110011 P
b000010000110010 S
#43552
0B
#43560
b0001111011 (
b101010001101 /
b000010000110011 1
b000011000101010 2
b000001010000000 9
b000001111000000 :
b00001010000000 ;
0>
1B
b101010001100 D
b000010000110011 S
#43568
0B
#43576
b0001111100 (
b101010001110 /
b000001010000001 9
b000001111000001 :
b00001010000001 ;
1B
b101010001101 D
b000000110110100 I
b000000110110010 P
#43580
b000001111000001 #
b000001001111110 $
b000001101000001 %
b000010000110100 3
b000011000101110 4
b00010000110100 5
b110001000010 6
1>
b110001000010 @
b000001001111110 S
#43584
0B
#43592
b0001111101 (
b101010001111 /
b000011000101110 0
b000001010000010 9
b000001111000011 :
b00001010000010 ;
1B
b101010001110 D
b000000110110011 I
b000000110110001 P
b000010000110011 S
#43600
0>
0B
#43608
b0001111110 (
b101010010000 /
b000010000110100 1
b000011000101110 2
b000001010000011 9
b000001111000010 :
b00001010000011 ;
1B
b101010001111 D
b000010000110100 S
#43616
0B
#43620
b000001111000010 #
b000001010000001 $
b000001111000001 %
b000010000110101 3
b000011000101111 4
b00010000110101 5
b110001000011 6
1>
b110001000011 @
b000001010000001 S
#43624
b0001111111 (
b101010010001 /
b000011000101111 0
b000001010000100 9
b000001111000110 :
b00001010000100 ;
1B
b101010010000 D
b000000110110010 I
b000000110110000 P
b000010000110100 S
#43632
0B
#43640
b0010000000 (
b101010010010 /
b000010000110101 1
b000011000101111 2
b000001010000101 9
b000001111000111 :
b00001010000101 ;
0>
1B
b101010010001 D
b000010000110101 S
#43648
0B
#43656
b0010000001 (
b101010010011 /
b000001010000110 9
b000001111000101 :
b00001010000110 ;
1B
b101010010010 D
b000000110110001 I
b000000110101111 P
#43660
b000001111000101 #
b000001010000011 $
b000001111000010 %
b000010000110110 3
b000011000101101 4
b00010000110110 5
b110001000100 6
1>
b110001000100 @
b000001010000011 S
#43664
0B
#43672
b0010000010 (
b101010010100 /
b000011000101101 0
b000001010000111 9
b000001111000100 :
b00001010000111 ;
1B
b101010010011 D
b000000110110000 I
b000000110101110 P
b000010000110101 S
#43680
0>
0B
#43688
b0010000011 (
b101010010101 /
b000010000110110 1
b000011000101101 2
b000001010001000 9
b000001111001100 :
b00001010001000 ;
1B
b101010010100 D
b000010000110110 S
#43696
0B
#43700
b000001111001100 #
b000001010000110 $
b000001111000101 %
b000010000110111 3
b000011000101100 4
b00010000110111 5
b110001000101 6
1>
b110001000101 @
b000001010000110 S
#43704
b0010000100 (
b101010010110 /
b000011000101100 0
b000001010001001 9
b000001111001101 :
b00001010001001 ;
1B
b101010010101 D
b000000110101111 I
b000000110101101 P
b000010000110110 S
#43712
0B
#43720
b0010000101 (
b101010010111 /
b000010000110111 1
b000011000101100 2
b000001010001010 9
b000001111001111 :
b00001010001010 ;
0>
1B
b101010010110 D
b000010000110111 S
#43728
0B
#43736
b0010000110 (
b101010011000 /
b000001010001011 9
b000001111001110 :
b00001010001011 ;
1B
b101010010111 D
b000000110101110 I
b000000110101100 P
#43740
b000001111001110 #
b000001010001000 $
b000001111001100 %
b000010000111000 3
b000011000100100 4
b00010000111000 5
b110001000110 6
1>
b110001000110 @
b000001010001000 S
#43744
0B
#43752
b0010000111 (
b101010011001 /
b000011000100100 0
b000001010001100 9
b000001111001010 :
b00001010001100 ;
1B
b101010011000 D
b000000110101101 I
b000000110101011 P
b000010000110111 S
#43760
0>
0B
#43768
b0010001000 (
b101010011010 /
b000010000111000 1
b000011000100100 2
b000001010001101 9
b000001111001011 :
b00001010001101 ;
1B
b101010011001 D
b000010000111000 S
#43776
0B
#43780
b000001111001011 #
b000001010001011 $
b000001111001110 %
b000010000111001 3
b000011000100101 4
b00010000111001 5
b110001000111 6
1>
b110001000111 @
b000001010001011 S
#43784
b0010001001 (
b101010011011 /
b000011000100101 0
b000001010001110 9
b000001111001001 :
b00001010001110 ;
1B
b101010011010 D
b000000110101100 I
b000000110101010 P
b000010000111000 S
#43792
0B
#43800
b0010001010 (
b101010011100 /
b000010000111001 1
b000011000100101 2
b000001010001111 9
b000001111001000 :
b00001010001111 ;
0>
1B
b101010011011 D
b000010000111001 S
#43808
0B
#43816
b0010001011 (
b101010011101 /
b000001010010000 9
b000001111011000 :
b00001010010000 ;
1B
b101010011100 D
b000000110101011 I
b000000110101001 P
#43820
b000001111011000 #
b000001010001101 $
b000001111001011 %
b000010000111010 3
b000011000100111 4
b00010000111010 5
b110001001000 6
1>
b110001001000 @
b000001010001101 S
#43824
0B
#43832
b0010001100 (
b101010011110 /
b000011000100111 0
b000001010010001 9
b000001111011001 :
b00001010010001 ;
1B
b101010011101 D
b000000110101010 I
b000000110101000 P
b000010000111001 S
#43840
0>
0B
#43848
b0010001101 (
b101010011111 /
b000010000111010 1
b000011000100111 2
b000001010010010 9
b000001111011011 :
b00001010010010 ;
1B
b101010011110 D
b000010000111010 S
#43856
0B
#43860
b000001111011011 #
b000001010010000 $
b000001111011000 %
b000010000111011 3
b000011000100110 4
b00010000111011 5
b110001001001 6
1>
b110001001001 @
b000001010010000 S
#43864
b0010001110 (
b101010100000 /
b000011000100110 0
b000001010010011 9
b000001111011010 :
b00001010010011 ;
1B
b101010011111 D
b000000110101001 I
b000000110100111 P
b000010000111010 S
#43872
0B
#43880
b0010001111 (
b101010100001 /
b000010000111011 1
b000011000100110 2
b000001010010100 9
b000001111011110 :
b00001010010100 ;
0>
1B
b101010100000 D
b000010000111011 S
#43888
0B
#43896
b0010010000 (
b101010100010 /
b000001010010101 9
b000001111011111 :
b00001010010101 ;
1B
b101010100001 D
b000000110101000 I
b000000110100110 P
#43900
b000001111011111 #
b000001010010010 $
b000001111011011 %
b000010000111100 3
b000011000100010 4
b00010000111100 5
b110001001010 6
1>
b110001001010 @
b000001010010010 S
#43904
0B
#43912
b0010010001 (
b101010100011 /
b000011000100010 0
b000001010010110 9
b000001111011101 :
b00001010010110 ;
1B
b101010100010 D
b000000110100111 I
b000000110100101 P
b000010000111011 S
#43920
0>
0B
#43928
b0010010010 (
b101010100100 /
b000010000111100 1
b000011000100010 2
b000001010010111 9
b000001111011100 :
b00001010010111 ;
1B
b101010100011 D
b000010000111100 S
#43936
0B
#43940
b000001111011100 #
b000001010010101 $
b000001111011111 %
b000010000111101 3
b000011000100011 4
b00010000111101 5
b110001001011 6
1>
b110001001011 @
b000001010010101 S
#43944
b0010010011 (
b101010100101 /
b000011000100011 0
b000001010011000 9
b000001111010100 :
b00001010011000 ;
1B
b101010100100 D
b000000110100110 I
b000000110100100 P
b000010000111100 S
#43952
0B
#43960
b0010010100 (
b101010100110 /
b000010000111101 1
b000011000100011 2
b000001010011001 9
b000001111010101 :
b00001010011001 ;
0>
1B
b101010100101 D
b000010000111101 S
#43968
0B
#43976
b0010010101 (
b101010100111 /
b000001010011010 9
b000001111010111 :
b00001010011010 ;
1B
b101010100110 D
b000000110100101 I
b000000110100011 P
#43980
b000001111010111 #
b000001010010111 $
b000001111011100 %
b000010000111110 3
b000011000100001 4
b00010000111110 5
b110001001100 6
1>
b110001001100 @
b000001010010111 S
#43984
0B
#43992
b0010010110 (
b101010101000 /
b000011000100001 0
b000001010011011 9
b000001111010110 :
b00001010011011 ;
1B
b101010100111 D
b000000110100100 I
b000000110100010 P
b000010000111101 S
#44000
0>
0B
#44008
b0010010111 (
b101010101001 /
b000010000111110 1
b000011000100001 2
b000001010011100 9
b000001111010010 :
b00001010011100 ;
1B
b101010101000 D
b000010000111110 S
#44016
0B
#44020
b000001111010010 #
b000001010011010 $
b000001111010111 %
b000010000111111 3
b000011000100000 4
b00010000111111 5
b110001001101 6
1>
b110001001101 @
b000001010011010 S
#44024
b0010011000 (
b101010101010 /
b000011000100000 0
b000001010011101 9
b000001111010011 :
b00001010011101 ;
1B
b101010101001 D
b000000110100011 I
b000000110100001 P
b000010000111110 S
#44032
0B
#44040
b0010011001 (
b101010101011 /
b000010000111111 1
b000011000100000 2
b000001010011110 9
b000001111010001 :
b00001010011110 ;
0>
1B
b101010101010 D
b000010000111111 S
#44048
0B
#44056
b0010011010 (
b101010101100 /
b000001010011111 9
b000001111010000 :
b00001010011111 ;
1B
b101010101011 D
b000000110100010 I
b000000110100000 P
#44060
b000001111010000 #
b000001010011100 $
b000001111010010 %
b000010001000000 3
b000011001100000 4
b00010001000000 5
b110001001110 6
1>
b110001001110 @
b000001010011100 S
#44064
0B
#44072
b0010011011 (
b101010101101 /
b000011001100000 0
b000001010100000 9
b000001111110000 :
b00001010100000 ;
1B
b101010101100 D
b000000110100001 I
b000000110011111 P
b000010000111111 S
#44080
0>
0B
#44088
b0010011100 (
b101010101110 /
b000010001000000 1
b000011001100000 2
b000001010100001 9
b000001111110001 :
b00001010100001 ;
1B
b101010101101 D
b000010001000000 S
#44096
0B
#44100
b000001111110001 #
b000001010011111 $
b000001111010000 %
b000010001000001 3
b000011001100001 4
b00010001000001 5
b110001001111 6
1>
b110001001111 @
b000001010011111 S
#44104
b0010011101 (
b101010101111 /
b000011001100001 0
b000001010100010 9
b000001111110011 :
b00001010100010 ;
1B
b101010101110 D
b000000110100000 I
b000000110011110 P
b000010001000000 S
#44112
0B
#44120
b0010011110 (
b101010110000 /
b000010001000001 1
b000011001100001 2
b000001010100011 9
b000001111110010 :
b00001010100011 ;
0>
1B
b101010101111 D
b000010001000001 S
#44128
0B
#44136
b0010011111 (
b101010110001 /
b000001010100100 9
b000001111110110 :
b00001010100100 ;
1B
b101010110000 D
b000000110011111 I
b000000110011101 P
#44140
b000001111110110 #
b000001010100001 $
b000001111110001 %
b000010001000010 3
b000011001100011 4
b00010001000010 5
b110001010000 6
1>
b110001010000 @
b000001010100001 S
#44144
0B
#44152
b0010100000 (
b101010110010 /
b000011001100011 0
b000001010100101 9
b000001111110111 :
b00001010100101 ;
1B
b101010110001 D
b000000110011110 I
b000000110011100 P
b000010001000001 S
#44160
0>
0B
#44168
b0010100001 (
b101010110011 /
b000010001000010 1
b000011001100011 2
b000001010100110 9
b000001111110101 :
b00001010100110 ;
1B
b101010110010 D
b000010001000010 S
#44176
0B
#44180
b000001111110101 #
b000001010100100 $
b000001111110110 %
b000010001000011 3
b000011001100010 4
b00010001000011 5
b110001010001 6
1>
b110001010001 @
b000001010100100 S
#44184
b0010100010 (
b101010110100 /
b000011001100010 0
b000001010100111 9
b000001111110100 :
b00001010100111 ;
1B
b101010110011 D
b000000110011101 I
b000000110011011 P
b000010001000010 S
#44192
0B
#44200
b0010100011 (
b101010110101 /
b000010001000011 1
b000011001100010 2
b000001010101000 9
b000001111111100 :
b00001010101000 ;
0>
1B
b101010110100 D
b000010001000011 S
#44208
0B
#44216
b0010100100 (
b101010110110 /
b000001010101001 9
b000001111111101 :
b00001010101001 ;
1B
b101010110101 D
b000000110011100 I
b000000110011010 P
#44220
b000001111111101 #
b000001010100110 $
b000001111110101 %
b000010001000100 3
b000011001100110 4
b00010001000100 5
b110001010010 6
1>
b110001010010 @
b000001010100110 S
#44224
0B
#44232
b0010100101 (
b101010110111 /
b000011001100110 0
b000001010101010 9
b000001111111111 :
b00001010101010 ;
1B
b101010110110 D
b000000110011011 I
b000000110011001 P
b000010001000011 S
#44240
0>
0B
#44248
b0010100110 (
b101010111000 /
b000010001000100 1
b000011001100110 2
b000001010101011 9
b000001111111110 :
b00001010101011 ;
1B
b101010110111 D
b000010001000100 S
#44256
0B
#44260
b000001111111110 #
b000001010101001 $
b000001111111101 %
b000010001000101 3
b000011001100111 4
b00010001000101 5
b110001010011 6
1>
b110001010011 @
b000001010101001 S
#44264
b0010100111 (
b101010111001 /
b000011001100111 0
b000001010101100 9
b000001111111010 :
b00001010101100 ;
1B
b101010111000 D
b000000110011010 I
b000000110011000 P
b000010001000100 S
#44272
0B
#44280
b0010101000 (
b101010111010 /
b000010001000101 1
b000011001100111 2
b000001010101101 9
b000001111111011 :
b00001010101101 ;
0>
1B
b101010111001 D
b000010001000101 S
#44288
0B
#44296
b0010101001 (
b101010111011 /
b000001010101110 9
b000001111111001 :
b00001010101110 ;
1B
b101010111010 D
b000000110011001 I
b000000110010111 P
#44300
b000001111111001 #
b000001010101011 $
b000001111111110 %
b000010001000110 3
b000011001100101 4
b00010001000110 5
b110001010100 6
1>
b110001010100 @
b000001010101011 S
#44304
0B
#44312
b0010101010 (
b101010111100 /
b000011001100101 0
b000001010101111 9
b000001111111000 :
b00001010101111 ;
1B
b101010111011 D
b000000110011000 I
b000000110010110 P
b000010001000101 S
#44320
0>
0B
#44328
b0010101011 (
b101010111101 /
b000010001000110 1
b000011001100101 2
b000001010110000 9
b000001111101000 :
b00001010110000 ;
1B
b101010111100 D
b000010001000110 S
#44336
0B
#44340
b000001111101000 #
b000001010101110 $
b000001111111001 %
b000010001000111 3
b000011001100100 4
b00010001000111 5
b110001010101 6
1>
b110001010101 @
b000001010101110 S
#44344
b0010101100 (
b101010111110 /
b000011001100100 0
b000001010110001 9
b000001111101001 :
b00001010110001 ;
1B
b101010111101 D
b000000110010111 I
b000000110010101 P
b000010001000110 S
#44352
0B
#44360
b0010101101 (
b101010111111 /
b000010001000111 1
b000011001100100 2
b000001010110010 9
b000001111101011 :
b00001010110010 ;
0>
1B
b101010111110 D
b000010001000111 S
#44368
0B
#44376
b0010101110 (
b101011000000 /
b000001010110011 9
b000001111101010 :
b00001010110011 ;
1B
b101010111111 D
b000000110010110 I
b000000110010100 P
#44380
b000001111101010 #
b000001010110000 $
b000001111101000 %
b000010001001000 3
b000011001101100 4
b00010001001000 5
b110001010110 6
1>
b110001010110 @
b000001010110000 S
#44384
0B
#44392
b0010101111 (
b101011000001 /
b000011001101100 0
b000001010110100 9
b000001111101110 :
b00001010110100 ;
1B
b101011000000 D
b000000110010101 I
b000000110010011 P
b000010001000111 S
#44400
0>
0B
#44408
b0010110000 (
b101011000010 /
b000010001001000 1
b000011001101100 2
b000001010110101 9
b000001111101111 :
b00001010110101 ;
1B
b101011000001 D
b000010001001000 S
#44416
0B
#44420
b000001111101111 #
b000001010110011 $
b000001111101010 %
b000010001001001 3
b000011001101101 4
b00010001001001 5
b110001010111 6
1>
b110001010111 @
b000001010110011 S
#44424
b0010110001 (
b101011000011 /
b000011001101101 0
b000001010110110 9
b000001111101101 :
b00001010110110 ;
1B
b101011000010 D
b000000110010100 I
b000000110010010 P
b000010001001000 S
#44432
0B
#44440
b0010110010 (
b101011000100 /
b000010001001001 1
b000011001101101 2
b000001010110111 9
b000001111101100 :
b00001010110111 ;
0>
1B
b101011000011 D
b000010001001001 S
#44448
0B
#44456
b0010110011 (
b101011000101 /
b000001010111000 9
b000001111100100 :
b00001010111000 ;
1B
b101011000100 D
b000000110010011 I
b000000110010001 P
#44460
b000001111100100 #
b000001010110101 $
b000001111101111 %
b000010001001010 3
b000011001101111 4
b00010001001010 5
b110001011000 6
1>
b110001011000 @
b000001010110101 S
#44464
0B
#44472
b0010110100 (
b101011000110 /
b000011001101111 0
b000001010111001 9
b000001111100101 :
b00001010111001 ;
1B
b101011000101 D
b000000110010010 I
b000000110010000 P
b000010001001001 S
#44480
0>
0B
#44488
b0010110101 (
b101011000111 /
b000010001001010 1
b000011001101111 2
b000001010111010 9
b000001111100111 :
b00001010111010 ;
1B
b101011000110 D
b000010001001010 S
#44496
0B
#44500
b000001111100111 #
b000001010111000 $
b000001111100100 %
b000010001001011 3
b000011001101110 4
b00010001001011 5
b110001011001 6
1>
b110001011001 @
b000001010111000 S
#44504
b0010110110 (
b101011001000 /
b000011001101110 0
b000001010111011 9
b000001111100110 :
b00001010111011 ;
1B
b101011000111 D
b000000110010001 I
b000000110001111 P
b000010001001010 S
#44512
0B
#44520
b0010110111 (
b101011001001 /
b000010001001011 1
b000011001101110 2
b000001010111100 9
b000001111100010 :
b00001010111100 ;
0>
1B
b101011001000 D
b000010001001011 S
#44528
0B
#44536
b0010111000 (
b101011001010 /
b000001010111101 9
b000001111100011 :
b00001010111101 ;
1B
b101011001001 D
b000000110010000 I
b000000110001110 P
#44540
b000001111100011 #
b000001010111010 $
b000001111100111 %
b000010001001100 3
b000011001101010 4
b00010001001100 5
b110001011010 6
1>
b110001011010 @
b000001010111010 S
#44544
0B
#44552
b0010111001 (
b101011001011 /
b000011001101010 0
b000001010111110 9
b000001111100001 :
b00001010111110 ;
1B
b101011001010 D
b000000110001111 I
b000000110001101 P
b000010001001011 S
#44560
0>
0B
#44568
b0010111010 (
b101011001100 /
b000010001001100 1
b000011001101010 2
b000001010111111 9
b000001111100000 :
b00001010111111 ;
1B
b101011001011 D
b000010001001100 S
#44576
0B
#44580
b000001111100000 #
b000001010111101 $
b000001111100011 %
b000010001001101 3
b000011001101011 4
b00010001001101 5
b110001011011 6
1>
b110001011011 @
b000001010111101 S
#44584
b0010111011 (
b101011001101 /
b000011001101011 0
b000001011000000 9
b000001110100000 :
b00001011000000 ;
1B
b101011001100 D
b000000110001110 I
b000000110001100 P
b000010001001100 S
#44592
0B
#44600
b0010111100 (
b101011001110 /
b000010001001101 1
b000011001101011 2
b000001011000001 9
b000001110100001 :
b00001011000001 ;
0>
1B
b101011001101 D
b000010001001101 S
#44608
0B
#44616
b0010111101 (
b101011001111 /
b000001011000010 9
b000001110100011 :
b00001011000010 ;
1B
b101011001110 D
b000000110001101 I
b000000110001011 P
#44620
b000001110100011 #
b000001010111111 $
b000001111100000 %
b000010001001110 3
b000011001101001 4
b00010001001110 5
b110001011100 6
1>
b110001011100 @
b000001010111111 S
#44624
0B
#44632
b0010111110 (
b101011010000 /
b000011001101001 0
b000001011000011 9
b000001110100010 :
b00001011000011 ;
1B
b101011001111 D
b000000110001100 I
b000000110001010 P
b000010001001101 S
#44640
0>
0B
#44648
b0010111111 (
b101011010001 /
b000010001001110 1
b000011001101001 2
b000001011000100 9
b000001110100110 :
b00001011000100 ;
1B
b101011010000 D
b000010001001110 S
#44656
0B
#44660
b000001110100110 #
b000001011000010 $
b000001110100011 %
b000010001001111 3
b000011001101000 4
b00010001001111 5
b110001011101 6
1>
b110001011101 @
b000001011000010 S
#44664
b0011000000 (
b101011010010 /
b000011001101000 0
b000001011000101 9
b000001110100111 :
b00001011000101 ;
1B
b101011010001 D
b000000110001011 I
b000000110001001 P
b000010001001110 S
#44672
0B
#44680
b0011000001 (
b101011010011 /
b000010001001111 1
b000011001101000 2
b000001011000110 9
b000001110100101 :
b00001011000110 ;
0>
1B
b101011010010 D
b000010001001111 S
#44688
0B
#44696
b0011000010 (
b101011010100 /
b000001011000111 9
b000001110100100 :
b00001011000111 ;
1B
b101011010011 D
b000000110001010 I
b000000110001000 P
#44700
b000001110100100 #
b000001011000100 $
b000001110100110 %
b000010001010000 3
b000011001111000 4
b00010001010000 5
b110001011110 6
1>
b110001011110 @
b000001011000100 S
#44704
0B
#44712
b0011000011 (
b101011010101 /
b000011001111000 0
b000001011001000 9
b000001110101100 :
b00001011001000 ;
1B
b101011010100 D
b000000110001001 I
b000000110000111 P
b000010001001111 S
#44720
0>
0B
#44728
b0011000100 (
b101011010110 /
b000010001010000 1
b000011001111000 2
b000001011001001 9
b000001110101101 :
b00001011001001 ;
1B
b101011010101 D
b000010001010000 S
#44736
0B
#44740
b000001110101101 #
b000001011000111 $
b000001110100100 %
b000010001010001 3
b000011001111001 4
b00010001010001 5
b110001011111 6
1>
b110001011111 @
b000001011000111 S
#44744
b0011000101 (
b101011010111 /
b000011001111001 0
b000001011001010 9
b000001110101111 :
b00001011001010 ;
1B
b101011010110 D
b000000110001000 I
b000000110000110 P
b000010001010000 S
#44752
0B
#44760
b0011000110 (
b101011011000 /
b000010001010001 1
b000011001111001 2
b000001011001011 9
b000001110101110 :
b00001011001011 ;
0>
1B
b101011010111 D
b000010001010001 S
#44768
0B
#44776
b0011000111 (
b101011011001 /
b000001011001100 9
b000001110101010 :
b00001011001100 ;
1B
b101011011000 D
b000000110000111 I
b000000110000101 P
#44780
b000001110101010 #
b000001011001001 $
b000001110101101 %
b000010001010010 3
b000011001111011 4
b00010001010010 5
b110001100000 6
1>
b110001100000 @
b000001011001001 S
#44784
0B
#44792
b0011001000 (
b101011011010 /
b000011001111011 0
b000001011001101 9
b000001110101011 :
b00001011001101 ;
1B
b101011011001 D
b000000110000110 I
b000000110000100 P
b000010001010001 S
#44800
0>
0B
#44808
b0011001001 (
b101011011011 /
b000010001010010 1
b000011001111011 2
b000001011001110 9
b000001110101001 :
b00001011001110 ;
1B
b101011011010 D
b000010001010010 S
#44816
0B
#44820
b000001110101001 #
b000001011001100 $
b000001110101010 %
b000010001010011 3
b000011001111010 4
b00010001010011 5
b110001100001 6
1>
b110001100001 @
b000001011001100 S
#44824
b0011001010 (
b101011011100 /
b000011001111010 0
b000001011001111 9
b000001110101000 :
b00001011001111 ;
1B
b101011011011 D
b000000110000101 I
b000000110000011 P
b000010001010010 S
#44832
0B
#44840
b0011001011 (
b101011011101 /
b000010001010011 1
b000011001111010 2
b000001011010000 9
b000001110111000 :
b00001011010000 ;
0>
1B
b101011011100 D
b000010001010011 S
#44848
0B
#44856
b0011001100 (
b101011011110 /
b000001011010001 9
b000001110111001 :
b00001011010001 ;
1B
b101011011101 D
b000000110000100 I
b000000110000010 P
#44860
b000001110111001 #
b000001011001110 $
b000001110101001 %
b000010001010100 3
b000011001111110 4
b00010001010100 5
b110001100010 6
1>
b110001100010 @
b000001011001110 S
#44864
0B
#44872
b0011001101 (
b101011011111 /
b000011001111110 0
b000001011010010 9
b000001110111011 :
b00001011010010 ;
1B
b101011011110 D
b000000110000011 I
b000000110000001 P
b000010001010011 S
#44880
0>
0B
#44888
b0011001110 (
b101011100000 /
b000010001010100 1
b000011001111110 2
b000001011010011 9
b000001110111010 :
b00001011010011 ;
1B
b101011011111 D
b000010001010100 S
#44896
0B
#44900
b000001110111010 #
b000001011010001 $
b000001110111001 %
b000010001010101 3
b000011001111111 4
b00010001010101 5
b110001100011 6
1>
b110001100011 @
b000001011010001 S
#44904
b0011001111 (
b101011100001 /
b000011001111111 0
b000001011010100 9
b000001110111110 :
b00001011010100 ;
1B
b101011100000 D
b000000110000010 I
b000000110000000 P
b000010001010100 S
#44912
0B
#44920
b0011010000 (
b101011100010 /
b000010001010101 1
b000011001111111 2
b000001011010101 9
b000001110111111 :
b00001011010101 ;
0>
1B
b101011100001 D
b000010001010101 S
#44928
0B
#44936
b0011010001 (
b101011100011 /
b000001011010110 9
b000001110111101 :
b00001011010110 ;
1B
b101011100010 D
b000000110000001 I
b000000101111111 P
#44940
b000001110111101 #
b000001011010011 $
b000001110111010 %
b000010001010110 3
b000011001111101 4
b00010001010110 5
b110001100100 6
1>
b110001100100 @
b000001011010011 S
#44944
0B
#44952
b0011010010 (
b101011100100 /
b000011001111101 0
b000001011010111 9
b000001110111100 :
b00001011010111 ;
1B
b101011100011 D
b000000110000000 I
b000000101111110 P
b000010001010101 S
#44960
0>
0B
#44968
b0011010011 (
b101011100101 /
b000010001010110 1
b000011001111101 2
b000001011011000 9
b000001110110100 :
b00001011011000 ;
1B
b101011100100 D
b000010001010110 S
#44976
0B
#44980
b000001110110100 #
b000001011010110 $
b000001110111101 %
b000010001010111 3
b000011001111100 4
b00010001010111 5
b110001100101 6
1>
b110001100101 @
b000001011010110 S
#44984
b0011010100 (
b101011100110 /
b000011001111100 0
b000001011011001 9
b000001110110101 :
b00001011011001 ;
1B
b101011100101 D
b000000101111111 I
b000000101111101 P
b000010001010110 S
#44992
0B
#45000
b0011010101 (
b101011100111 /
b000010001010111 1
b000011001111100 2
b000001011011010 9
b000001110110111 :
b00001011011010 ;
0>
1B
b101011100110 D
b000010001010111 S
#45008
0B
#45016
b0011010110 (
b101011101000 /
b000001011011011 9
b000001110110110 :
b00001011011011 ;
1B
b101011100111 D
b000000101111110 I
b000000101111100 P
#45020
b000001110110110 #
b000001011011000 $
b000001110110100 %
b000010001011000 3
b000011001110100 4
b00010001011000 5
b110001100110 6
1>
b110001100110 @
b000001011011000 S
#45024
0B
#45032
b0011010111 (
b101011101001 /
b000011001110100 0
b000001011011100 9
b000001110110010 :
b00001011011100 ;
1B
b101011101000 D
b000000101111101 I
b000000101111011 P
b000010001010111 S
#45040
0>
0B
#45048
b0011011000 (
b101011101010 /
b000010001011000 1
b000011001110100 2
b000001011011101 9
b000001110110011 :
b00001011011101 ;
1B
b101011101001 D
b000010001011000 S
#45056
0B
#45060
b000001110110011 #
b000001011011011 $
b000001110110110 %
b000010001011001 3
b000011001110101 4
b00010001011001 5
b110001100111 6
1>
b110001100111 @
b000001011011011 S
#45064
b0011011001 (
b101011101011 /
b000011001110101 0
b000001011011110 9
b000001110110001 :
b00001011011110 ;
1B
b101011101010 D
b000000101111100 I
b000000101111010 P
b000010001011000 S
#45072
0B
#45080
b0011011010 (
b101011101100 /
b000010001011001 1
b000011001110101 2
b000001011011111 9
b000001110110000 :
b00001011011111 ;
0>
1B
b101011101011 D
b000010001011001 S
#45088
0B
#45096
b0011011011 (
b101011101101 /
b000001011100000 9
b000001110010000 :
b00001011100000 ;
1B
b101011101100 D
b000000101111011 I
b000000101111001 P
#45100
b000001110010000 #
b000001011011101 $
b000001110110011 %
b000010001011010 3
b000011001110111 4
b00010001011010 5
b110001101000 6
1>
b110001101000 @
b000001011011101 S
#45104
0B
#45112
b0011011100 (
b101011101110 /
b000011001110111 0
b000001011100001 9
b000001110010001 :
b00001011100001 ;
1B
b101011101101 D
b000000101111010 I
b000000101111000 P
b000010001011001 S
#45120
0>
0B
#45128
b0011011101 (
b101011101111 /
b000010001011010 1
b000011001110111 2
b000001011100010 9
b000001110010011 :
b00001011100010 ;
1B
b101011101110 D
b000010001011010 S
#45136
0B
#45140
b000001110010011 #
b000001011100000 $
b000001110010000 %
b000010001011011 3
b000011001110110 4
b00010001011011 5
b110001101001 6
1>
b110001101001 @
b000001011100000 S
#45144
b0011011110 (
b101011110000 /
b000011001110110 0
b000001011100011 9
b000001110010010 :
b00001011100011 ;
1B
b101011101111 D
b000000101111001 I
b000000101110111 P
b000010001011010 S
#45152
0B
#45160
b0011011111 (
b101011110001 /
b000010001011011 1
b000011001110110 2
b000001011100100 9
b000001110010110 :
b00001011100100 ;
0>
1B
b101011110000 D
b000010001011011 S
#45168
0B
#45176
b0011100000 (
b101011110010 /
b000001011100101 9
b000001110010111 :
b00001011100101 ;
1B
b101011110001 D
b000000101111000 I
b000000101110110 P
#45180
b000001110010111 #
b000001011100010 $
b000001110010011 %
b000010001011100 3
b000011001110010 4
b00010001011100 5
b110001101010 6
1>
b110001101010 @
b000001011100010 S
#45184
0B
#45192
b0011100001 (
b101011110011 /
b000011001110010 0
b000001011100110 9
b000001110010101 :
b00001011100110 ;
1B
b101011110010 D
b000000101110111 I
b000000101110101 P
b000010001011011 S
#45200
0>
0B
#45208
b0011100010 (
b101011110100 /
b000010001011100 1
b000011001110010 2
b000001011100111 9
b000001110010100 :
b00001011100111 ;
1B
b101011110011 D
b000010001011100 S
#45216
0B
#45220
b000001110010100 #
b000001011100101 $
b000001110010111 %
b000010001011101 3
b000011001110011 4
b00010001011101 5
b110001101011 6
1>
b110001101011 @
b000001011100101 S
#45224
b0011100011 (
b101011110101 /
b000011001110011 0
b000001011101000 9
b000001110011100 :
b00001011101000 ;
1B
b101011110100 D
b000000101110110 I
b000000101110100 P
b000010001011100 S
#45232
0B
#45240
b0011100100 (
b101011110110 /
b000010001011101 1
b000011001110011 2
b000001011101001 9
b000001110011101 :
b00001011101001 ;
0>
1B
b101011110101 D
b000010001011101 S
#45248
0B
#45256
b0011100101 (
b101011110111 /
b000001011101010 9
b000001110011111 :
b00001011101010 ;
1B
b101011110110 D
b000000101110101 I
b000000101110011 P
#45260
b000001110011111 #
b000001011100111 $
b000001110010100 %
b000010001011110 3
b000011001110001 4
b00010001011110 5
b110001101100 6
1>
b110001101100 @
b000001011100111 S
#45264
0B
#45272
b0011100110 (
b101011111000 /
b000011001110001 0
b000001011101011 9
b000001110011110 :
b00001011101011 ;
1B
b101011110111 D
b000000101110100 I
b000000101110010 P
b000010001011101 S
#45280
0>
0B
#45288
b0011100111 (
b101011111001 /
b000010001011110 1
b000011001110001 2
b000001011101100 9
b000001110011010 :
b00001011101100 ;
1B
b101011111000 D
b000010001011110 S
#45296
0B
#45300
b000001110011010 #
b000001011101010 $
b000001110011111 %
b000010001011111 3
b000011001110000 4
b00010001011111 5
b110001101101 6
1>
b110001101101 @
b000001011101010 S
#45304
b0011101000 (
b101011111010 /
b000011001110000 0
b000001011101101 9
b000001110011011 :
b00001011101101 ;
1B
b101011111001 D
b000000101110011 I
b000000101110001 P
b000010001011110 S
#45312
0B
#45320
b0011101001 (
b101011111011 /
b000010001011111 1
b000011001110000 2
b000001011101110 9
b000001110011001 :
b00001011101110 ;
0>
1B
b101011111010 D
b000010001011111 S
#45328
0B
#45336
b0011101010 (
b101011111100 /
b000001011101111 9
b000001110011000 :
b00001011101111 ;
1B
b101011111011 D
b000000101110010 I
b000000101110000 P
#45340
b000001110011000 #
b000001011101100 $
b000001110011010 %
b000010001100000 3
b000011001010000 4
b00010001100000 5
b110001101110 6
1>
b110001101110 @
b000001011101100 S
#45344
0B
#45352
b0011101011 (
b101011111101 /
b000011001010000 0
b000001011110000 9
b000001110001000 :
b00001011110000 ;
1B
b101011111100 D
b000000101110001 I
b000000101101111 P
b000010001011111 S
#45360
0>
0B
#45368
b0011101100 (
b101011111110 /
b000010001100000 1
b000011001010000 2
b000001011110001 9
b000001110001001 :
b00001011110001 ;
1B
b101011111101 D
b000010001100000 S
#45376
0B
#45380
b000001110001001 #
b000001011101111 $
b000001110011000 %
b000010001100001 3
b000011001010001 4
b00010001100001 5
b110001101111 6
1>
b110001101111 @
b000001011101111 S
#45384
b0011101101 (
b101011111111 /
b000011001010001 0
b000001011110010 9
b000001110001011 :
b00001011110010 ;
1B
b101011111110 D
b000000101110000 I
b000000101101110 P
b000010001100000 S
#45392
0B
#45400
b0011101110 (
b101100000000 /
b000010001100001 1
b000011001010001 2
b000001011110011 9
b000001110001010 :
b00001011110011 ;
0>
1B
b101011111111 D
b000010001100001 S
#45408
0B
#45416
b0011101111 (
b101100000001 /
b000001011110100 9
b000001110001110 :
b00001011110100 ;
1B
b101100000000 D
b000000101101111 I
b000000101101101 P
#45420
b000001110001110 #
b000001011110001 $
b000001110001001 %
b000010001100010 3
b000011001010011 4
b00010001100010 5
b110001110000 6
1>
b110001110000 @
b000001011110001 S
#45424
0B
#45432
b0011110000 (
b101100000010 /
b000011001010011 0
b000001011110101 9
b000001110001111 :
b00001011110101 ;
1B
b101100000001 D
b000000101101110 I
b000000101101100 P
b000010001100001 S
#45440
0>
0B
#45448
b0011110001 (
b101100000011 /
b000010001100010 1
b000011001010011 2
b000001011110110 9
b000001110001101 :
b00001011110110 ;
1B
b101100000010 D
b000010001100010 S
#45456
0B
#45460
b000001110001101 #
b000001011110100 $
b000001110001110 %
b000010001100011 3
b000011001010010 4
b00010001100011 5
b110001110001 6
1>
b110001110001 @
b000001011110100 S
#45464
b0011110010 (
b101100000100 /
b000011001010010 0
b000001011110111 9
b000001110001100 :
b00001011110111 ;
1B
b101100000011 D
b000000101101101 I
b000000101101011 P
b000010001100010 S
#45472
0B
#45480
b0011110011 (
b101100000101 /
b000010001100011 1
b000011001010010 2
b000001011111000 9
b000001110000100 :
b00001011111000 ;
0>
1B
b101100000100 D
b000010001100011 S
#45488
0B
#45496
b0011110100 (
b101100000110 /
b000001011111001 9
b000001110000101 :
b00001011111001 ;
1B
b101100000101 D
b000000101101100 I
b000000101101010 P
#45500
b000001110000101 #
b000001011110110 $
b000001110001101 %
b000010001100100 3
b000011001010110 4
b00010001100100 5
b110001110010 6
1>
b110001110010 @
b000001011110110 S
#45504
0B
#45512
b0011110101 (
b101100000111 /
b000011001010110 0
b000001011111010 9
b000001110000111 :
b00001011111010 ;
1B
b101100000110 D
b000000101101011 I
b000000101101001 P
b000010001100011 S
#45520
0>
0B
#45528
b0011110110 (
b101100001000 /
b000010001100100 1
b000011001010110 2
b000001011111011 9
b000001110000110 :
b00001011111011 ;
1B
b101100000111 D
b000010001100100 S
#45536
0B
#45540
b000001110000110 #
b000001011111001 $
b000001110000101 %
b000010001100101 3
b000011001010111 4
b00010001100101 5
b110001110011 6
1>
b110001110011 @
b000001011111001 S
#45544
b0011110111 (
b101100001001 /
b000011001010111 0
b000001011111100 9
b000001110000010 :
b00001011111100 ;
1B
b101100001000 D
b000000101101010 I
b000000101101000 P
b000010001100100 S
#45552
0B
#45560
b0011111000 (
b101100001010 /
b000010001100101 1
b000011001010111 2
b000001011111101 9
b000001110000011 :
b00001011111101 ;
0>
1B
b101100001001 D
b000010001100101 S
#45568
0B
#45576
b0011111001 (
b101100001011 /
b000001011111110 9
b000001110000001 :
b00001011111110 ;
1B
b101100001010 D
b000000101101001 I
b000000101100111 P
#45580
b000001110000001 #
b000001011111011 $
b000001110000110 %
b000010001100110 3
b000011001010101 4
b00010001100110 5
b110001110100 6
1>
b110001110100 @
b000001011111011 S
#45584
0B
#45592
b0011111010 (
b101100001100 /
b000011001010101 0
b000001011111111 9
b000001110000000 :
b00001011111111 ;
1B
b101100001011 D
b000000101101000 I
b000000101100110 P
b000010001100101 S
#45600
0>
0B
#45608
b0011111011 (
b101100001101 /
b000010001100110 1
b000011001010101 2
b000001100000000 9
b000001010000000 :
b00001100000000 ;
1B
b101100001100 D
b000010001100110 S
#45616
0B
#45620
b000001010000000 #
b000001011111110 $
b000001110000001 %
b000010001100111 3
b000011001010100 4
b00010001100111 5
b110001110101 6
1>
b110001110101 @
b000001011111110 S
#45624
b0011111100 (
b101100001110 /
b000011001010100 0
b000001100000001 9
b000001010000001 :
b00001100000001 ;
1B
b101100001101 D
b000000101100111 I
b000000101100101 P
b000010001100110 S
#45632
0B
#45640
b0011111101 (
b101100001111 /
b000010001100111 1
b000011001010100 2
b000001100000010 9
b000001010000011 :
b00001100000010 ;
0>
1B
b101100001110 D
b000010001100111 S
#45648
0B
#45656
b0011111110 (
b101100010000 /
b000001100000011 9
b000001010000010 :
b00001100000011 ;
1B
b101100001111 D
b000000101100110 I
b000000101100100 P
#45660
b000001010000010 #
b000001100000000 $
b000001010000000 %
b000010001101000 3
b000011001011100 4
b00010001101000 5
b110001110110 6
1>
b110001110110 @
b000001100000000 S
#45664
0B
#45672
b0011111111 (
b101100010001 /
b000011001011100 0
b000001100000100 9
b000001010000110 :
b00001100000100 ;
1B
b101100010000 D
b000000101100101 I
b000000101100011 P
b000010001100111 S
#45680
0>
0B
#45688
b0100000000 (
b101100010010 /
b000010001101000 1
b000011001011100 2
b000001100000101 9
b000001010000111 :
b00001100000101 ;
1B
b101100010001 D
b000010001101000 S
#45696
0B
#45700
b000001010000111 #
b000001100000011 $
b000001010000010 %
b000010001101001 3
b000011001011101 4
b00010001101001 5
b110001110111 6
1>
b110001110111 @
b000001100000011 S
#45704
b0100000001 (
b101100010011 /
b000011001011101 0
b000001100000110 9
b000001010000101 :
b00001100000110 ;
1B
b101100010010 D
b000000101100100 I
b000000101100010 P
b000010001101000 S
#45712
0B
#45720
b0100000010 (
b101100010100 /
b000010001101001 1
b000011001011101 2
b000001100000111 9
b000001010000100 :
b00001100000111 ;
0>
1B
b101100010011 D
b000010001101001 S
#45728
0B
#45736
b0100000011 (
b101100010101 /
b000001100001000 9
b000001010001100 :
b00001100001000 ;
1B
b101100010100 D
b000000101100011 I
b000000101100001 P
#45740
b000001010001100 #
b000001100000101 $
b000001010000111 %
b000010001101010 3
b000011001011111 4
b00010001101010 5
b110001111000 6
1>
b110001111000 @
b000001100000101 S
#45744
0B
#45752
b0100000100 (
b101100010110 /
b000011001011111 0
b000001100001001 9
b000001010001101 :
b00001100001001 ;
1B
b101100010101 D
b000000101100010 I
b000000101100000 P
b000010001101001 S
#45760
0>
0B
#45768
b0100000101 (
b101100010111 /
b000010001101010 1
b000011001011111 2
b000001100001010 9
b000001010001111 :
b00001100001010 ;
1B
b101100010110 D
b000010001101010 S
#45776
0B
#45780
b000001010001111 #
b000001100001000 $
b000001010001100 %
b000010001101011 3
b000011001011110 4
b00010001101011 5
b110001111001 6
1>
b110001111001 @
b000001100001000 S
#45784
b0100000110 (
b101100011000 /
b000011001011110 0
b000001100001011 9
b000001010001110 :
b00001100001011 ;
1B
b101100010111 D
b000000101100001 I
b000000101011111 P
b000010001101010 S
#45792
0B
#45800
b0100000111 (
b101100011001 /
b000010001101011 1
b000011001011110 2
b000001100001100 9
b000001010001010 :
b00001100001100 ;
0>
1B
b101100011000 D
b000010001101011 S
#45808
0B
#45816
b0100001000 (
b101100011010 /
b000001100001101 9
b000001010001011 :
b00001100001101 ;
1B
b101100011001 D
b000000101100000 I
b000000101011110 P
#45820
b000001010001011 #
b000001100001010 $
b000001010001111 %
b000010001101100 3
b000011001011010 4
b00010001101100 5
b110001111010 6
1>
b110001111010 @
b000001100001010 S
#45824
0B
#45832
b0100001001 (
b101100011011 /
b000011001011010 0
b000001100001110 9
b000001010001001 :
b00001100001110 ;
1B
b101100011010 D
b000000101011111 I
b000000101011101 P
b000010001101011 S
#45840
0>
0B
#45848
b0100001010 (
b101100011100 /
b000010001101100 1
b000011001011010 2
b000001100001111 9
b000001010001000 :
b00001100001111 ;
1B
b101100011011 D
b000010001101100 S
#45856
0B
#45860
b000001010001000 #
b000001100001101 $
b000001010001011 %
b000010001101101 3
b000011001011011 4
b00010001101101 5
b110001111011 6
1>
b110001111011 @
b000001100001101 S
#45864
b0100001011 (
b101100011101 /
b000011001011011 0
b000001100010000 9
b000001010011000 :
b00001100010000 ;
1B
b101100011100 D
b000000101011110 I
b000000101011100 P
b000010001101100 S
#45872
0B
#45880
b0100001100 (
b101100011110 /
b000010001101101 1
b000011001011011 2
b000001100010001 9
b000001010011001 :
b00001100010001 ;
0>
1B
b101100011101 D
b000010001101101 S
#45888
0B
#45896
b0100001101 (
b101100011111 /
b000001100010010 9
b000001010011011 :
b00001100010010 ;
1B
b101100011110 D
b000000101011101 I
b000000101011011 P
#45900
b000001010011011 #
b000001100001111 $
b000001010001000 %
b000010001101110 3
b000011001011001 4
b00010001101110 5
b110001111100 6
1>
b110001111100 @
b000001100001111 S
#45904
0B
#45912
b0100001110 (
b101100100000 /
b000011001011001 0
b000001100010011 9
b000001010011010 :
b00001100010011 ;
1B
b101100011111 D
b000000101011100 I
b000000101011010 P
b000010001101101 S
#45920
0>
0B
#45928
b0100001111 (
b101100100001 /
b000010001101110 1
b000011001011001 2
b000001100010100 9
b000001010011110 :
b00001100010100 ;
1B
b101100100000 D
b000010001101110 S
#45936
0B
#45940
b000001010011110 #
b000001100010010 $
b000001010011011 %
b000010001101111 3
b000011001011000 4
b00010001101111 5
b110001111101 6
1>
b110001111101 @
b000001100010010 S
#45944
b0100010000 (
b101100100010 /
b000011001011000 0
b000001100010101 9
b000001010011111 :
b00001100010101 ;
1B
b101100100001 D
b000000101011011 I
b000000101011001 P
b000010001101110 S
#45952
0B
#45960
b0100010001 (
b101100100011 /
b000010001101111 1
b000011001011000 2
b000001100010110 9
b000001010011101 :
b00001100010110 ;
0>
1B
b101100100010 D
b000010001101111 S
#45968
0B
#45976
b0100010010 (
b101100100100 /
b000001100010111 9
b000001010011100 :
b00001100010111 ;
1B
b101100100011 D
b000000101011010 I
b000000101011000 P
#45980
b000001010011100 #
b000001100010100 $
b000001010011110 %
b000010001110000 3
b000011001001000 4
b00010001110000 5
b110001111110 6
1>
b110001111110 @
b000001100010100 S
#45984
0B
#45992
b0100010011 (
b101100100101 /
b000011001001000 0
b000001100011000 9
b000001010010100 :
b00001100011000 ;
1B
b101100100100 D
b000000101011001 I
b000000101010111 P
b000010001101111 S
#46000
0>
0B
#46008
b0100010100 (
b101100100110 /
b000010001110000 1
b000011001001000 2
b000001100011001 9
b000001010010101 :
b00001100011001 ;
1B
b101100100101 D
b000010001110000 S
#46016
0B
#46020
b000001010010101 #
b000001100010111 $
b000001010011100 %
b000010001110001 3
b000011001001001 4
b00010001110001 5
b110001111111 6
1>
b110001111111 @
b000001100010111 S
#46024
b0100010101 (
b101100100111 /
b000011001001001 0
b000001100011010 9
b000001010010111 :
b00001100011010 ;
1B
b101100100110 D
b000000101011000 I
b000000101010110 P
b000010001110000 S
#46032
0B
#46040
b0100010110 (
b101100101000 /
b000010001110001 1
b000011001001001 2
b000001100011011 9
b000001010010110 :
b00001100011011 ;
0>
1B
b101100100111 D
b000010001110001 S
#46048
0B
#46056
b0100010111 (
b101100101001 /
b000001100011100 9
b000001010010010 :
b00001100011100 ;
1B
b101100101000 D
b000000101010111 I
b000000101010101 P
#46060
b000001010010010 #
b000001100011001 $
b000001010010101 %
b000010001110010 3
b000011001001011 4
b00010001110010 5
b110010000000 6
1>
b110010000000 @
b000001100011001 S
#46064
0B
#46072
b0100011000 (
b101100101010 /
b000011001001011 0
b000001100011101 9
b000001010010011 :
b00001100011101 ;
1B
b101100101001 D
b000000101010110 I
b000000101010100 P
b000010001110001 S
#46080
0>
0B
#46088
b0100011001 (
b101100101011 /
b000010001110010 1
b000011001001011 2
b000001100011110 9
b000001010010001 :
b00001100011110 ;
1B
b101100101010 D
b000010001110010 S
#46096
0B
#46100
b000001010010001 #
b000001100011100 $
b000001010010010 %
b000010001110011 3
b000011001001010 4
b00010001110011 5
b110010000001 6
1>
b110010000001 @
b000001100011100 S
#46104
b0100011010 (
b101100101100 /
b000011001001010 0
b000001100011111 9
b000001010010000 :
b00001100011111 ;
1B
b101100101011 D
b000000101010101 I
b000000101010011 P
b000010001110010 S
#46112
0B
#46120
b0100011011 (
b101100101101 /
b000010001110011 1
b000011001001010 2
b000001100100000 9
b000001010110000 :
b00001100100000 ;
0>
1B
b101100101100 D
b000010001110011 S
#46128
0B
#46136
b0100011100 (
b101100101110 /
b000001100100001 9
b000001010110001 :
b00001100100001 ;
1B
b101100101101 D
b000000101010100 I
b000000101010010 P
#46140
b000001010110001 #
b000001100011110 $
b000001010010001 %
b000010001110100 3
b000011001001110 4
b00010001110100 5
b110010000010 6
1>
b110010000010 @
b000001100011110 S
#46144
0B
#46152
b0100011101 (
b101100101111 /
b000011001001110 0
b000001100100010 9
b000001010110011 :
b00001100100010 ;
1B
b101100101110 D
b000000101010011 I
b000000101010001 P
b000010001110011 S
#46160
0>
0B
#46168
b0100011110 (
b101100110000 /
b000010001110100 1
b000011001001110 2
b000001100100011 9
b000001010110010 :
b00001100100011 ;
1B
b101100101111 D
b000010001110100 S
#46176
0B
#46180
b000001010110010 #
b000001100100001 $
b000001010110001 %
b000010001110101 3
b000011001001111 4
b00010001110101 5
b110010000011 6
1>
b110010000011 @
b000001100100001 S
#46184
b0100011111 (
b101100110001 /
b000011001001111 0
b000001100100100 9
b000001010110110 :
b00001100100100 ;
1B
b101100110000 D
b000000101010010 I
b000000101010000 P
b000010001110100 S
#46192
0B
#46200
b0100100000 (
b101100110010 /
b000010001110101 1
b000011001001111 2
b000001100100101 9
b000001010110111 :
b00001100100101 ;
0>
1B
b101100110001 D
b000010001110101 S
#46208
0B
#46216
b0100100001 (
b101100110011 /
b000001100100110 9
b000001010110101 :
b00001100100110 ;
1B
b101100110010 D
b000000101010001 I
b000000101001111 P
#46220
b000001010110101 #
b000001100100011 $
b000001010110010 %
b000010001110110 3
b000011001001101 4
b00010001110110 5
b110010000100 6
1>
b110010000100 @
b000001100100011 S
#46224
0B
#46232
b0100100010 (
b101100110100 /
b000011001001101 0
b000001100100111 9
b000001010110100 :
b00001100100111 ;
1B
b101100110011 D
b000000101010000 I
b000000101001110 P
b000010001110101 S
#46240
0>
0B
#46248
b0100100011 (
b101100110101 /
b000010001110110 1
b000011001001101 2
b000001100101000 9
b000001010111100 :
b00001100101000 ;
1B
b101100110100 D
b000010001110110 S
#46256
0B
#46260
b000001010111100 #
b000001100100110 $
b000001010110101 %
b000010001110111 3
b000011001001100 4
b00010001110111 5
b110010000101 6
1>
b110010000101 @
b000001100100110 S
#46264
b0100100100 (
b101100110110 /
b000011001001100 0
b000001100101001 9
b000001010111101 :
b00001100101001 ;
1B
b101100110101 D
b000000101001111 I
b000000101001101 P
b000010001110110 S
#46272
0B
#46280
b0100100101 (
b101100110111 /
b000010001110111 1
b000011001001100 2
b000001100101010 9
b000001010111111 :
b00001100101010 ;
0>
1B
b101100110110 D
b000010001110111 S
#46288
0B
#46296
b0100100110 (
b101100111000 /
b000001100101011 9
b000001010111110 :
b00001100101011 ;
1B
b101100110111 D
b000000101001110 I
b000000101001100 P
#46300
b000001010111110 #
b000001100101000 $
b000001010111100 %
b000010001111000 3
b000011001000100 4
b00010001111000 5
b110010000110 6
1>
b110010000110 @
b000001100101000 S
#46304
0B
#46312
b0100100111 (
b101100111001 /
b000011001000100 0
b000001100101100 9
b000001010111010 :
b00001100101100 ;
1B
b101100111000 D
b000000101001101 I
b000000101001011 P
b000010001110111 S
#46320
0>
0B
#46328
b0100101000 (
b101100111010 /
b000010001111000 1
b000011001000100 2
b000001100101101 9
b000001010111011 :
b00001100101101 ;
1B
b101100111001 D
b000010001111000 S
#46336
0B
#46340
b000001010111011 #
b000001100101011 $
b000001010111110 %
b000010001111001 3
b000011001000101 4
b00010001111001 5
b110010000111 6
1>
b110010000111 @
b000001100101011 S
#46344
b0100101001 (
b101100111011 /
b000011001000101 0
b000001100101110 9
b000001010111001 :
b00001100101110 ;
1B
b101100111010 D
b000000101001100 I
b000000101001010 P
b000010001111000 S
#46352
0B
#46360
b0100101010 (
b101100111100 /
b000010001111001 1
b000011001000101 2
b000001100101111 9
b000001010111000 :
b00001100101111 ;
0>
1B
b101100111011 D
b000010001111001 S
#46368
0B
#46376
b0100101011 (
b101100111101 /
b000001100110000 9
b000001010101000 :
b00001100110000 ;
1B
b101100111100 D
b000000101001011 I
b000000101001001 P
#46380
b000001010101000 #
b000001100101101 $
b000001010111011 %
b000010001111010 3
b000011001000111 4
b00010001111010 5
b110010001000 6
1>
b110010001000 @
b000001100101101 S
#46384
0B
#46392
b0100101100 (
b101100111110 /
b000011001000111 0
b000001100110001 9
b000001010101001 :
b00001100110001 ;
1B
b101100111101 D
b000000101001010 I
b000000101001000 P
b000010001111001 S
#46400
0>
0B
#46408
b0100101101 (
b101100111111 /
b000010001111010 1
b000011001000111 2
b000001100110010 9
b000001010101011 :
b00001100110010 ;
1B
b101100111110 D
b000010001111010 S
#46416
0B
#46420
b000001010101011 #
b000001100110000 $
b000001010101000 %
b000010001111011 3
b000011001000110 4
b00010001111011 5
b110010001001 6
1>
b110010001001 @
b000001100110000 S
#46424
b0100101110 (
b101101000000 /
b000011001000110 0
b000001100110011 9
b000001010101010 :
b00001100110011 ;
1B
b101100111111 D
b000000101001001 I
b000000101000111 P
b000010001111010 S
#46432
0B
#46440
b0100101111 (
b101101000001 /
b000010001111011 1
b000011001000110 2
b000001100110100 9
b000001010101110 :
b00001100110100 ;
0>
1B
b101101000000 D
b000010001111011 S
#46448
0B
#46456
b0100110000 (
b101101000010 /
b000001100110101 9
b000001010101111 :
b00001100110101 ;
1B
b101101000001 D
b000000101001000 I
b000000101000110 P
#46460
b000001010101111 #
b000001100110010 $
b000001010101011 %
b000010001111100 3
b000011001000010 4
b00010001111100 5
b110010001010 6
1>
b110010001010 @
b000001100110010 S
#46464
0B
#46472
b0100110001 (
b101101000011 /
b000011001000010 0
b000001100110110 9
b000001010101101 :
b00001100110110 ;
1B
b101101000010 D
b000000101000111 I
b000000101000101 P
b000010001111011 S
#46480
0>
0B
#46488
b0100110010 (
b101101000100 /
b000010001111100 1
b000011001000010 2
b000001100110111 9
b000001010101100 :
b00001100110111 ;
1B
b101101000011 D
b000010001111100 S
#46496
0B
#46500
b000001010101100 #
b000001100110101 $
b000001010101111 %
b000010001111101 3
b000011001000011 4
b00010001111101 5
b110010001011 6
1>
b110010001011 @
b000001100110101 S
#46504
b0100110011 (
b101101000101 /
b000011001000011 0
b000001100111000 9
b000001010100100 :
b00001100111000 ;
1B
b101101000100 D
b000000101000110 I
b000000101000100 P
b000010001111100 S
#46512
0B
#46520
b0100110100 (
b101101000110 /
b000010001111101 1
b000011001000011 2
b000001100111001 9
b000001010100101 :
b00001100111001 ;
0>
1B
b101101000101 D
b000010001111101 S
#46528
0B
#46536
b0100110101 (
b101101000111 /
b000001100111010 9
b000001010100111 :
b00001100111010 ;
1B
b101101000110 D
b000000101000101 I
b000000101000011 P
#46540
b000001010100111 #
b000001100110111 $
b000001010101100 %
b000010001111110 3
b000011001000001 4
b00010001111110 5
b110010001100 6
1>
b110010001100 @
b000001100110111 S
#46544
0B
#46552
b0100110110 (
b101101001000 /
b000011001000001 0
b000001100111011 9
b000001010100110 :
b00001100111011 ;
1B
b101101000111 D
b000000101000100 I
b000000101000010 P
b000010001111101 S
#46560
0>
0B
#46568
b0100110111 (
b101101001001 /
b000010001111110 1
b000011001000001 2
b000001100111100 9
b000001010100010 :
b00001100111100 ;
1B
b101101001000 D
b000010001111110 S
#46576
0B
#46580
b000001010100010 #
b000001100111010 $
b000001010100111 %
b000010001111111 3
b000011001000000 4
b00010001111111 5
b110010001101 6
1>
b110010001101 @
b000001100111010 S
#46584
b0100111000 (
b101101001010 /
b000011001000000 0
b000001100111101 9
b000001010100011 :
b00001100111101 ;
1B
b101101001001 D
b000000101000011 I
b000000101000001 P
b000010001111110 S
#46592
0B
#46600
b0100111001 (
b101101001011 /
b000010001111111 1
b000011001000000 2
b000001100111110 9
b000001010100001 :
b00001100111110 ;
0>
1B
b101101001010 D
b000010001111111 S
#46608
0B
#46616
b0100111010 (
b101101001100 /
b000001100111111 9
b000001010100000 :
b00001100111111 ;
1B
b101101001011 D
b000000101000010 I
b000000101000000 P
#46620
b000001010100000 #
b000001100111100 $
b000001010100010 %
b000010010000000 3
b000011011000000 4
b00010010000000 5
b110010001110 6
1>
b110010001110 @
b000001100111100 S
#46624
0B
#46632
b0100111011 (
b101101001101 /
b000011011000000 0
b000001101000000 9
b000001011100000 :
b00001101000000 ;
1B
b101101001100 D
b000000101000001 I
b000000100111111 P
b000010001111111 S
#46640
0>
0B
#46648
b0100111100 (
b101101001110 /
b000010010000000 1
b000011011000000 2
b000001101000001 9
b000001011100001 :
b00001101000001 ;
1B
b101101001101 D
b000010010000000 S
#46656
0B
#46660
b000001011100001 #
b000001100111111 $
b000001010100000 %
b000010010000001 3
b000011011000001 4
b00010010000001 5
b110010001111 6
1>
b110010001111 @
b000001100111111 S
#46664
b0100111101 (
b101101001111 /
b000011011000001 0
b000001101000010 9
b000001011100011 :
b00001101000010 ;
1B
b101101001110 D
b000000101000000 I
b000000100111110 P
b000010010000000 S
#46672
0B
#46680
b0100111110 (
b101101010000 /
b000010010000001 1
b000011011000001 2
b000001101000011 9
b000001011100010 :
b00001101000011 ;
0>
1B
b101101001111 D
b000010010000001 S
#46688
0B
#46696
b0100111111 (
b101101010001 /
b000001101000100 9
b000001011100110 :
b00001101000100 ;
1B
b101101010000 D
b000000100111111 I
b000000100111101 P
#46700
b000001011100110 #
b000001101000001 $
b000001011100001 %
b000010010000010 3
b000011011000011 4
b00010010000010 5
b110010010000 6
1>
b110010010000 @
b000001101000001 S
#46704
0B
#46712
b0101000000 (
b101101010010 /
b000011011000011 0
b000001101000101 9
b000001011100111 :
b00001101000101 ;
1B
b101101010001 D
b000000100111110 I
b000000100111100 P
b000010010000001 S
#46720
0>
0B
#46728
b0101000001 (
b101101010011 /
b000010010000010 1
b000011011000011 2
b000001101000110 9
b000001011100101 :
b00001101000110 ;
1B
b101101010010 D
b000010010000010 S
#46736
0B
#46740
b000001011100101 #
b000001101000100 $
b000001011100110 %
b000010010000011 3
b000011011000010 4
b00010010000011 5
b110010010001 6
1>
b110010010001 @
b000001101000100 S
#46744
b0101000010 (
b101101010100 /
b000011011000010 0
b000001101000111 9
b000001011100100 :
b00001101000111 ;
1B
b101101010011 D
b000000100111101 I
b000000100111011 P
b000010010000010 S
#46752
0B
#46760
b0101000011 (
b101101010101 /
b000010010000011 1
b000011011000010 2
b000001101001000 9
b000001011101100 :
b00001101001000 ;
0>
1B
b101101010100 D
b000010010000011 S
#46768
0B
#46776
b0101000100 (
b101101010110 /
b000001101001001 9
b000001011101101 :
b00001101001001 ;
1B
b101101010101 D
b000000100111100 I
b000000100111010 P
#46780
b000001011101101 #
b000001101000110 $
b000001011100101 %
b000010010000100 3
b000011011000110 4
b00010010000100 5
b110010010010 6
1>
b110010010010 @
b000001101000110 S
#46784
0B
#46792
b0101000101 (
b101101010111 /
b000011011000110 0
b000001101001010 9
b000001011101111 :
b00001101001010 ;
1B
b101101010110 D
b000000100111011 I
b000000100111001 P
b000010010000011 S
#46800
0>
0B
#46808
b0101000110 (
b101101011000 /
b000010010000100 1
b000011011000110 2
b000001101001011 9
b000001011101110 :
b00001101001011 ;
1B
b101101010111 D
b000010010000100 S
#46816
0B
#46820
b000001011101110 #
b000001101001001 $
b000001011101101 %
b000010010000101 3
b000011011000111 4
b00010010000101 5
b110010010011 6
1>
b110010010011 @
b000001101001001 S
#46824
b0101000111 (
b101101011001 /
b000011011000111 0
b000001101001100 9
b000001011101010 :
b00001101001100 ;
1B
b101101011000 D
b000000100111010 I
b000000100111000 P
b000010010000100 S
#46832
0B
#46840
b0101001000 (
b101101011010 /
b000010010000101 1
b000011011000111 2
b000001101001101 9
b000001011101011 :
b00001101001101 ;
0>
1B
b101101011001 D
b000010010000101 S
#46848
0B
#46856
b0101001001 (
b101101011011 /
b000001101001110 9
b000001011101001 :
b00001101001110 ;
1B
b101101011010 D
b000000100111001 I
b000000100110111 P
#46860
b000001011101001 #
b000001101001011 $
b000001011101110 %
b000010010000110 3
b000011011000101 4
b00010010000110 5
b110010010100 6
1>
b110010010100 @
b000001101001011 S
#46864
0B
#46872
b0101001010 (
b101101011100 /
b000011011000101 0
b000001101001111 9
b000001011101000 :
b00001101001111 ;
1B
b101101011011 D
b000000100111000 I
b000000100110110 P
b000010010000101 S
#46880
0>
0B
#46888
b0101001011 (
b101101011101 /
b000010010000110 1
b000011011000101 2
b000001101010000 9
b000001011111000 :
b00001101010000 ;
1B
b101101011100 D
b000010010000110 S
#46896
0B
#46900
b000001011111000 #
b000001101001110 $
b000001011101001 %
b000010010000111 3
b000011011000100 4
b00010010000111 5
b110010010101 6
1>
b110010010101 @
b000001101001110 S
#46904
b0101001100 (
b101101011110 /
b000011011000100 0
b000001101010001 9
b000001011111001 :
b00001101010001 ;
1B
b101101011101 D
b000000100110111 I
b000000100110101 P
b000010010000110 S
#46912
0B
#46920
b0101001101 (
b101101011111 /
b000010010000111 1
b000011011000100 2
b000001101010010 9
b000001011111011 :
b00001101010010 ;
0>
1B
b101101011110 D
b000010010000111 S
#46928
0B
#46936
b0101001110 (
b101101100000 /
b000001101010011 9
b000001011111010 :
b00001101010011 ;
1B
b101101011111 D
b000000100110110 I
b000000100110100 P
#46940
b000001011111010 #
b000001101010000 $
b000001011111000 %
b000010010001000 3
b000011011001100 4
b00010010001000 5
b110010010110 6
1>
b110010010110 @
b000001101010000 S
#46944
0B
#46952
b0101001111 (
b101101100001 /
b000011011001100 0
b000001101010100 9
b000001011111110 :
b00001101010100 ;
1B
b101101100000 D
b000000100110101 I
b000000100110011 P
b000010010000111 S
#46960
0>
0B
#46968
b0101010000 (
b101101100010 /
b000010010001000 1
b000011011001100 2
b000001101010101 9
b000001011111111 :
b00001101010101 ;
1B
b101101100001 D
b000010010001000 S
#46976
0B
#46980
b000001011111111 #
b000001101010011 $
b000001011111010 %
b000010010001001 3
b000011011001101 4
b00010010001001 5
b110010010111 6
1>
b110010010111 @
b000001101010011 S
#46984
b0101010001 (
b101101100011 /
b000011011001101 0
b000001101010110 9
b000001011111101 :
b00001101010110 ;
1B
b101101100010 D
b000000100110100 I
b000000100110010 P
b000010010001000 S
#46992
0B
#47000
b0101010010 (
b101101100100 /
b000010010001001 1
b000011011001101 2
b000001101010111 9
b000001011111100 :
b00001101010111 ;
0>
1B
b101101100011 D
b000010010001001 S
#47008
0B
#47016
b0101010011 (
b101101100101 /
b000001101011000 9
b000001011110100 :
b00001101011000 ;
1B
b101101100100 D
b000000100110011 I
b000000100110001 P
#47020
b000001011110100 #
b000001101010101 $
b000001011111111 %
b000010010001010 3
b000011011001111 4
b00010010001010 5
b110010011000 6
1>
b110010011000 @
b000001101010101 S
#47024
0B
#47032
b0101010100 (
b101101100110 /
b000011011001111 0
b000001101011001 9
b000001011110101 :
b00001101011001 ;
1B
b101101100101 D
b000000100110010 I
b000000100110000 P
b000010010001001 S
#47040
0>
0B
#47048
b0101010101 (
b101101100111 /
b000010010001010 1
b000011011001111 2
b000001101011010 9
b000001011110111 :
b00001101011010 ;
1B
b101101100110 D
b000010010001010 S
#47056
0B
#47060
b000001011110111 #
b000001101011000 $
b000001011110100 %
b000010010001011 3
b000011011001110 4
b00010010001011 5
b110010011001 6
1>
b110010011001 @
b000001101011000 S
#47064
b0101010110 (
b101101101000 /
b000011011001110 0
b000001101011011 9
b000001011110110 :
b00001101011011 ;
1B
b101101100111 D
b000000100110001 I
b000000100101111 P
b000010010001010 S
#47072
0B
#47080
b0101010111 (
b101101101001 /
b000010010001011 1
b000011011001110 2
b000001101011100 9
b000001011110010 :
b00001101011100 ;
0>
1B
b101101101000 D
b000010010001011 S
#47088
0B
#47096
b0101011000 (
b101101101010 /
b000001101011101 9
b000001011110011 :
b00001101011101 ;
1B
b101101101001 D
b000000100110000 I
b000000100101110 P
#47100
b000001011110011 #
b000001101011010 $
b000001011110111 %
b000010010001100 3
b000011011001010 4
b00010010001100 5
b110010011010 6
1>
b110010011010 @
b000001101011010 S
#47104
0B
#47112
b0101011001 (
b101101101011 /
b000011011001010 0
b000001101011110 9
b000001011110001 :
b00001101011110 ;
1B
b101101101010 D
b000000100101111 I
b000000100101101 P
b000010010001011 S
#47120
0>
0B
#47128
b0101011010 (
b101101101100 /
b000010010001100 1
b000011011001010 2
b000001101011111 9
b000001011110000 :
b00001101011111 ;
1B
b101101101011 D
b000010010001100 S
#47136
0B
#47140
b000001011110000 #
b000001101011101 $
b000001011110011 %
b000010010001101 3
b000011011001011 4
b00010010001101 5
b110010011011 6
1>
b110010011011 @
b000001101011101 S
#47144
b0101011011 (
b101101101101 /
b000011011001011 0
b000001101100000 9
b000001011010000 :
b00001101100000 ;
1B
b101101101100 D
b000000100101110 I
b000000100101100 P
b000010010001100 S
#47152
0B
#47160
b0101011100 (
b101101101110 /
b000010010001101 1
b000011011001011 2
b000001101100001 9
b000001011010001 :
b00001101100001 ;
0>
1B
b101101101101 D
b000010010001101 S
#47168
0B
#47176
b0101011101 (
b101101101111 /
b000001101100010 9
b000001011010011 :
b00001101100010 ;
1B
b101101101110 D
b000000100101101 I
b000000100101011 P
#47180
b000001011010011 #
b000001101011111 $
b000001011110000 %
b000010010001110 3
b000011011001001 4
b00010010001110 5
b110010011100 6
1>
b110010011100 @
b000001101011111 S
#47184
0B
#47192
b0101011110 (
b101101110000 /
b000011011001001 0
b000001101100011 9
b000001011010010 :
b00001101100011 ;
1B
b101101101111 D
b000000100101100 I
b000000100101010 P
b000010010001101 S
#47200
0>
0B
#47208
b0101011111 (
b101101110001 /
b000010010001110 1
b000011011001001 2
b000001101100100 9
b000001011010110 :
b00001101100100 ;
1B
b101101110000 D
b000010010001110 S
#47216
0B
#47220
b000001011010110 #
b000001101100010 $
b000001011010011 %
b000010010001111 3
b000011011001000 4
b00010010001111 5
b110010011101 6
1>
b110010011101 @
b000001101100010 S
#47224
b0101100000 (
b101101110010 /
b000011011001000 0
b000001101100101 9
b000001011010111 :
b00001101100101 ;
1B
b101101110001 D
b000000100101011 I
b000000100101001 P
b000010010001110 S
#47232
0B
#47240
b0101100001 (
b101101110011 /
b000010010001111 1
b000011011001000 2
b000001101100110 9
b000001011010101 :
b00001101100110 ;
0>
1B
b101101110010 D
b000010010001111 S
#47248
0B
#47256
b0101100010 (
b101101110100 /
b000001101100111 9
b000001011010100 :
b00001101100111 ;
1B
b101101110011 D
b000000100101010 I
b000000100101000 P
#47260
b000001011010100 #
b000001101100100 $
b000001011010110 %
b000010010010000 3
b000011011011000 4
b00010010010000 5
b110010011110 6
1>
b110010011110 @
b000001101100100 S
#47264
0B
#47272
b0101100011 (
b101101110101 /
b000011011011000 0
b000001101101000 9
b000001011011100 :
b00001101101000 ;
1B
b101101110100 D
b000000100101001 I
b000000100100111 P
b000010010001111 S
#47280
0>
0B
#47288
b0101100100 (
b101101110110 /
b000010010010000 1
b000011011011000 2
b000001101101001 9
b000001011011101 :
b00001101101001 ;
1B
b101101110101 D
b000010010010000 S
#47296
0B
#47300
b000001011011101 #
b000001101100111 $
b000001011010100 %
b000010010010001 3
b000011011011001 4
b00010010010001 5
b110010011111 6
1>
b110010011111 @
b000001101100111 S
#47304
b0101100101 (
b101101110111 /
b000011011011001 0
b000001101101010 9
b000001011011111 :
b00001101101010 ;
1B
b101101110110 D
b000000100101000 I
b000000100100110 P
b000010010010000 S
#47312
0B
#47320
b0101100110 (
b101101111000 /
b000010010010001 1
b000011011011001 2
b000001101101011 9
b000001011011110 :
b00001101101011 ;
0>
1B
b101101110111 D
b000010010010001 S
#47328
0B
#47336
b0101100111 (
b101101111001 /
b000001101101100 9
b000001011011010 :
b00001101101100 ;
1B
b101101111000 D
b000000100100111 I
b000000100100101 P
#47340
b000001011011010 #
b000001101101001 $
b000001011011101 %
b000010010010010 3
b000011011011011 4
b00010010010010 5
b110010100000 6
1>
b110010100000 @
b000001101101001 S
#47344
0B
#47352
b0101101000 (
b101101111010 /
b000011011011011 0
b000001101101101 9
b000001011011011 :
b00001101101101 ;
1B
b101101111001 D
b000000100100110 I
b000000100100100 P
b000010010010001 S
#47360
0>
0B
#47368
b0101101001 (
b101101111011 /
b000010010010010 1
b000011011011011 2
b000001101101110 9
b000001011011001 :
b00001101101110 ;
1B
b101101111010 D
b000010010010010 S
#47376
0B
#47380
b000001011011001 #
b000001101101100 $
b000001011011010 %
b000010010010011 3
b000011011011010 4
b00010010010011 5
b110010100001 6
1>
b110010100001 @
b000001101101100 S
#47384
b0101101010 (
b101101111100 /
b000011011011010 0
b000001101101111 9
b000001011011000 :
b00001101101111 ;
1B
b101101111011 D
b000000100100101 I
b000000100100011 P
b000010010010010 S
#47392
0B
#47400
b0101101011 (
b101101111101 /
b000010010010011 1
b000011011011010 2
b000001101110000 9
b000001011001000 :
b00001101110000 ;
0>
1B
b101101111100 D
b000010010010011 S
#47408
0B
#47416
b0101101100 (
b101101111110 /
b000001101110001 9
b000001011001001 :
b00001101110001 ;
1B
b101101111101 D
b000000100100100 I
b000000100100010 P
#47420
b000001011001001 #
b000001101101110 $
b000001011011001 %
b000010010010100 3
b000011011011110 4
b00010010010100 5
b110010100010 6
1>
b110010100010 @
b000001101101110 S
#47424
0B
#47432
b0101101101 (
b101101111111 /
b000011011011110 0
b000001101110010 9
b000001011001011 :
b00001101110010 ;
1B
b101101111110 D
b000000100100011 I
b000000100100001 P
b000010010010011 S
#47440
0>
0B
#47448
b0101101110 (
b101110000000 /
b000010010010100 1
b000011011011110 2
b000001101110011 9
b000001011001010 :
b00001101110011 ;
1B
b101101111111 D
b000010010010100 S
#47456
0B
#47460
b000001011001010 #
b000001101110001 $
b000001011001001 %
b000010010010101 3
b000011011011111 4
b00010010010101 5
b110010100011 6
1>
b110010100011 @
b000001101110001 S
#47464
b0101101111 (
b101110000001 /
b000011011011111 0
b000001101110100 9
b000001011001110 :
b00001101110100 ;
1B
b101110000000 D
b000000100100010 I
b000000100100000 P
b000010010010100 S
#47472
0B
#47480
b0101110000 (
b101110000010 /
b000010010010101 1
b000011011011111 2
b000001101110101 9
b000001011001111 :
b00001101110101 ;
0>
1B
b101110000001 D
b000010010010101 S
#47488
0B
#47496
b0101110001 (
b101110000011 /
b000001101110110 9
b000001011001101 :
b00001101110110 ;
1B
b101110000010 D
b000000100100001 I
b000000100011111 P
#47500
b000001011001101 #
b000001101110011 $
b000001011001010 %
b000010010010110 3
b000011011011101 4
b00010010010110 5
b110010100100 6
1>
b110010100100 @
b000001101110011 S
#47504
0B
#47512
b0101110010 (
b101110000100 /
b000011011011101 0
b000001101110111 9
b000001011001100 :
b00001101110111 ;
1B
b101110000011 D
b000000100100000 I
b000000100011110 P
b000010010010101 S
#47520
0>
0B
#47528
b0101110011 (
b101110000101 /
b000010010010110 1
b000011011011101 2
b000001101111000 9
b000001011000100 :
b00001101111000 ;
1B
b101110000100 D
b000010010010110 S
#47536
0B
#47540
b000001011000100 #
b000001101110110 $
b000001011001101 %
b000010010010111 3
b000011011011100 4
b00010010010111 5
b110010100101 6
1>
b110010100101 @
b000001101110110 S
#47544
b0101110100 (
b101110000110 /
b000011011011100 0
b000001101111001 9
b000001011000101 :
b00001101111001 ;
1B
b101110000101 D
b000000100011111 I
b000000100011101 P
b000010010010110 S
#47552
0B
#47560
b0101110101 (
b101110000111 /
b000010010010111 1
b000011011011100 2
b000001101111010 9
b000001011000111 :
b00001101111010 ;
0>
1B
b101110000110 D
b000010010010111 S
#47568
0B
#47576
b0101110110 (
b101110001000 /
b000001101111011 9
b000001011000110 :
b00001101111011 ;
1B
b101110000111 D
b000000100011110 I
b000000100011100 P
#47580
b000001011000110 #
b000001101111000 $
b000001011000100 %
b000010010011000 3
b000011011010100 4
b00010010011000 5
b110010100110 6
1>
b110010100110 @
b000001101111000 S
#47584
0B
#47592
b0101110111 (
b101110001001 /
b000011011010100 0
b000001101111100 9
b000001011000010 :
b00001101111100 ;
1B
b101110001000 D
b000000100011101 I
b000000100011011 P
b000010010010111 S
#47600
0>
0B
#47608
b0101111000 (
b101110001010 /
b000010010011000 1
b000011011010100 2
b000001101111101 9
b000001011000011 :
b00001101111101 ;
1B
b101110001001 D
b000010010011000 S
#47616
0B
#47620
b000001011000011 #
b000001101111011 $
b000001011000110 %
b000010010011001 3
b000011011010101 4
b00010010011001 5
b110010100111 6
1>
b110010100111 @
b000001101111011 S
#47624
b0101111001 (
b101110001011 /
b000011011010101 0
b000001101111110 9
b000001011000001 :
b00001101111110 ;
1B
b101110001010 D
b000000100011100 I
b000000100011010 P
b000010010011000 S
#47632
0B
#47640
b0101111010 (
b101110001100 /
b000010010011001 1
b000011011010101 2
b000001101111111 9
b000001011000000 :
b00001101111111 ;
0>
1B
b101110001011 D
b000010010011001 S
#47648
0B
#47656
b0101111011 (
b101110001101 /
b000001110000000 9
b000001001000000 :
b00001110000000 ;
1B
b101110001100 D
b000000100011011 I
b000000100011001 P
#47660
b000001001000000 #
b000001101111101 $
b000001011000011 %
b000010010011010 3
b000011011010111 4
b00010010011010 5
b110010101000 6
1>
b110010101000 @
b000001101111101 S
#47664
0B
#47672
b0101111100 (
b101110001110 /
b000011011010111 0
b000001110000001 9
b000001001000001 :
b00001110000001 ;
1B
b101110001101 D
b000000100011010 I
b000000100011000 P
b000010010011001 S
#47680
0>
0B
#47688
b0101111101 (
b101110001111 /
b000010010011010 1
b000011011010111 2
b000001110000010 9
b000001001000011 :
b00001110000010 ;
1B
b101110001110 D
b000010010011010 S
#47696
0B
#47700
b000001001000011 #
b000001110000000 $
b000001001000000 %
b000010010011011 3
b000011011010110 4
b00010010011011 5
b110010101001 6
1>
b110010101001 @
b000001110000000 S
#47704
b0101111110 (
b101110010000 /
b000011011010110 0
b000001110000011 9
b000001001000010 :
b00001110000011 ;
1B
b101110001111 D
b000000100011001 I
b000000100010111 P
b000010010011010 S
#47712
0B
#47720
b0101111111 (
b101110010001 /
b000010010011011 1
b000011011010110 2
b000001110000100 9
b000001001000110 :
b00001110000100 ;
0>
1B
b101110010000 D
b000010010011011 S
#47728
0B
#47736
b0110000000 (
b101110010010 /
b000001110000101 9
b000001001000111 :
b00001110000101 ;
1B
b101110010001 D
b000000100011000 I
b000000100010110 P
#47740
b000001001000111 #
b000001110000010 $
b000001001000011 %
b000010010011100 3
b000011011010010 4
b00010010011100 5
b110010101010 6
1>
b110010101010 @
b000001110000010 S
#47744
0B
#47752
b0110000001 (
b101110010011 /
b000011011010010 0
b000001110000110 9
b000001001000101 :
b00001110000110 ;
1B
b101110010010 D
b000000100010111 I
b000000100010101 P
b000010010011011 S
#47760
0>
0B
#47768
b0110000010 (
b101110010100 /
b000010010011100 1
b000011011010010 2
b000001110000111 9
b000001001000100 :
b00001110000111 ;
1B
b101110010011 D
b000010010011100 S
#47776
0B
#47780
b000001001000100 #
b000001110000101 $
b000001001000111 %
b000010010011101 3
b000011011010011 4
b00010010011101 5
b110010101011 6
1>
b110010101011 @
b000001110000101 S
#47784
b0110000011 (
b101110010101 /
b000011011010011 0
b000001110001000 9
b000001001001100 :
b00001110001000 ;
1B
b101110010100 D
b000000100010110 I
b000000100010100 P
b000010010011100 S
#47792
0B
#47800
b0110000100 (
b101110010110 /
b000010010011101 1
b000011011010011 2
b000001110001001 9
b000001001001101 :
b00001110001001 ;
0>
1B
b101110010101 D
b000010010011101 S
#47808
0B
#47816
b0110000101 (
b101110010111 /
b000001110001010 9
b000001001001111 :
b00001110001010 ;
1B
b101110010110 D
b000000100010101 I
b000000100010011 P
#47820
b000001001001111 #
b000001110000111 $
b000001001000100 %
b000010010011110 3
b000011011010001 4
b00010010011110 5
b110010101100 6
1>
b110010101100 @
b000001110000111 S
#47824
0B
#47832
b0110000110 (
b101110011000 /
b000011011010001 0
b000001110001011 9
b000001001001110 :
b00001110001011 ;
1B
b101110010111 D
b000000100010100 I
b000000100010010 P
b000010010011101 S
#47840
0>
0B
#47848
b0110000111 (
b101110011001 /
b000010010011110 1
b000011011010001 2
b000001110001100 9
b000001001001010 :
b00001110001100 ;
1B
b101110011000 D
b000010010011110 S
#47856
0B
#47860
b000001001001010 #
b000001110001010 $
b000001001001111 %
b000010010011111 3
b000011011010000 4
b00010010011111 5
b110010101101 6
1>
b110010101101 @
b000001110001010 S
#47864
b0110001000 (
b101110011010 /
b000011011010000 0
b000001110001101 9
b000001001001011 :
b00001110001101 ;
1B
b101110011001 D
b000000100010011 I
b000000100010001 P
b000010010011110 S
#47872
0B
#47880
b0110001001 (
b101110011011 /
b000010010011111 1
b000011011010000 2
b000001110001110 9
b000001001001001 :
b00001110001110 ;
0>
1B
b101110011010 D
b000010010011111 S
#47888
0B
#47896
b0110001010 (
b101110011100 /
b000001110001111 9
b000001001001000 :
b00001110001111 ;
1B
b101110011011 D
b000000100010010 I
b000000100010000 P
#47900
b000001001001000 #
b000001110001100 $
b000001001001010 %
b000010010100000 3
b000011011110000 4
b00010010100000 5
b110010101110 6
1>
b110010101110 @
b000001110001100 S
#47904
0B
#47912
b0110001011 (
b101110011101 /
b000011011110000 0
b000001110010000 9
b000001001011000 :
b00001110010000 ;
1B
b101110011100 D
b000000100010001 I
b000000100001111 P
b000010010011111 S
#47920
0>
0B
#47928
b0110001100 (
b101110011110 /
b000010010100000 1
b000011011110000 2
b000001110010001 9
b000001001011001 :
b00001110010001 ;
1B
b101110011101 D
b000010010100000 S
#47936
0B
#47940
b000001001011001 #
b000001110001111 $
b000001001001000 %
b000010010100001 3
b000011011110001 4
b00010010100001 5
b110010101111 6
1>
b110010101111 @
b000001110001111 S
#47944
b0110001101 (
b101110011111 /
b000011011110001 0
b000001110010010 9
b000001001011011 :
b00001110010010 ;
1B
b101110011110 D
b000000100010000 I
b000000100001110 P
b000010010100000 S
#47952
0B
#47960
b0110001110 (
b101110100000 /
b000010010100001 1
b000011011110001 2
b000001110010011 9
b000001001011010 :
b00001110010011 ;
0>
1B
b101110011111 D
b000010010100001 S
#47968
0B
#47976
b0110001111 (
b101110100001 /
b000001110010100 9
b000001001011110 :
b00001110010100 ;
1B
b101110100000 D
b000000100001111 I
b000000100001101 P
#47980
b000001001011110 #
b000001110010001 $
b000001001011001 %
b000010010100010 3
b000011011110011 4
b00010010100010 5
b110010110000 6
1>
b110010110000 @
b000001110010001 S
#47984
0B
#47992
b0110010000 (
b101110100010 /
b000011011110011 0
b000001110010101 9
b000001001011111 :
b00001110010101 ;
1B
b101110100001 D
b000000100001110 I
b000000100001100 P
b000010010100001 S
#48000
0>
0B
#48008
b0110010001 (
b101110100011 /
b000010010100010 1
b000011011110011 2
b000001110010110 9
b000001001011101 :
b00001110010110 ;
1B
b101110100010 D
b000010010100010 S
#48016
0B
#48020
b000001001011101 #
b000001110010100 $
b000001001011110 %
b000010010100011 3
b000011011110010 4
b00010010100011 5
b110010110001 6
1>
b110010110001 @
b000001110010100 S
#48024
b0110010010 (
b101110100100 /
b000011011110010 0
b000001110010111 9
b000001001011100 :
b00001110010111 ;
1B
b101110100011 D
b000000100001101 I
b000000100001011 P
b000010010100010 S
#48032
0B
#48040
b0110010011 (
b101110100101 /
b000010010100011 1
b000011011110010 2
b000001110011000 9
b000001001010100 :
b00001110011000 ;
0>
1B
b101110100100 D
b000010010100011 S
#48048
0B
#48056
b0110010100 (
b101110100110 /
b000001110011001 9
b000001001010101 :
b00001110011001 ;
1B
b101110100101 D
b000000100001100 I
b000000100001010 P
#48060
b000001001010101 #
b000001110010110 $
b000001001011101 %
b000010010100100 3
b000011011110110 4
b00010010100100 5
b110010110010 6
1>
b110010110010 @
b000001110010110 S
#48064
0B
#48072
b0110010101 (
b101110100111 /
b000011011110110 0
b000001110011010 9
b000001001010111 :
b00001110011010 ;
1B
b101110100110 D
b000000100001011 I
b000000100001001 P
b000010010100011 S
#48080
0>
0B
#48088
b0110010110 (
b101110101000 /
b000010010100100 1
b000011011110110 2
b000001110011011 9
b000001001010110 :
b00001110011011 ;
1B
b101110100111 D
b000010010100100 S
#48096
0B
#48100
b000001001010110 #
b000001110011001 $
b000001001010101 %
b000010010100101 3
b000011011110111 4
b00010010100101 5
b110010110011 6
1>
b110010110011 @
b000001110011001 S
#48104
b0110010111 (
b101110101001 /
b000011011110111 0
b000001110011100 9
b000001001010010 :
b00001110011100 ;
1B
b101110101000 D
b000000100001010 I
b000000100001000 P
b000010010100100 S
#48112
0B
#48120
b0110011000 (
b101110101010 /
b000010010100101 1
b000011011110111 2
b000001110011101 9
b000001001010011 :
b00001110011101 ;
0>
1B
b101110101001 D
b000010010100101 S
#48128
0B
#48136
b0110011001 (
b101110101011 /
b000001110011110 9
b000001001010001 :
b00001110011110 ;
1B
b101110101010 D
b000000100001001 I
b000000100000111 P
#48140
b000001001010001 #
b000001110011011 $
b000001001010110 %
b000010010100110 3
b000011011110101 4
b00010010100110 5
b110010110100 6
1>
b110010110100 @
b000001110011011 S
#48144
0B
#48152
b0110011010 (
b101110101100 /
b000011011110101 0
b000001110011111 9
b000001001010000 :
b00001110011111 ;
1B
b101110101011 D
b000000100001000 I
b000000100000110 P
b000010010100101 S
#48160
0>
0B
#48168
b0110011011 (
b101110101101 /
b000010010100110 1
b000011011110101 2
b000001110100000 9
b000001001110000 :
b00001110100000 ;
1B
b101110101100 D
b000010010100110 S
#48176
0B
#48180
b000001001110000 #
b000001110011110 $
b000001001010001 %
b000010010100111 3
b000011011110100 4
b00010010100111 5
b110010110101 6
1>
b110010110101 @
b000001110011110 S
#48184
b0110011100 (
b101110101110 /
b000011011110100 0
b000001110100001 9
b000001001110001 :
b00001110100001 ;
1B
b101110101101 D
b000000100000111 I
b000000100000101 P
b000010010100110 S
#48192
0B
#48200
b0110011101 (
b101110101111 /
b000010010100111 1
b000011011110100 2
b000001110100010 9
b000001001110011 :
b00001110100010 ;
0>
1B
b101110101110 D
b000010010100111 S
#48208
0B
#48216
b0110011110 (
b101110110000 /
b000001110100011 9
b000001001110010 :
b00001110100011 ;
1B
b101110101111 D
b000000100000110 I
b000000100000100 P
#48220
b000001001110010 #
b000001110100000 $
b000001001110000 %
b000010010101000 3
b000011011111100 4
b00010010101000 5
b110010110110 6
1>
b110010110110 @
b000001110100000 S
#48224
0B
#48232
b0110011111 (
b101110110001 /
b000011011111100 0
b000001110100100 9
b000001001110110 :
b00001110100100 ;
1B
b101110110000 D
b000000100000101 I
b000000100000011 P
b000010010100111 S
#48240
0>
0B
#48248
b0110100000 (
b101110110010 /
b000010010101000 1
b000011011111100 2
b000001110100101 9
b000001001110111 :
b00001110100101 ;
1B
b101110110001 D
b000010010101000 S
#48256
0B
#48260
b000001001110111 #
b000001110100011 $
b000001001110010 %
b000010010101001 3
b000011011111101 4
b00010010101001 5
b110010110111 6
1>
b110010110111 @
b000001110100011 S
#48264
b0110100001 (
b101110110011 /
b000011011111101 0
b000001110100110 9
b000001001110101 :
b00001110100110 ;
1B
b101110110010 D
b000000100000100 I
b000000100000010 P
b000010010101000 S
#48272
0B
#48280
b0110100010 (
b101110110100 /
b000010010101001 1
b000011011111101 2
b000001110100111 9
b000001001110100 :
b00001110100111 ;
0>
1B
b101110110011 D
b000010010101001 S
#48288
0B
#48296
b0110100011 (
b101110110101 /
b000001110101000 9
b000001001111100 :
b00001110101000 ;
1B
b101110110100 D
b000000100000011 I
b000000100000001 P
#48300
b000001001111100 #
b000001110100101 $
b000001001110111 %
b000010010101010 3
b000011011111111 4
b00010010101010 5
b110010111000 6
1>
b110010111000 @
b000001110100101 S
#48304
0B
#48312
b0110100100 (
b101110110110 /
b000011011111111 0
b000001110101001 9
b000001001111101 :
b00001110101001 ;
1B
b101110110101 D
b000000100000010 I
b000000100000000 P
b000010010101001 S
#48320
0>
0B
#48328
b0110100101 (
b101110110111 /
b000010010101010 1
b000011011111111 2
b000001110101010 9
b000001001111111 :
b00001110101010 ;
1B
b101110110110 D
b000010010101010 S
#48336
0B
#48340
b000001001111111 #
b000001110101000 $
b000001001111100 %
b000010010101011 3
b000011011111110 4
b00010010101011 5
b110010111001 6
1>
b110010111001 @
b000001110101000 S
#48344
b0110100110 (
b101110111000 /
b000011011111110 0
b000001110101011 9
b000001001111110 :
b00001110101011 ;
1B
b101110110111 D
b000000100000001 I
b000000011111111 P
b000010010101010 S
#48352
0B
#48360
b0110100111 (
b101110111001 /
b000010010101011 1
b000011011111110 2
b000001110101100 9
b000001001111010 :
b00001110101100 ;
0>
1B
b101110111000 D
b000010010101011 S
#48368
0B
#48376
b0110101000 (
b101110111010 /
b000001110101101 9
b000001001111011 :
b00001110101101 ;
1B
b101110111001 D
b000000100000000 I
b000000011111110 P
#48380
b000001001111011 #
b000001110101010 $
b000001001111111 %
b000010010101100 3
b000011011111010 4
b00010010101100 5
b110010111010 6
1>
b110010111010 @
b000001110101010 S
#48381
#48384
0B
#48392
b0110101001 (
b101110111011 /
b000011011111010 0
b000001110101110 9
b000001001111001 :
b00001110101110 ;
1B
b101110111010 D
b000000011111111 I
b000000011111101 P
b000010010101011 S
#48400
0>
0B
#48408
b0110101010 (
b101110111100 /
b000010010101100 1
b000011011111010 2
b000001110101111 9
b000001001111000 :
b00001110101111 ;
1B
b101110111011 D
b000010010101100 S
#48416
0B
#48420
b000001001111000 #
b000001110101101 $
b000001001111011 %
b000010010101101 3
b000011011111011 4
b00010010101101 5
b110010111011 6
1>
b110010111011 @
b000001110101101 S
#48424
b0110101011 (
b101110111101 /
b000011011111011 0
b000001110110000 9
b000001001101000 :
b00001110110000 ;
1B
b101110111100 D
b000000011111110 I
b000000011111100 P
b000010010101100 S
#48432
0B
#48440
b0110101100 (
b101110111110 /
b000010010101101 1
b000011011111011 2
b000001110110001 9
b000001001101001 :
b00001110110001 ;
0>
1B
b101110111101 D
b000010010101101 S
#48448
0B
#48456
b0110101101 (
b101110111111 /
b000001110110010 9
b000001001101011 :
b00001110110010 ;
1B
b101110111110 D
b000000011111101 I
b000000011111011 P
#48460
b000001001101011 #
b000001110101111 $
b000001001111000 %
b000010010101110 3
b000011011111001 4
b00010010101110 5
b110010111100 6
1>
b110010111100 @
b000001110101111 S
#48464
0B
#48472
b0110101110 (
b101111000000 /
b000011011111001 0
b000001110110011 9
b000001001101010 :
b00001110110011 ;
1B
b101110111111 D
b000000011111100 I
b000000011111010 P
b000010010101101 S
#48480
0>
0B
#48488
b0110101111 (
b101111000001 /
b000010010101110 1
b000011011111001 2
b000001110110100 9
b000001001101110 :
b00001110110100 ;
1B
b101111000000 D
b000010010101110 S
#48496
0B
#48500
b000001001101110 #
b000001110110010 $
b000001001101011 %
b000010010101111 3
b000011011111000 4
b00010010101111 5
b110010111101 6
1>
b110010111101 @
b000001110110010 S
#48504
b0110110000 (
b101111000010 /
b000011011111000 0
b000001110110101 9
b000001001101111 :
b00001110110101 ;
1B
b101111000001 D
b000000011111011 I
b000000011111001 P
b000010010101110 S
#48512
0B
#48520
b0110110001 (
b101111000011 /
b000010010101111 1
b000011011111000 2
b000001110110110 9
b000001001101101 :
b00001110110110 ;
0>
1B
b101111000010 D
b000010010101111 S
#48528
0B
#48536
b0110110010 (
b101111000100 /
b000001110110111 9
b000001001101100 :
b00001110110111 ;
1B
b101111000011 D
b000000011111010 I
b000000011111000 P
#48540
b000001001101100 #
b000001110110100 $
b000001001101110 %
b000010010110000 3
b000011011101000 4
b00010010110000 5
b110010111110 6
1>
b110010111110 @
b000001110110100 S
#48544
0B
#48552
b0110110011 (
b101111000101 /
b000011011101000 0
b000001110111000 9
b000001001100100 :
b00001110111000 ;
1B
b101111000100 D
b000000011111001 I
b000000011110111 P
b000010010101111 S
#48560
0>
0B
#48568
b0110110100 (
b101111000110 /
b000010010110000 1
b000011011101000 2
b000001110111001 9
b000001001100101 :
b00001110111001 ;
1B
b101111000101 D
b000010010110000 S
#48576
0B
#48580
b000001001100101 #
b000001110110111 $
b000001001101100 %
b000010010110001 3
b000011011101001 4
b00010010110001 5
b110010111111 6
1>
b110010111111 @
b000001110110111 S
#48584
b0110110101 (
b101111000111 /
b000011011101001 0
b000001110111010 9
b000001001100111 :
b00001110111010 ;
1B
b101111000110 D
b000000011111000 I
b000000011110110 P
b000010010110000 S
#48592
0B
#48600
b0110110110 (
b101111001000 /
b000010010110001 1
b000011011101001 2
b000001110111011 9
b000001001100110 :
b00001110111011 ;
0>
1B
b101111000111 D
b000010010110001 S
#48608
0B
#48616
b0110110111 (
b101111001001 /
b000001110111100 9
b000001001100010 :
b00001110111100 ;
1B
b101111001000 D
b000000011110111 I
b000000011110101 P
#48620
b000001001100010 #
b000001110111001 $
b000001001100101 %
b000010010110010 3
b000011011101011 4
b00010010110010 5
b110011000000 6
1>
b110011000000 @
b000001110111001 S
#48624
0B
#48632
b0110111000 (
b101111001010 /
b000011011101011 0
b000001110111101 9
b000001001100011 :
b00001110111101 ;
1B
b101111001001 D
b000000011110110 I
b000000011110100 P
b000010010110001 S
#48640
0>
0B
#48648
b0110111001 (
b101111001011 /
b000010010110010 1
b000011011101011 2
b000001110111110 9
b000001001100001 :
b00001110111110 ;
1B
b101111001010 D
b000010010110010 S
#48656
0B
#48660
b000001001100001 #
b000001110111100 $
b000001001100010 %
b000010010110011 3
b000011011101010 4
b00010010110011 5
b110011000001 6
1>
b110011000001 @
b000001110111100 S
#48664
b0110111010 (
b101111001100 /
b000011011101010 0
b000001110111111 9
b000001001100000 :
b00001110111111 ;
1B
b101111001011 D
b000000011110101 I
b000000011110011 P
b000010010110010 S
#48672
0B
#48680
b0110111011 (
b101111001101 /
b000010010110011 1
b000011011101010 2
b000001111000000 9
b000001000100000 :
b00001111000000 ;
0>
1B
b101111001100 D
b000010010110011 S
#48688
0B
#48696
b0110111100 (
b101111001110 /
b000001111000001 9
b000001000100001 :
b00001111000001 ;
1B
b101111001101 D
b000000011110100 I
b000000011110010 P
#48700
b000001000100001 #
b000001110111110 $
b000001001100001 %
b000010010110100 3
b000011011101110 4
b00010010110100 5
b110011000010 6
1>
b110011000010 @
b000001110111110 S
#48704
0B
#48712
b0110111101 (
b101111001111 /
b000011011101110 0
b000001111000010 9
b000001000100011 :
b00001111000010 ;
1B
b101111001110 D
b000000011110011 I
b000000011110001 P
b000010010110011 S
#48720
0>
0B
#48728
b0110111110 (
b101111010000 /
b000010010110100 1
b000011011101110 2
b000001111000011 9
b000001000100010 :
b00001111000011 ;
1B
b101111001111 D
b000010010110100 S
#48736
0B
#48740
b000001000100010 #
b000001111000001 $
b000001000100001 %
b000010010110101 3
b000011011101111 4
b00010010110101 5
b110011000011 6
1>
b110011000011 @
b000001111000001 S
#48744
b0110111111 (
b101111010001 /
b000011011101111 0
b000001111000100 9
b000001000100110 :
b00001111000100 ;
1B
b101111010000 D
b000000011110010 I
b000000011110000 P
b000010010110100 S
#48752
0B
#48760
b0111000000 (
b101111010010 /
b000010010110101 1
b000011011101111 2
b000001111000101 9
b000001000100111 :
b00001111000101 ;
0>
1B
b101111010001 D
b000010010110101 S
#48768
0B
#48776
b0111000001 (
b101111010011 /
b000001111000110 9
b000001000100101 :
b00001111000110 ;
1B
b101111010010 D
b000000011110001 I
b000000011101111 P
#48780
b000001000100101 #
b000001111000011 $
b000001000100010 %
b000010010110110 3
b000011011101101 4
b00010010110110 5
b110011000100 6
1>
b110011000100 @
b000001111000011 S
#48784
0B
#48792
b0111000010 (
b101111010100 /
b000011011101101 0
b000001111000111 9
b000001000100100 :
b00001111000111 ;
1B
b101111010011 D
b000000011110000 I
b000000011101110 P
b000010010110101 S
#48800
0>
0B
#48808
b0111000011 (
b101111010101 /
b000010010110110 1
b000011011101101 2
b000001111001000 9
b000001000101100 :
b00001111001000 ;
1B
b101111010100 D
b000010010110110 S
#48816
0B
#48820
b000001000101100 #
b000001111000110 $
b000001000100101 %
b000010010110111 3
b000011011101100 4
b00010010110111 5
b110011000101 6
1>
b110011000101 @
b000001111000110 S
#48824
b0111000100 (
b101111010110 /
b000011011101100 0
b000001111001001 9
b000001000101101 :
b00001111001001 ;
1B
b101111010101 D
b000000011101111 I
b000000011101101 P
b000010010110110 S
#48832
0B
#48840
b0111000101 (
b101111010111 /
b000010010110111 1
b000011011101100 2
b000001111001010 9
b000001000101111 :
b00001111001010 ;
0>
1B
b101111010110 D
b000010010110111 S
#48848
0B
#48856
b0111000110 (
b101111011000 /
b000001111001011 9
b000001000101110 :
b00001111001011 ;
1B
b101111010111 D
b000000011101110 I
b000000011101100 P
#48860
b000001000101110 #
b000001111001000 $
b000001000101100 %
b000010010111000 3
b000011011100100 4
b00010010111000 5
b110011000110 6
1>
b110011000110 @
b000001111001000 S
#48864
0B
#48872
b0111000111 (
b101111011001 /
b000011011100100 0
b000001111001100 9
b000001000101010 :
b00001111001100 ;
1B
b101111011000 D
b000000011101101 I
b000000011101011 P
b000010010110111 S
#48880
0>
0B
#48888
b0111001000 (
b101111011010 /
b000010010111000 1
b000011011100100 2
b000001111001101 9
b000001000101011 :
b00001111001101 ;
1B
b101111011001 D
b000010010111000 S
#48896
0B
#48900
b000001000101011 #
b000001111001011 $
b000001000101110 %
b000010010111001 3
b000011011100101 4
b00010010111001 5
b110011000111 6
1>
b110011000111 @
b000001111001011 S
#48904
b0111001001 (
b101111011011 /
b000011011100101 0
b000001111001110 9
b000001000101001 :
b00001111001110 ;
1B
b101111011010 D
b000000011101100 I
b000000011101010 P
b000010010111000 S
#48912
0B
#48920
b0111001010 (
b101111011100 /
b000010010111001 1
b000011011100101 2
b000001111001111 9
b000001000101000 :
b00001111001111 ;
0>
1B
b101111011011 D
b000010010111001 S
#48928
0B
#48936
b0111001011 (
b101111011101 /
b000001111010000 9
b000001000111000 :
b00001111010000 ;
1B
b101111011100 D
b000000011101011 I
b000000011101001 P
#48940
b000001000111000 #
b000001111001101 $
b000001000101011 %
b000010010111010 3
b000011011100111 4
b00010010111010 5
b110011001000 6
1>
b110011001000 @
b000001111001101 S
#48944
0B
#48952
b0111001100 (
b101111011110 /
b000011011100111 0
b000001111010001 9
b000001000111001 :
b00001111010001 ;
1B
b101111011101 D
b000000011101010 I
b000000011101000 P
b000010010111001 S
#48960
0>
0B
#48968
b0111001101 (
b101111011111 /
b000010010111010 1
b000011011100111 2
b000001111010010 9
b000001000111011 :
b00001111010010 ;
1B
b101111011110 D
b000010010111010 S
#48976
0B
#48980
b000001000111011 #
b000001111010000 $
b000001000111000 %
b000010010111011 3
b000011011100110 4
b00010010111011 5
b110011001001 6
1>
b110011001001 @
b000001111010000 S
#48984
b0111001110 (
b101111100000 /
b000011011100110 0
b000001111010011 9
b000001000111010 :
b00001111010011 ;
1B
b101111011111 D
b000000011101001 I
b000000011100111 P
b000010010111010 S
#48992
0B
#49000
b0111001111 (
b101111100001 /
b000010010111011 1
b000011011100110 2
b000001111010100 9
b000001000111110 :
b00001111010100 ;
0>
1B
b101111100000 D
b000010010111011 S
#49008
0B
#49016
b0111010000 (
b101111100010 /
b000001111010101 9
b000001000111111 :
b00001111010101 ;
1B
b101111100001 D
b000000011101000 I
b000000011100110 P
#49020
b000001000111111 #
b000001111010010 $
b000001000111011 %
b000010010111100 3
b000011011100010 4
b00010010111100 5
b110011001010 6
1>
b110011001010 @
b000001111010010 S
#49024
0B
#49032
b0111010001 (
b101111100011 /
b000011011100010 0
b000001111010110 9
b000001000111101 :
b00001111010110 ;
1B
b101111100010 D
b000000011100111 I
b000000011100101 P
b000010010111011 S
#49040
0>
0B
#49048
b0111010010 (
b101111100100 /
b000010010111100 1
b000011011100010 2
b000001111010111 9
b000001000111100 :
b00001111010111 ;
1B
b101111100011 D
b000010010111100 S
#49056
0B
#49060
b000001000111100 #
b000001111010101 $
b000001000111111 %
b000010010111101 3
b000011011100011 4
b00010010111101 5
b110011001011 6
1>
b110011001011 @
b000001111010101 S
#49064
b0111010011 (
b101111100101 /
b000011011100011 0
b000001111011000 9
b000001000110100 :
b00001111011000 ;
1B
b101111100100 D
b000000011100110 I
b000000011100100 P
b000010010111100 S
#49072
0B
#49080
b0111010100 (
b101111100110 /
b000010010111101 1
b000011011100011 2
b000001111011001 9
b000001000110101 :
b00001111011001 ;
0>
1B
b101111100101 D
b000010010111101 S
#49088
0B
#49096
b0111010101 (
b101111100111 /
b000001111011010 9
b000001000110111 :
b00001111011010 ;
1B
b101111100110 D
b000000011100101 I
b000000011100011 P
#49100
b000001000110111 #
b000001111010111 $
b000001000111100 %
b000010010111110 3
b000011011100001 4
b00010010111110 5
b110011001100 6
1>
b110011001100 @
b000001111010111 S
#49104
0B
#49112
b0111010110 (
b101111101000 /
b000011011100001 0
b000001111011011 9
b000001000110110 :
b00001111011011 ;
1B
b101111100111 D
b000000011100100 I
b000000011100010 P
b000010010111101 S
#49120
0>
0B
#49128
b0111010111 (
b101111101001 /
b000010010111110 1
b000011011100001 2
b000001111011100 9
b000001000110010 :
b00001111011100 ;
1B
b101111101000 D
b000010010111110 S
#49136
0B
#49140
b000001000110010 #
b000001111011010 $
b000001000110111 %
b000010010111111 3
b000011011100000 4
b00010010111111 5
b110011001101 6
1>
b110011001101 @
b000001111011010 S
#49144
b0111011000 (
b101111101010 /
b000011011100000 0
b000001111011101 9
b000001000110011 :
b00001111011101 ;
1B
b101111101001 D
b000000011100011 I
b000000011100001 P
b000010010111110 S
#49152
0B
#49160
b0111011001 (
b101111101011 /
b000010010111111 1
b000011011100000 2
b000001111011110 9
b000001000110001 :
b00001111011110 ;
0>
1B
b101111101010 D
b000010010111111 S
#49168
0B
#49176
b0111011010 (
b101111101100 /
b000001111011111 9
b000001000110000 :
b00001111011111 ;
1B
b101111101011 D
b000000011100010 I
b000000011100000 P
#49180
b000001000110000 #
b000001111011100 $
b000001000110010 %
b000010011000000 3
b000011010100000 4
b00010011000000 5
b110011001110 6
1>
b110011001110 @
b000001111011100 S
#49184
0B
#49192
b0111011011 (
b101111101101 /
b000011010100000 0
b000001111100000 9
b000001000010000 :
b00001111100000 ;
1B
b101111101100 D
b000000011100001 I
b000000011011111 P
b000010010111111 S
#49200
0>
0B
#49208
b0111011100 (
b101111101110 /
b000010011000000 1
b000011010100000 2
b000001111100001 9
b000001000010001 :
b00001111100001 ;
1B
b101111101101 D
b000010011000000 S
#49216
0B
#49220
b000001000010001 #
b000001111011111 $
b000001000110000 %
b000010011000001 3
b000011010100001 4
b00010011000001 5
b110011001111 6
1>
b110011001111 @
b000001111011111 S
#49224
b0111011101 (
b101111101111 /
b000011010100001 0
b000001111100010 9
b000001000010011 :
b00001111100010 ;
1B
b101111101110 D
b000000011100000 I
b000000011011110 P
b000010011000000 S
#49232
0B
#49240
b0111011110 (
b101111110000 /
b000010011000001 1
b000011010100001 2
b000001111100011 9
b000001000010010 :
b00001111100011 ;
0>
1B
b101111101111 D
b000010011000001 S
#49248
0B
#49256
b0111011111 (
b101111110001 /
b000001111100100 9
b000001000010110 :
b00001111100100 ;
1B
b101111110000 D
b000000011011111 I
b000000011011101 P
#49260
b000001000010110 #
b000001111100001 $
b000001000010001 %
b000010011000010 3
b000011010100011 4
b00010011000010 5
b110011010000 6
1>
b110011010000 @
b000001111100001 S
#49264
0B
#49272
b0111100000 (
b101111110010 /
b000011010100011 0
b000001111100101 9
b000001000010111 :
b00001111100101 ;
1B
b101111110001 D
b000000011011110 I
b000000011011100 P
b000010011000001 S
#49280
0>
0B
#49288
b0111100001 (
b101111110011 /
b000010011000010 1
b000011010100011 2
b000001111100110 9
b000001000010101 :
b00001111100110 ;
1B
b101111110010 D
b000010011000010 S
#49296
0B
#49300
b000001000010101 #
b000001111100100 $
b000001000010110 %
b000010011000011 3
b000011010100010 4
b00010011000011 5
b110011010001 6
1>
b110011010001 @
b000001111100100 S
#49304
b0111100010 (
b101111110100 /
b000011010100010 0
b000001111100111 9
b000001000010100 :
b00001111100111 ;
1B
b101111110011 D
b000000011011101 I
b000000011011011 P
b000010011000010 S
#49312
0B
#49320
b0111100011 (
b101111110101 /
b000010011000011 1
b000011010100010 2
b000001111101000 9
b000001000011100 :
b00001111101000 ;
0>
1B
b101111110100 D
b000010011000011 S
#49328
0B
#49336
b0111100100 (
b101111110110 /
b000001111101001 9
b000001000011101 :
b00001111101001 ;
1B
b101111110101 D
b000000011011100 I
b000000011011010 P
#49340
b000001000011101 #
b000001111100110 $
b000001000010101 %
b000010011000100 3
b000011010100110 4
b00010011000100 5
b110011010010 6
1>
b110011010010 @
b000001111100110 S
#49344
0B
#49352
b0111100101 (
b101111110111 /
b000011010100110 0
b000001111101010 9
b000001000011111 :
b00001111101010 ;
1B
b101111110110 D
b000000011011011 I
b000000011011001 P
b000010011000011 S
#49360
0>
0B
#49368
b0111100110 (
b101111111000 /
b000010011000100 1
b000011010100110 2
b000001111101011 9
b000001000011110 :
b00001111101011 ;
1B
b101111110111 D
b000010011000100 S
#49376
0B
#49380
b000001000011110 #
b000001111101001 $
b000001000011101 %
b000010011000101 3
b000011010100111 4
b00010011000101 5
b110011010011 6
1>
b110011010011 @
b000001111101001 S
#49384
b0111100111 (
b101111111001 /
b000011010100111 0
b000001111101100 9
b000001000011010 :
b00001111101100 ;
1B
b101111111000 D
b000000011011010 I
b000000011011000 P
b000010011000100 S
#49392
0B
#49400
b0111101000 (
b101111111010 /
b000010011000101 1
b000011010100111 2
b000001111101101 9
b000001000011011 :
b00001111101101 ;
0>
1B
b101111111001 D
b000010011000101 S
#49408
0B
#49416
b0111101001 (
b101111111011 /
b000001111101110 9
b000001000011001 :
b00001111101110 ;
1B
b101111111010 D
b000000011011001 I
b000000011010111 P
#49420
b000001000011001 #
b000001111101011 $
b000001000011110 %
b000010011000110 3
b000011010100101 4
b00010011000110 5
b110011010100 6
1>
b110011010100 @
b000001111101011 S
#49424
0B
#49432
b0111101010 (
b101111111100 /
b000011010100101 0
b000001111101111 9
b000001000011000 :
b00001111101111 ;
1B
b101111111011 D
b000000011011000 I
b000000011010110 P
b000010011000101 S
#49440
0>
0B
#49448
b0111101011 (
b101111111101 /
b000010011000110 1
b000011010100101 2
b000001111110000 9
b000001000001000 :
b00001111110000 ;
1B
b101111111100 D
b000010011000110 S
#49456
0B
#49460
b000001000001000 #
b000001111101110 $
b000001000011001 %
b000010011000111 3
b000011010100100 4
b00010011000111 5
b110011010101 6
1>
b110011010101 @
b000001111101110 S
#49464
b0111101100 (
b101111111110 /
b000011010100100 0
b000001111110001 9
b000001000001001 :
b00001111110001 ;
1B
b101111111101 D
b000000011010111 I
b000000011010101 P
b000010011000110 S
#49472
0B
#49480
b0111101101 (
b101111111111 /
b000010011000111 1
b000011010100100 2
b000001111110010 9
b000001000001011 :
b00001111110010 ;
0>
1B
b101111111110 D
b000010011000111 S
#49488
0B
#49496
b0111101110 (
b110000000000 /
b000001111110011 9
b000001000001010 :
b00001111110011 ;
1B
b101111111111 D
b000000011010110 I
b000000011010100 P
#49500
b000001000001010 #
b000001111110000 $
b000001000001000 %
b000010011001000 3
b000011010101100 4
b00010011001000 5
b110011010110 6
1>
b110011010110 @
b000001111110000 S
#49504
0B
#49512
b0111101111 (
b110000000001 /
b000011010101100 0
b000001111110100 9
b000001000001110 :
b00001111110100 ;
1B
b110000000000 D
b000000011010101 I
b000000011010011 P
b000010011000111 S
#49520
0>
0B
#49528
b0111110000 (
b110000000010 /
b000010011001000 1
b000011010101100 2
b000001111110101 9
b000001000001111 :
b00001111110101 ;
1B
b110000000001 D
b000010011001000 S
#49536
0B
#49540
b000001000001111 #
b000001111110011 $
b000001000001010 %
b000010011001001 3
b000011010101101 4
b00010011001001 5
b110011010111 6
1>
b110011010111 @
b000001111110011 S
#49544
b0111110001 (
b110000000011 /
b000011010101101 0
b000001111110110 9
b000001000001101 :
b00001111110110 ;
1B
b110000000010 D
b000000011010100 I
b000000011010010 P
b000010011001000 S
#49552
0B
#49560
b0111110010 (
b110000000100 /
b000010011001001 1
b000011010101101 2
b000001111110111 9
b000001000001100 :
b00001111110111 ;
0>
1B
b110000000011 D
b000010011001001 S
#49568
0B
#49576
b0111110011 (
b110000000101 /
b000001111111000 9
b000001000000100 :
b00001111111000 ;
1B
b110000000100 D
b000000011010011 I
b000000011010001 P
#49580
b000001000000100 #
b000001111110101 $
b000001000001111 %
b000010011001010 3
b000011010101111 4
b00010011001010 5
b110011011000 6
1>
b110011011000 @
b000001111110101 S
#49584
0B
#49592
b0111110100 (
b110000000110 /
b000011010101111 0
b000001111111001 9
b000001000000101 :
b00001111111001 ;
1B
b110000000101 D
b000000011010010 I
b000000011010000 P
b000010011001001 S
#49600
0>
0B
#49608
b0111110101 (
b110000000111 /
b000010011001010 1
b000011010101111 2
b000001111111010 9
b000001000000111 :
b00001111111010 ;
1B
b110000000110 D
b000010011001010 S
#49616
0B
#49620
b000001000000111 #
b000001111111000 $
b000001000000100 %
b000010011001011 3
b000011010101110 4
b00010011001011 5
b110011011001 6
1>
b110011011001 @
b000001111111000 S
#49624
b0111110110 (
b110000001000 /
b000011010101110 0
b000001111111011 9
b000001000000110 :
b00001111111011 ;
1B
b110000000111 D
b000000011010001 I
b000000011001111 P
b000010011001010 S
#49632
0B
#49640
b0111110111 (
b110000001001 /
b000010011001011 1
b000011010101110 2
b000001111111100 9
b000001000000010 :
b00001111111100 ;
0>
1B
b110000001000 D
b000010011001011 S
#49648
0B
#49656
b0111111000 (
b110000001010 /
b000001111111101 9
b000001000000011 :
b00001111111101 ;
1B
b110000001001 D
b000000011010000 I
b000000011001110 P
#49660
b000001000000011 #
b000001111111010 $
b000001000000111 %
b000010011001100 3
b000011010101010 4
b00010011001100 5
b110011011010 6
1>
b110011011010 @
b000001111111010 S
#49664
0B
#49672
b0111111001 (
b110000001011 /
b000011010101010 0
b000001111111110 9
b000001000000001 :
b00001111111110 ;
1B
b110000001010 D
b000000011001111 I
b000000011001101 P
b000010011001011 S
#49680
0>
0B
#49688
b0111111010 (
b110000001100 /
b000010011001100 1
b000011010101010 2
b000001111111111 9
b000001000000000 :
b00001111111111 ;
1B
b110000001011 D
b000010011001100 S
#49696
0B
#49700
b000001000000000 #
b000001111111101 $
b000001000000011 %
b000010011001101 3
b000011010101011 4
b00010011001101 5
b110011011011 6
1>
b110011011011 @
b000001111111101 S
#49704
b0111111011 (
b110000001101 /
b000011010101011 0
b000010000000000 9
b000011000000000 :
b00010000000000 ;
1B
b110000001100 D
b000000011001110 I
b000000011001100 P
b000010011001100 S
#49712
0B
#49720
b0111111100 (
b110000001110 /
b000010011001101 1
b000011010101011 2
b000010000000001 9
b000011000000001 :
b00010000000001 ;
0>
1B
b110000001101 D
b000010011001101 S
#49728
0B
#49736
b0111111101 (
b110000001111 /
b000010000000010 9
b000011000000011 :
b00010000000010 ;
1B
b110000001110 D
b000000011001101 I
b000000011001011 P
#49740
b000011000000011 #
b000001111111111 $
b000001000000000 %
b000010011001110 3
b000011010101001 4
b00010011001110 5
b110011011100 6
1>
b110011011100 @
b000001111111111 S
#49744
0B
#49752
b0111111110 (
b110000010000 /
b000011010101001 0
b000010000000011 9
b000011000000010 :
b00010000000011 ;
1B
b110000001111 D
b000000011001100 I
b000000011001010 P
b000010011001101 S
#49760
0>
0B
#49768
b0111111111 (
b110000010001 /
b000010011001110 1
b000011010101001 2
b000010000000100 9
b000011000000110 :
b00010000000100 ;
1B
b110000010000 D
0L
b000010011001110 S
#49776
0B
#49780
b000011000000110 #
b000010000000010 $
b000011000000011 %
b000010011001111 3
b000011010101000 4
b00010011001111 5
b110011011101 6
1>
b110011011101 @
b000010000000010 S
#49784
0'
b1000000000 (
b110000010010 /
b000011010101000 0
b000010000000101 9
b000011000000111 :
b00010000000101 ;
1B
b110000010001 D
0E
0H
b000000011001011 I
0M
b000000011001001 P
b000010011001110 S
#49792
0B
#49800
b0000000000 (
1+
b110000010010 ,
b110000010011 /
b000010011001111 1
b000011010101000 2
b000010000000110 9
b000011000000101 :
b00010000000110 ;
0>
1B
b000000011001100 I
0O
b000010011001111 S
#49808
0B
#49816
0*
1B
b000000011001011 I
#49820
b000011000000101 #
b000010000000100 $
b000011000000110 %
b000010011010000 3
b000011010111000 4
b00010011010000 5
b110011011110 6
1>
b110011011110 @
b000010000000100 S
#49824
0B
#49832
b000011010111000 0
1B
b000010011001111 S
#49840
0>
0B
#49848
b000010011010000 1
b000011010111000 2
1B
b000000011001100 I
b000000011001010 P
b000010011010000 S
#49856
0B
#49860
b000010000000110 $
b000011000000101 %
b000010011010001 3
b000011010111001 4
b00010011010001 5
b110011011111 6
1>
b110011011111 @
b000010000000110 S
#49864
b000011010111001 0
1B
b000010011010000 S
#49872
0B
#49880
b000010011010001 1
b000011010111001 2
0>
1B
b000000011001101 I
b000000011001011 P
b000010011010001 S
#49888
0B
#49896
1B
#49900
b000010011010010 3
b000011010111011 4
b00010011010010 5
b110011100000 6
1>
b110011100000 @
b000010000000110 S
#49904
0B
#49912
b000011010111011 0
1B
b000010011010001 S
#49920
0>
0B
#49928
b000010011010010 1
b000011010111011 2
1B
b000000011001110 I
b000000011001100 P
b000010011010010 S
#49936
0B
#49940
b000010011010011 3
b000011010111010 4
b00010011010011 5
b110011100001 6
1>
b110011100001 @
b000010000000110 S
#49944
b000011010111010 0
1B
b000010011010010 S
#49952
0B
#49960
b000010011010011 1
b000011010111010 2
0>
1B
b000000011001111 I
b000000011001101 P
b000010011010011 S
#49968
0B
#49976
1B
#49980
b000010011010100 3
b000011010111110 4
b00010011010100 5
b110011100010 6
1>
b110011100010 @
b000010000000110 S
#49984
0B
#49992
b000011010111110 0
1B
b000010011010011 S
#50000
0>
0B
#50008
b000010011010100 1
b000011010111110 2
1B
b000000011010000 I
b000000011001110 P
b000010011010100 S
#50016
0B
#50020
b000010011010101 3
b000011010111111 4
b00010011010101 5
b110011100011 6
1>
b110011100011 @
b000010000000110 S
#50024
b000011010111111 0
1B
b000010011010100 S
#50032
0B
#50040
b000010011010101 1
b000011010111111 2
0>
1B
b000000011010001 I
b000000011001111 P
b000010011010101 S
#50048
0B
#50056
1B
#50060
b000010011010110 3
b000011010111101 4
b00010011010110 5
b110011100100 6
1>
b110011100100 @
b000010000000110 S
#50064
0B
#50072
b000011010111101 0
1B
b000010011010101 S
#50080
0>
0B
#50088
b000010011010110 1
b000011010111101 2
1B
b000000011010010 I
b000000011010000 P
b000010011010110 S
#50096
0B
#50100
b000010011010111 3
b000011010111100 4
b00010011010111 5
b110011100101 6
1>
b110011100101 @
b000010000000110 S
#50104
b000011010111100 0
1B
b000010011010110 S
#50112
0B
#50120
b000010011010111 1
b000011010111100 2
0>
1B
b000000011010011 I
b000000011010001 P
b000010011010111 S
#50128
0B
#50136
1B
#50140
b000010011011000 3
b000011010110100 4
b00010011011000 5
b110011100110 6
1>
b110011100110 @
b000010000000110 S
#50144
0B
#50152
b000011010110100 0
1B
b000010011010111 S
#50160
0>
0B
#50168
b000010011011000 1
b000011010110100 2
1B
b000000011010100 I
b000000011010010 P
b000010011011000 S
#50176
0B
#50180
b000010011011001 3
b000011010110101 4
b00010011011001 5
b110011100111 6
1>
b110011100111 @
b000010000000110 S
#50184
b000011010110101 0
1B
b000010011011000 S
#50192
0B
#50200
b000010011011001 1
b000011010110101 2
0>
1B
b000000011010101 I
b000000011010011 P
b000010011011001 S
#50208
0B
#50216
1B
#50220
b000010011011010 3
b000011010110111 4
b00010011011010 5
b110011101000 6
1>
b110011101000 @
b000010000000110 S
#50224
0B
#50232
b000011010110111 0
1B
b000010011011001 S
#50240
0>
0B
#50248
b000010011011010 1
b000011010110111 2
1B
b000000011010110 I
b000000011010100 P
b000010011011010 S
#50256
0B
#50260
b000010011011011 3
b000011010110110 4
b00010011011011 5
b110011101001 6
1>
b110011101001 @
b000010000000110 S
#50264
b000011010110110 0
1B
b000010011011010 S
#50272
0B
#50280
b000010011011011 1
b000011010110110 2
0>
1B
b000000011010111 I
b000000011010101 P
b000010011011011 S
#50288
0B
#50296
1B
#50300
b000010011011100 3
b000011010110010 4
b00010011011100 5
b110011101010 6
1>
b110011101010 @
b000010000000110 S
#50304
0B
#50312
b000011010110010 0
1B
b000010011011011 S
#50320
0>
0B
#50328
b000010011011100 1
b000011010110010 2
1B
b000000011011000 I
b000000011010110 P
b000010011011100 S
#50336
0B
#50340
b000010011011101 3
b000011010110011 4
b00010011011101 5
b110011101011 6
1>
b110011101011 @
b000010000000110 S
#50344
b000011010110011 0
1B
b000010011011100 S
#50352
0B
#50360
b000010011011101 1
b000011010110011 2
0>
1B
b000000011011001 I
b000000011010111 P
b000010011011101 S
#50368
0B
#50376
1B
#50380
b000010011011110 3
b000011010110001 4
b00010011011110 5
b110011101100 6
1>
b110011101100 @
b000010000000110 S
#50384
0B
#50392
b000011010110001 0
1B
b000010011011101 S
#50400
0>
0B
#50408
b000010011011110 1
b000011010110001 2
1B
b000000011011010 I
b000000011011000 P
b000010011011110 S
#50416
0B
#50420
b000010011011111 3
b000011010110000 4
b00010011011111 5
b110011101101 6
1>
b110011101101 @
b000010000000110 S
#50424
b000011010110000 0
1B
b000010011011110 S
#50432
0B
#50440
b000010011011111 1
b000011010110000 2
0>
1B
b000000011011011 I
b000000011011001 P
b000010011011111 S
#50448
0B
#50456
1B
#50460
b000010011100000 3
b000011010010000 4
b00010011100000 5
b110011101110 6
1>
b110011101110 @
b000010000000110 S
#50464
0B
#50472
b000011010010000 0
1B
b000010011011111 S
#50480
0>
0B
#50488
b000010011100000 1
b000011010010000 2
1B
b000000011011100 I
b000000011011010 P
b000010011100000 S
#50496
0B
#50500
b000010011100001 3
b000011010010001 4
b00010011100001 5
b110011101111 6
1>
b110011101111 @
b000010000000110 S
#50504
b000011010010001 0
1B
b000010011100000 S
#50512
0B
#50520
b000010011100001 1
b000011010010001 2
0>
1B
b000000011011101 I
b000000011011011 P
b000010011100001 S
#50528
0B
#50536
1B
#50540
b000010011100010 3
b000011010010011 4
b00010011100010 5
b110011110000 6
1>
b110011110000 @
b000010000000110 S
#50544
0B
#50552
b000011010010011 0
1B
b000010011100001 S
#50560
0>
0B
#50568
b000010011100010 1
b000011010010011 2
1B
b000000011011110 I
b000000011011100 P
b000010011100010 S
#50576
0B
#50580
b000010011100011 3
b000011010010010 4
b00010011100011 5
b110011110001 6
1>
b110011110001 @
b000010000000110 S
#50584
b000011010010010 0
1B
b000010011100010 S
#50592
0B
#50600
b000010011100011 1
b000011010010010 2
0>
1B
b000000011011111 I
b000000011011101 P
b000010011100011 S
#50608
0B
#50616
1B
#50620
b000010011100100 3
b000011010010110 4
b00010011100100 5
b110011110010 6
1>
b110011110010 @
b000010000000110 S
#50624
0B
#50632
b000011010010110 0
1B
b000010011100011 S
#50640
0>
0B
#50648
b000010011100100 1
b000011010010110 2
1B
b000000011100000 I
b000000011011110 P
b000010011100100 S
#50656
0B
#50660
b000010011100101 3
b000011010010111 4
b00010011100101 5
b110011110011 6
1>
b110011110011 @
b000010000000110 S
#50664
b000011010010111 0
1B
b000010011100100 S
#50672
0B
#50680
b000010011100101 1
b000011010010111 2
0>
1B
b000000011100001 I
b000000011011111 P
b000010011100101 S
#50688
0B
#50696
1B
#50700
b000010011100110 3
b000011010010101 4
b00010011100110 5
b110011110100 6
1>
b110011110100 @
b000010000000110 S
#50704
0B
#50712
b000011010010101 0
1B
b000010011100101 S
#50720
0>
0B
#50728
b000010011100110 1
b000011010010101 2
1B
b000000011100010 I
b000000011100000 P
b000010011100110 S
#50736
0B
#50740
b000010011100111 3
b000011010010100 4
b00010011100111 5
b110011110101 6
1>
b110011110101 @
b000010000000110 S
#50744
b000011010010100 0
1B
b000010011100110 S
#50752
0B
#50760
b000010011100111 1
b000011010010100 2
0>
1B
b000000011100011 I
b000000011100001 P
b000010011100111 S
#50768
0B
#50776
1B
#50780
b000010011101000 3
b000011010011100 4
b00010011101000 5
b110011110110 6
1>
b110011110110 @
b000010000000110 S
#50784
0B
#50792
b000011010011100 0
1B
b000010011100111 S
#50800
0>
0B
#50808
b000010011101000 1
b000011010011100 2
1B
b000000011100100 I
b000000011100010 P
b000010011101000 S
#50816
0B
#50820
b000010011101001 3
b000011010011101 4
b00010011101001 5
b110011110111 6
1>
b110011110111 @
b000010000000110 S
#50824
b000011010011101 0
1B
b000010011101000 S
#50832
0B
#50840
b000010011101001 1
b000011010011101 2
0>
1B
b000000011100101 I
b000000011100011 P
b000010011101001 S
#50848
0B
#50856
1B
#50860
b000010011101010 3
b000011010011111 4
b00010011101010 5
b110011111000 6
1>
b110011111000 @
b000010000000110 S
#50864
0B
#50872
b000011010011111 0
1B
b000010011101001 S
#50880
0>
0B
#50888
b000010011101010 1
b000011010011111 2
1B
b000000011100110 I
b000000011100100 P
b000010011101010 S
#50896
0B
#50900
b000010011101011 3
b000011010011110 4
b00010011101011 5
b110011111001 6
1>
b110011111001 @
b000010000000110 S
#50904
b000011010011110 0
1B
b000010011101010 S
#50912
0B
#50920
b000010011101011 1
b000011010011110 2
0>
1B
b000000011100111 I
b000000011100101 P
b000010011101011 S
#50928
0B
#50936
1B
#50940
b000010011101100 3
b000011010011010 4
b00010011101100 5
b110011111010 6
1>
b110011111010 @
b000010000000110 S
#50944
0B
#50952
b000011010011010 0
1B
b000010011101011 S
#50960
0>
0B
#50968
b000010011101100 1
b000011010011010 2
1B
b000000011101000 I
b000000011100110 P
b000010011101100 S
#50976
0B
#50980
b000010011101101 3
b000011010011011 4
b00010011101101 5
b110011111011 6
1>
b110011111011 @
b000010000000110 S
#50984
b000011010011011 0
1B
b000010011101100 S
#50992
0B
#51000
b000010011101101 1
b000011010011011 2
0>
1B
b000000011101001 I
b000000011100111 P
b000010011101101 S
#51008
0B
#51016
1B
#51020
b000010011101110 3
b000011010011001 4
b00010011101110 5
b110011111100 6
1>
b110011111100 @
b000010000000110 S
#51024
0B
#51032
b000011010011001 0
1B
b000010011101101 S
#51040
0>
0B
#51048
b000010011101110 1
b000011010011001 2
1B
b000000011101010 I
b000000011101000 P
b000010011101110 S
#51056
0B
#51060
b000010011101111 3
b000011010011000 4
b00010011101111 5
b110011111101 6
1>
b110011111101 @
b000010000000110 S
#51064
b000011010011000 0
1B
b000010011101110 S
#51072
0B
#51080
b000010011101111 1
b000011010011000 2
0>
1B
b000000011101011 I
b000000011101001 P
b000010011101111 S
#51088
0B
#51096
1B
#51100
b000010011110000 3
b000011010001000 4
b00010011110000 5
b110011111110 6
1>
b110011111110 @
b000010000000110 S
#51104
0B
#51112
b000011010001000 0
1B
b000010011101111 S
#51120
0>
0B
#51128
b000010011110000 1
b000011010001000 2
1B
b000000011101100 I
b000000011101010 P
b000010011110000 S
#51136
0B
#51140
b000010011110001 3
b000011010001001 4
b00010011110001 5
b110011111111 6
1>
b110011111111 @
b000010000000110 S
#51144
b000011010001001 0
1B
b000010011110000 S
#51152
0B
#51160
b000010011110001 1
b000011010001001 2
0>
1B
b000000011101101 I
b000000011101011 P
b000010011110001 S
#51168
0B
#51176
1B
#51180
b000010011110010 3
b000011010001011 4
b00010011110010 5
b110100000000 6
1>
b110100000000 @
b000010000000110 S
#51184
0B
#51192
b000011010001011 0
1B
b000010011110001 S
#51200
0>
0B
#51208
b000010011110010 1
b000011010001011 2
1B
b000000011101110 I
b000000011101100 P
b000010011110010 S
#51216
0B
#51220
b000010011110011 3
b000011010001010 4
b00010011110011 5
b110100000001 6
1>
b110100000001 @
b000010000000110 S
#51224
b000011010001010 0
1B
b000010011110010 S
#51232
0B
#51240
b000010011110011 1
b000011010001010 2
0>
1B
b000000011101111 I
b000000011101101 P
b000010011110011 S
#51248
0B
#51256
1B
#51260
b000010011110100 3
b000011010001110 4
b00010011110100 5
b110100000010 6
1>
b110100000010 @
b000010000000110 S
#51264
0B
#51272
b000011010001110 0
1B
b000010011110011 S
#51280
0>
0B
#51288
b000010011110100 1
b000011010001110 2
1B
b000000011110000 I
b000000011101110 P
b000010011110100 S
#51296
0B
#51300
b000010011110101 3
b000011010001111 4
b00010011110101 5
b110100000011 6
1>
b110100000011 @
b000010000000110 S
#51304
b000011010001111 0
1B
b000010011110100 S
#51312
0B
#51320
b000010011110101 1
b000011010001111 2
0>
1B
b000000011110001 I
b000000011101111 P
b000010011110101 S
#51328
0B
#51336
1B
#51340
b000010011110110 3
b000011010001101 4
b00010011110110 5
b110100000100 6
1>
b110100000100 @
b000010000000110 S
#51344
0B
#51352
b000011010001101 0
1B
b000010011110101 S
#51360
0>
0B
#51368
b000010011110110 1
b000011010001101 2
1B
b000000011110010 I
b000000011110000 P
b000010011110110 S
#51376
0B
#51380
b000010011110111 3
b000011010001100 4
b00010011110111 5
b110100000101 6
1>
b110100000101 @
b000010000000110 S
#51384
b000011010001100 0
1B
b000010011110110 S
#51392
0B
#51400
b000010011110111 1
b000011010001100 2
0>
1B
b000000011110011 I
b000000011110001 P
b000010011110111 S
#51408
0B
#51416
1B
#51420
b000010011111000 3
b000011010000100 4
b00010011111000 5
b110100000110 6
1>
b110100000110 @
b000010000000110 S
#51424
0B
#51432
b000011010000100 0
1B
b000010011110111 S
#51440
0>
0B
#51448
b000010011111000 1
b000011010000100 2
1B
b000000011110100 I
b000000011110010 P
b000010011111000 S
#51456
0B
#51460
b000010011111001 3
b000011010000101 4
b00010011111001 5
b110100000111 6
1>
b110100000111 @
b000010000000110 S
#51464
b000011010000101 0
1B
b000010011111000 S
#51472
0B
#51480
b000010011111001 1
b000011010000101 2
0>
1B
b000000011110101 I
b000000011110011 P
b000010011111001 S
#51488
0B
#51496
1B
#51500
b000010011111010 3
b000011010000111 4
b00010011111010 5
b110100001000 6
1>
b110100001000 @
b000010000000110 S
#51504
0B
#51512
b000011010000111 0
1B
b000010011111001 S
#51520
0>
0B
#51528
b000010011111010 1
b000011010000111 2
1B
b000000011110110 I
b000000011110100 P
b000010011111010 S
#51536
0B
#51540
b000010011111011 3
b000011010000110 4
b00010011111011 5
b110100001001 6
1>
b110100001001 @
b000010000000110 S
#51544
b000011010000110 0
1B
b000010011111010 S
#51552
0B
#51560
b000010011111011 1
b000011010000110 2
0>
1B
b000000011110111 I
b000000011110101 P
b000010011111011 S
#51568
0B
#51576
1B
#51580
b000010011111100 3
b000011010000010 4
b00010011111100 5
b110100001010 6
1>
b110100001010 @
b000010000000110 S
#51584
0B
#51592
b000011010000010 0
1B
b000010011111011 S
#51600
0>
0B
#51608
b000010011111100 1
b000011010000010 2
1B
b000000011111000 I
b000000011110110 P
b000010011111100 S
#51616
0B
#51620
b000010011111101 3
b000011010000011 4
b00010011111101 5
b110100001011 6
1>
b110100001011 @
b000010000000110 S
#51624
b000011010000011 0
1B
b000010011111100 S
#51632
0B
#51640
b000010011111101 1
b000011010000011 2
0>
1B
b000000011111001 I
b000000011110111 P
b000010011111101 S
#51648
0B
#51656
1B
#51660
b000010011111110 3
b000011010000001 4
b00010011111110 5
b110100001100 6
1>
b110100001100 @
b000010000000110 S
#51664
0B
#51672
b000011010000001 0
1B
b000010011111101 S
#51680
0>
0B
#51688
b000010011111110 1
b000011010000001 2
1B
b000000011111010 I
b000000011111000 P
b000010011111110 S
#51696
0B
#51700
b000010011111111 3
b000011010000000 4
b00010011111111 5
b110100001101 6
1>
b110100001101 @
b000010000000110 S
#51704
b000011010000000 0
1B
b000010011111110 S
#51712
0B
#51720
b000010011111111 1
b000011010000000 2
0>
1B
b000000011111011 I
b000000011111001 P
b000010011111111 S
#51728
0B
#51736
1B
#51740
b000010100000000 3
b000011110000000 4
b00010100000000 5
b110100001110 6
1>
b110100001110 @
b000010000000110 S
#51744
0B
#51752
b000011110000000 0
1B
b000010011111111 S
#51760
0>
0B
#51768
b000010100000000 1
b000011110000000 2
1B
b000000011111100 I
b000000011111010 P
b000010100000000 S
#51776
0B
#51780
b000010100000001 3
b000011110000001 4
b00010100000001 5
b110100001111 6
1>
b110100001111 @
b000010000000110 S
#51784
b000011110000001 0
1B
b000010100000000 S
#51792
0B
#51800
b000010100000001 1
b000011110000001 2
0>
1B
b000000011111101 I
b000000011111011 P
b000010100000001 S
#51808
0B
#51816
1B
#51820
b000010100000010 3
b000011110000011 4
b00010100000010 5
b110100010000 6
1>
b110100010000 @
b000010000000110 S
#51824
0B
#51832
b000011110000011 0
1B
b000010100000001 S
#51840
0>
0B
#51848
b000010100000010 1
b000011110000011 2
1B
b000000011111110 I
b000000011111100 P
b000010100000010 S
#51856
0B
#51860
b000010100000011 3
b000011110000010 4
b00010100000011 5
b110100010001 6
1>
b110100010001 @
b000010000000110 S
#51864
b000011110000010 0
1B
b000010100000010 S
#51872
0B
#51880
b000010100000011 1
b000011110000010 2
0>
1B
b000000011111111 I
b000000011111101 P
b000010100000011 S
#51888
0B
#51896
1B
#51900
b000010100000100 3
b000011110000110 4
b00010100000100 5
b110100010010 6
1>
b110100010010 @
b000010000000110 S
#51904
0B
#51912
b000011110000110 0
1B
b000010100000011 S
#51920
0>
0B
#51928
b000010100000100 1
b000011110000110 2
1B
b000000100000000 I
b000000011111110 P
b000010100000100 S
#51936
0B
#51940
b000010100000101 3
b000011110000111 4
b00010100000101 5
b110100010011 6
1>
b110100010011 @
b000010000000110 S
#51944
b000011110000111 0
1B
b000010100000100 S
#51952
0B
#51960
b000010100000101 1
b000011110000111 2
0>
1B
b000000100000001 I
b000000011111111 P
b000010100000101 S
#51968
0B
#51976
1B
#51980
b000010100000110 3
b000011110000101 4
b00010100000110 5
b110100010100 6
1>
b110100010100 @
b000010000000110 S
#51984
0B
#51992
b000011110000101 0
1B
b000010100000101 S
#52000
0>
0B
#52008
b000010100000110 1
b000011110000101 2
1B
b000000100000010 I
b000000100000000 P
b000010100000110 S
#52016
0B
#52020
b000010100000111 3
b000011110000100 4
b00010100000111 5
b110100010101 6
1>
b110100010101 @
b000010000000110 S
#52024
b000011110000100 0
1B
b000010100000110 S
#52032
0B
#52040
b000010100000111 1
b000011110000100 2
0>
1B
b000000100000011 I
b000000100000001 P
b000010100000111 S
#52048
0B
#52056
1B
#52060
b000010100001000 3
b000011110001100 4
b00010100001000 5
b110100010110 6
1>
b110100010110 @
b000010000000110 S
#52064
0B
#52072
b000011110001100 0
1B
b000010100000111 S
#52080
0>
0B
#52088
b000010100001000 1
b000011110001100 2
1B
b000000100000100 I
b000000100000010 P
b000010100001000 S
#52096
0B
#52100
b000010100001001 3
b000011110001101 4
b00010100001001 5
b110100010111 6
1>
b110100010111 @
b000010000000110 S
#52104
b000011110001101 0
1B
b000010100001000 S
#52112
0B
#52120
b000010100001001 1
b000011110001101 2
0>
1B
b000000100000101 I
b000000100000011 P
b000010100001001 S
#52128
0B
#52136
1B
#52140
b000010100001010 3
b000011110001111 4
b00010100001010 5
b110100011000 6
1>
b110100011000 @
b000010000000110 S
#52144
0B
#52152
b000011110001111 0
1B
b000010100001001 S
#52160
0>
0B
#52168
b000010100001010 1
b000011110001111 2
1B
b000000100000110 I
b000000100000100 P
b000010100001010 S
#52176
0B
#52180
b000010100001011 3
b000011110001110 4
b00010100001011 5
b110100011001 6
1>
b110100011001 @
b000010000000110 S
#52184
b000011110001110 0
1B
b000010100001010 S
#52192
0B
#52200
b000010100001011 1
b000011110001110 2
0>
1B
b000000100000111 I
b000000100000101 P
b000010100001011 S
#52208
0B
#52216
1B
#52220
b000010100001100 3
b000011110001010 4
b00010100001100 5
b110100011010 6
1>
b110100011010 @
b000010000000110 S
#52224
0B
#52232
b000011110001010 0
1B
b000010100001011 S
#52240
0>
0B
#52248
b000010100001100 1
b000011110001010 2
1B
b000000100001000 I
b000000100000110 P
b000010100001100 S
#52256
0B
#52260
b000010100001101 3
b000011110001011 4
b00010100001101 5
b110100011011 6
1>
b110100011011 @
b000010000000110 S
#52264
b000011110001011 0
1B
b000010100001100 S
#52272
0B
#52280
b000010100001101 1
b000011110001011 2
0>
1B
b000000100001001 I
b000000100000111 P
b000010100001101 S
#52288
0B
#52296
1B
#52300
b000010100001110 3
b000011110001001 4
b00010100001110 5
b110100011100 6
1>
b110100011100 @
b000010000000110 S
#52304
0B
#52312
b000011110001001 0
1B
b000010100001101 S
#52320
0>
0B
#52328
b000010100001110 1
b000011110001001 2
1B
b000000100001010 I
b000000100001000 P
b000010100001110 S
#52336
0B
#52340
b000010100001111 3
b000011110001000 4
b00010100001111 5
b110100011101 6
1>
b110100011101 @
b000010000000110 S
#52344
b000011110001000 0
1B
b000010100001110 S
#52352
0B
#52360
b000010100001111 1
b000011110001000 2
0>
1B
b000000100001011 I
b000000100001001 P
b000010100001111 S
#52368
0B
#52376
1B
#52380
b000010100010000 3
b000011110011000 4
b00010100010000 5
b110100011110 6
1>
b110100011110 @
b000010000000110 S
#52384
0B
#52392
b000011110011000 0
1B
b000010100001111 S
#52400
0>
0B
#52408
b000010100010000 1
b000011110011000 2
1B
b000000100001100 I
b000000100001010 P
b000010100010000 S
#52416
0B
#52420
b000010100010001 3
b000011110011001 4
b00010100010001 5
b110100011111 6
1>
b110100011111 @
b000010000000110 S
#52424
b000011110011001 0
1B
b000010100010000 S
#52432
0B
#52440
b000010100010001 1
b000011110011001 2
0>
1B
b000000100001101 I
b000000100001011 P
b000010100010001 S
#52448
0B
#52456
1B
#52460
b000010100010010 3
b000011110011011 4
b00010100010010 5
b110100100000 6
1>
b110100100000 @
b000010000000110 S
#52464
0B
#52472
b000011110011011 0
1B
b000010100010001 S
#52480
0>
0B
#52488
b000010100010010 1
b000011110011011 2
1B
b000000100001110 I
b000000100001100 P
b000010100010010 S
#52496
0B
#52500
b000010100010011 3
b000011110011010 4
b00010100010011 5
b110100100001 6
1>
b110100100001 @
b000010000000110 S
#52504
b000011110011010 0
1B
b000010100010010 S
#52512
0B
#52520
b000010100010011 1
b000011110011010 2
0>
1B
b000000100001111 I
b000000100001101 P
b000010100010011 S
#52528
0B
#52536
1B
#52540
b000010100010100 3
b000011110011110 4
b00010100010100 5
b110100100010 6
1>
b110100100010 @
b000010000000110 S
#52544
0B
#52552
b000011110011110 0
1B
b000010100010011 S
#52560
0>
0B
#52568
b000010100010100 1
b000011110011110 2
1B
b000000100010000 I
b000000100001110 P
b000010100010100 S
#52576
0B
#52580
b000010100010101 3
b000011110011111 4
b00010100010101 5
b110100100011 6
1>
b110100100011 @
b000010000000110 S
#52584
b000011110011111 0
1B
b000010100010100 S
#52592
0B
#52600
b000010100010101 1
b000011110011111 2
0>
1B
b000000100010001 I
b000000100001111 P
b000010100010101 S
#52608
0B
#52616
1B
#52620
b000010100010110 3
b000011110011101 4
b00010100010110 5
b110100100100 6
1>
b110100100100 @
b000010000000110 S
#52624
0B
#52632
b000011110011101 0
1B
b000010100010101 S
#52640
0>
0B
#52648
b000010100010110 1
b000011110011101 2
1B
b000000100010010 I
b000000100010000 P
b000010100010110 S
#52656
0B
#52660
b000010100010111 3
b000011110011100 4
b00010100010111 5
b110100100101 6
1>
b110100100101 @
b000010000000110 S
#52664
b000011110011100 0
1B
b000010100010110 S
#52672
0B
#52680
b000010100010111 1
b000011110011100 2
0>
1B
b000000100010011 I
b000000100010001 P
b000010100010111 S
#52688
0B
#52696
1B
#52700
b000010100011000 3
b000011110010100 4
b00010100011000 5
b110100100110 6
1>
b110100100110 @
b000010000000110 S
#52704
0B
#52712
b000011110010100 0
1B
b000010100010111 S
#52720
0>
0B
#52728
b000010100011000 1
b000011110010100 2
1B
b000000100010100 I
b000000100010010 P
b000010100011000 S
#52736
0B
#52740
b000010100011001 3
b000011110010101 4
b00010100011001 5
b110100100111 6
1>
b110100100111 @
b000010000000110 S
#52744
b000011110010101 0
1B
b000010100011000 S
#52752
0B
#52760
b000010100011001 1
b000011110010101 2
0>
1B
b000000100010101 I
b000000100010011 P
b000010100011001 S
#52768
0B
#52776
1B
#52780
b000010100011010 3
b000011110010111 4
b00010100011010 5
b110100101000 6
1>
b110100101000 @
b000010000000110 S
#52784
0B
#52792
b000011110010111 0
1B
b000010100011001 S
#52800
0>
0B
#52808
b000010100011010 1
b000011110010111 2
1B
b000000100010110 I
b000000100010100 P
b000010100011010 S
#52816
0B
#52820
b000010100011011 3
b000011110010110 4
b00010100011011 5
b110100101001 6
1>
b110100101001 @
b000010000000110 S
#52824
b000011110010110 0
1B
b000010100011010 S
#52832
0B
#52840
b000010100011011 1
b000011110010110 2
0>
1B
b000000100010111 I
b000000100010101 P
b000010100011011 S
#52848
0B
#52856
1B
#52860
b000010100011100 3
b000011110010010 4
b00010100011100 5
b110100101010 6
1>
b110100101010 @
b000010000000110 S
#52864
0B
#52872
b000011110010010 0
1B
b000010100011011 S
#52880
0>
0B
#52888
b000010100011100 1
b000011110010010 2
1B
b000000100011000 I
b000000100010110 P
b000010100011100 S
#52896
0B
#52900
b000010100011101 3
b000011110010011 4
b00010100011101 5
b110100101011 6
1>
b110100101011 @
b000010000000110 S
#52904
b000011110010011 0
1B
b000010100011100 S
#52912
0B
#52920
b000010100011101 1
b000011110010011 2
0>
1B
b000000100011001 I
b000000100010111 P
b000010100011101 S
#52928
0B
#52936
1B
#52940
b000010100011110 3
b000011110010001 4
b00010100011110 5
b110100101100 6
1>
b110100101100 @
b000010000000110 S
#52944
0B
#52952
b000011110010001 0
1B
b000010100011101 S
#52960
0>
0B
#52968
b000010100011110 1
b000011110010001 2
1B
b000000100011010 I
b000000100011000 P
b000010100011110 S
#52976
0B
#52980
b000010100011111 3
b000011110010000 4
b00010100011111 5
b110100101101 6
1>
b110100101101 @
b000010000000110 S
#52984
b000011110010000 0
1B
b000010100011110 S
#52992
0B
#53000
b000010100011111 1
b000011110010000 2
0>
1B
b000000100011011 I
b000000100011001 P
b000010100011111 S
#53008
0B
#53016
1B
#53020
b000010100100000 3
b000011110110000 4
b00010100100000 5
b110100101110 6
1>
b110100101110 @
b000010000000110 S
#53024
0B
#53032
b000011110110000 0
1B
b000010100011111 S
#53040
0>
0B
#53048
b000010100100000 1
b000011110110000 2
1B
b000000100011100 I
b000000100011010 P
b000010100100000 S
#53056
0B
#53060
b000010100100001 3
b000011110110001 4
b00010100100001 5
b110100101111 6
1>
b110100101111 @
b000010000000110 S
#53064
b000011110110001 0
1B
b000010100100000 S
#53072
0B
#53080
b000010100100001 1
b000011110110001 2
0>
1B
b000000100011101 I
b000000100011011 P
b000010100100001 S
#53088
0B
#53096
1B
#53100
b000010100100010 3
b000011110110011 4
b00010100100010 5
b110100110000 6
1>
b110100110000 @
b000010000000110 S
#53104
0B
#53112
b000011110110011 0
1B
b000010100100001 S
#53120
0>
0B
#53128
b000010100100010 1
b000011110110011 2
1B
b000000100011110 I
b000000100011100 P
b000010100100010 S
#53136
0B
#53140
b000010100100011 3
b000011110110010 4
b00010100100011 5
b110100110001 6
1>
b110100110001 @
b000010000000110 S
#53144
b000011110110010 0
1B
b000010100100010 S
#53152
0B
#53160
b000010100100011 1
b000011110110010 2
0>
1B
b000000100011111 I
b000000100011101 P
b000010100100011 S
#53168
0B
#53176
1B
#53180
b000010100100100 3
b000011110110110 4
b00010100100100 5
b110100110010 6
1>
b110100110010 @
b000010000000110 S
#53184
0B
#53192
b000011110110110 0
1B
b000010100100011 S
#53200
0>
0B
#53208
b000010100100100 1
b000011110110110 2
1B
b000000100100000 I
b000000100011110 P
b000010100100100 S
#53216
0B
#53220
b000010100100101 3
b000011110110111 4
b00010100100101 5
b110100110011 6
1>
b110100110011 @
b000010000000110 S
#53224
b000011110110111 0
1B
b000010100100100 S
#53232
0B
#53240
b000010100100101 1
b000011110110111 2
0>
1B
b000000100100001 I
b000000100011111 P
b000010100100101 S
#53248
0B
#53256
1B
#53260
b000010100100110 3
b000011110110101 4
b00010100100110 5
b110100110100 6
1>
b110100110100 @
b000010000000110 S
#53264
0B
#53272
b000011110110101 0
1B
b000010100100101 S
#53280
0>
0B
#53288
b000010100100110 1
b000011110110101 2
1B
b000000100100010 I
b000000100100000 P
b000010100100110 S
#53296
0B
#53300
b000010100100111 3
b000011110110100 4
b00010100100111 5
b110100110101 6
1>
b110100110101 @
b000010000000110 S
#53301
#53304
b000011110110100 0
1B
b000010100100110 S
#53312
0B
#53320
b000010100100111 1
b000011110110100 2
0>
1B
b000000100100011 I
b000000100100001 P
b000010100100111 S
#53328
0B
#53336
1B
#53340
b000010100101000 3
b000011110111100 4
b00010100101000 5
b110100110110 6
1>
b110100110110 @
b000010000000110 S
#53344
0B
#53352
b000011110111100 0
1B
b000010100100111 S
#53360
0>
0B
#53368
b000010100101000 1
b000011110111100 2
1B
b000000100100100 I
b000000100100010 P
b000010100101000 S
#53376
0B
#53380
b000010100101001 3
b000011110111101 4
b00010100101001 5
b110100110111 6
1>
b110100110111 @
b000010000000110 S
#53384
b000011110111101 0
1B
b000010100101000 S
#53392
0B
#53400
b000010100101001 1
b000011110111101 2
0>
1B
b000000100100101 I
b000000100100011 P
b000010100101001 S
#53408
0B
#53416
1B
#53420
b000010100101010 3
b000011110111111 4
b00010100101010 5
b110100111000 6
1>
b110100111000 @
b000010000000110 S
#53424
0B
#53432
b000011110111111 0
1B
b000010100101001 S
#53440
0>
0B
#53448
b000010100101010 1
b000011110111111 2
1B
b000000100100110 I
b000000100100100 P
b000010100101010 S
#53456
0B
#53460
b000010100101011 3
b000011110111110 4
b00010100101011 5
b110100111001 6
1>
b110100111001 @
b000010000000110 S
#53464
b000011110111110 0
1B
b000010100101010 S
#53472
0B
#53480
b000010100101011 1
b000011110111110 2
0>
1B
b000000100100111 I
b000000100100101 P
b000010100101011 S
#53488
0B
#53496
1B
#53500
b000010100101100 3
b000011110111010 4
b00010100101100 5
b110100111010 6
1>
b110100111010 @
b000010000000110 S
#53504
0B
#53512
b000011110111010 0
1B
b000010100101011 S
#53520
0>
0B
#53528
b000010100101100 1
b000011110111010 2
1B
b000000100101000 I
b000000100100110 P
b000010100101100 S
#53536
0B
#53540
b000010100101101 3
b000011110111011 4
b00010100101101 5
b110100111011 6
1>
b110100111011 @
b000010000000110 S
#53544
b000011110111011 0
1B
b000010100101100 S
#53552
0B
#53560
b000010100101101 1
b000011110111011 2
0>
1B
b000000100101001 I
b000000100100111 P
b000010100101101 S
#53568
0B
#53576
1B
#53580
b000010100101110 3
b000011110111001 4
b00010100101110 5
b110100111100 6
1>
b110100111100 @
b000010000000110 S
#53584
0B
#53592
b000011110111001 0
1B
b000010100101101 S
#53600
0>
0B
#53608
b000010100101110 1
b000011110111001 2
1B
b000000100101010 I
b000000100101000 P
b000010100101110 S
#53616
0B
#53620
b000010100101111 3
b000011110111000 4
b00010100101111 5
b110100111101 6
1>
b110100111101 @
b000010000000110 S
#53624
b000011110111000 0
1B
b000010100101110 S
#53632
0B
#53640
b000010100101111 1
b000011110111000 2
0>
1B
b000000100101011 I
b000000100101001 P
b000010100101111 S
#53648
0B
#53656
1B
#53660
b000010100110000 3
b000011110101000 4
b00010100110000 5
b110100111110 6
1>
b110100111110 @
b000010000000110 S
#53664
0B
#53672
b000011110101000 0
1B
b000010100101111 S
#53680
0>
0B
#53688
b000010100110000 1
b000011110101000 2
1B
b000000100101100 I
b000000100101010 P
b000010100110000 S
#53696
0B
#53700
b000010100110001 3
b000011110101001 4
b00010100110001 5
b110100111111 6
1>
b110100111111 @
b000010000000110 S
#53704
b000011110101001 0
1B
b000010100110000 S
#53712
0B
#53720
b000010100110001 1
b000011110101001 2
0>
1B
b000000100101101 I
b000000100101011 P
b000010100110001 S
#53728
0B
#53736
1B
#53740
b000010100110010 3
b000011110101011 4
b00010100110010 5
b110101000000 6
1>
b110101000000 @
b000010000000110 S
#53744
0B
#53752
b000011110101011 0
1B
b000010100110001 S
#53760
0>
0B
#53768
b000010100110010 1
b000011110101011 2
1B
b000000100101110 I
b000000100101100 P
b000010100110010 S
#53776
0B
#53780
b000010100110011 3
b000011110101010 4
b00010100110011 5
b110101000001 6
1>
b110101000001 @
b000010000000110 S
#53784
b000011110101010 0
1B
b000010100110010 S
#53792
0B
#53800
b000010100110011 1
b000011110101010 2
0>
1B
b000000100101111 I
b000000100101101 P
b000010100110011 S
#53808
0B
#53816
1B
#53820
b000010100110100 3
b000011110101110 4
b00010100110100 5
b110101000010 6
1>
b110101000010 @
b000010000000110 S
#53824
0B
#53832
b000011110101110 0
1B
b000010100110011 S
#53840
0>
0B
#53848
b000010100110100 1
b000011110101110 2
1B
b000000100110000 I
b000000100101110 P
b000010100110100 S
#53856
0B
#53860
b000010100110101 3
b000011110101111 4
b00010100110101 5
b110101000011 6
1>
b110101000011 @
b000010000000110 S
#53864
b000011110101111 0
1B
b000010100110100 S
#53872
0B
#53880
b000010100110101 1
b000011110101111 2
0>
1B
b000000100110001 I
b000000100101111 P
b000010100110101 S
#53888
0B
#53896
1B
#53900
b000010100110110 3
b000011110101101 4
b00010100110110 5
b110101000100 6
1>
b110101000100 @
b000010000000110 S
#53904
0B
#53912
b000011110101101 0
1B
b000010100110101 S
#53920
0>
0B
#53928
b000010100110110 1
b000011110101101 2
1B
b000000100110010 I
b000000100110000 P
b000010100110110 S
#53936
0B
#53940
b000010100110111 3
b000011110101100 4
b00010100110111 5
b110101000101 6
1>
b110101000101 @
b000010000000110 S
#53944
b000011110101100 0
1B
b000010100110110 S
#53952
0B
#53960
b000010100110111 1
b000011110101100 2
0>
1B
b000000100110011 I
b000000100110001 P
b000010100110111 S
#53968
0B
#53976
1B
#53980
b000010100111000 3
b000011110100100 4
b00010100111000 5
b110101000110 6
1>
b110101000110 @
b000010000000110 S
#53984
0B
#53992
b000011110100100 0
1B
b000010100110111 S
#54000
0>
0B
#54008
b000010100111000 1
b000011110100100 2
1B
b000000100110100 I
b000000100110010 P
b000010100111000 S
#54016
0B
#54020
b000010100111001 3
b000011110100101 4
b00010100111001 5
b110101000111 6
1>
b110101000111 @
b000010000000110 S
#54024
b000011110100101 0
1B
b000010100111000 S
#54032
0B
#54040
b000010100111001 1
b000011110100101 2
0>
1B
b000000100110101 I
b000000100110011 P
b000010100111001 S
#54048
0B
#54056
1B
#54060
b000010100111010 3
b000011110100111 4
b00010100111010 5
b110101001000 6
1>
b110101001000 @
b000010000000110 S
#54064
0B
#54072
b000011110100111 0
1B
b000010100111001 S
#54080
0>
0B
#54088
b000010100111010 1
b000011110100111 2
1B
b000000100110110 I
b000000100110100 P
b000010100111010 S
#54096
0B
#54100
b000010100111011 3
b000011110100110 4
b00010100111011 5
b110101001001 6
1>
b110101001001 @
b000010000000110 S
#54104
b000011110100110 0
1B
b000010100111010 S
#54112
0B
#54120
b000010100111011 1
b000011110100110 2
0>
1B
b000000100110111 I
b000000100110101 P
b000010100111011 S
#54128
0B
#54136
1B
#54140
b000010100111100 3
b000011110100010 4
b00010100111100 5
b110101001010 6
1>
b110101001010 @
b000010000000110 S
#54144
0B
#54152
b000011110100010 0
1B
b000010100111011 S
#54160
0>
0B
#54168
b000010100111100 1
b000011110100010 2
1B
b000000100111000 I
b000000100110110 P
b000010100111100 S
#54176
0B
#54180
b000010100111101 3
b000011110100011 4
b00010100111101 5
b110101001011 6
1>
b110101001011 @
b000010000000110 S
#54184
b000011110100011 0
1B
b000010100111100 S
#54192
0B
#54200
b000010100111101 1
b000011110100011 2
0>
1B
b000000100111001 I
b000000100110111 P
b000010100111101 S
#54208
0B
#54216
1B
#54220
b000010100111110 3
b000011110100001 4
b00010100111110 5
b110101001100 6
1>
b110101001100 @
b000010000000110 S
#54224
0B
#54232
b000011110100001 0
1B
b000010100111101 S
#54240
0>
0B
#54248
b000010100111110 1
b000011110100001 2
1B
b000000100111010 I
b000000100111000 P
b000010100111110 S
#54256
0B
#54260
b000010100111111 3
b000011110100000 4
b00010100111111 5
b110101001101 6
1>
b110101001101 @
b000010000000110 S
#54264
b000011110100000 0
1B
b000010100111110 S
#54272
0B
#54280
b000010100111111 1
b000011110100000 2
0>
1B
b000000100111011 I
b000000100111001 P
b000010100111111 S
#54288
0B
#54296
1B
#54300
b000010101000000 3
b000011111100000 4
b00010101000000 5
b110101001110 6
1>
b110101001110 @
b000010000000110 S
#54304
0B
#54312
b000011111100000 0
1B
b000010100111111 S
#54320
0>
0B
#54328
b000010101000000 1
b000011111100000 2
1B
b000000100111100 I
b000000100111010 P
b000010101000000 S
#54336
0B
#54340
b000010101000001 3
b000011111100001 4
b00010101000001 5
b110101001111 6
1>
b110101001111 @
b000010000000110 S
#54344
b000011111100001 0
1B
b000010101000000 S
#54352
0B
#54360
b000010101000001 1
b000011111100001 2
0>
1B
b000000100111101 I
b000000100111011 P
b000010101000001 S
#54368
0B
#54376
1B
#54380
b000010101000010 3
b000011111100011 4
b00010101000010 5
b110101010000 6
1>
b110101010000 @
b000010000000110 S
#54384
0B
#54392
b000011111100011 0
1B
b000010101000001 S
#54400
0>
0B
#54408
b000010101000010 1
b000011111100011 2
1B
b000000100111110 I
b000000100111100 P
b000010101000010 S
#54416
0B
#54420
b000010101000011 3
b000011111100010 4
b00010101000011 5
b110101010001 6
1>
b110101010001 @
b000010000000110 S
#54424
b000011111100010 0
1B
b000010101000010 S
#54432
0B
#54440
b000010101000011 1
b000011111100010 2
0>
1B
b000000100111111 I
b000000100111101 P
b000010101000011 S
#54448
0B
#54456
1B
#54460
b000010101000100 3
b000011111100110 4
b00010101000100 5
b110101010010 6
1>
b110101010010 @
b000010000000110 S
#54464
0B
#54472
b000011111100110 0
1B
b000010101000011 S
#54480
0>
0B
#54488
b000010101000100 1
b000011111100110 2
1B
b000000101000000 I
b000000100111110 P
b000010101000100 S
#54496
0B
#54500
b000010101000101 3
b000011111100111 4
b00010101000101 5
b110101010011 6
1>
b110101010011 @
b000010000000110 S
#54504
b000011111100111 0
1B
b000010101000100 S
#54512
0B
#54520
b000010101000101 1
b000011111100111 2
0>
1B
b000000101000001 I
b000000100111111 P
b000010101000101 S
#54528
0B
#54536
1B
#54540
b000010101000110 3
b000011111100101 4
b00010101000110 5
b110101010100 6
1>
b110101010100 @
b000010000000110 S
#54544
0B
#54552
b000011111100101 0
1B
b000010101000101 S
#54560
0>
0B
#54568
b000010101000110 1
b000011111100101 2
1B
b000000101000010 I
b000000101000000 P
b000010101000110 S
#54576
0B
#54580
b000010101000111 3
b000011111100100 4
b00010101000111 5
b110101010101 6
1>
b110101010101 @
b000010000000110 S
#54584
b000011111100100 0
1B
b000010101000110 S
#54592
0B
#54600
b000010101000111 1
b000011111100100 2
0>
1B
b000000101000011 I
b000000101000001 P
b000010101000111 S
#54608
0B
#54616
1B
#54620
b000010101001000 3
b000011111101100 4
b00010101001000 5
b110101010110 6
1>
b110101010110 @
b000010000000110 S
#54624
0B
#54632
b000011111101100 0
1B
b000010101000111 S
#54640
0>
0B
#54648
b000010101001000 1
b000011111101100 2
1B
b000000101000100 I
b000000101000010 P
b000010101001000 S
#54656
0B
#54660
b000010101001001 3
b000011111101101 4
b00010101001001 5
b110101010111 6
1>
b110101010111 @
b000010000000110 S
#54664
b000011111101101 0
1B
b000010101001000 S
#54672
0B
#54680
b000010101001001 1
b000011111101101 2
0>
1B
b000000101000101 I
b000000101000011 P
b000010101001001 S
#54688
0B
#54696
1B
#54700
b000010101001010 3
b000011111101111 4
b00010101001010 5
b110101011000 6
1>
b110101011000 @
b000010000000110 S
#54704
0B
#54712
b000011111101111 0
1B
b000010101001001 S
#54720
0>
0B
#54728
b000010101001010 1
b000011111101111 2
1B
b000000101000110 I
b000000101000100 P
b000010101001010 S
#54736
0B
#54740
b000010101001011 3
b000011111101110 4
b00010101001011 5
b110101011001 6
1>
b110101011001 @
b000010000000110 S
#54744
b000011111101110 0
1B
b000010101001010 S
#54752
0B
#54760
b000010101001011 1
b000011111101110 2
0>
1B
b000000101000111 I
b000000101000101 P
b000010101001011 S
#54768
0B
#54776
1B
#54780
b000010101001100 3
b000011111101010 4
b00010101001100 5
b110101011010 6
1>
b110101011010 @
b000010000000110 S
#54784
0B
#54792
b000011111101010 0
1B
b000010101001011 S
#54800
0>
0B
#54808
b000010101001100 1
b000011111101010 2
1B
b000000101001000 I
b000000101000110 P
b000010101001100 S
#54816
0B
#54820
b000010101001101 3
b000011111101011 4
b00010101001101 5
b110101011011 6
1>
b110101011011 @
b000010000000110 S
#54824
b000011111101011 0
1B
b000010101001100 S
#54832
0B
#54840
b000010101001101 1
b000011111101011 2
0>
1B
b000000101001001 I
b000000101000111 P
b000010101001101 S
#54848
0B
#54856
1B
#54860
b000010101001110 3
b000011111101001 4
b00010101001110 5
b110101011100 6
1>
b110101011100 @
b000010000000110 S
#54864
0B
#54872
b000011111101001 0
1B
b000010101001101 S
#54880
0>
0B
#54888
b000010101001110 1
b000011111101001 2
1B
b000000101001010 I
b000000101001000 P
b000010101001110 S
#54896
0B
#54900
b000010101001111 3
b000011111101000 4
b00010101001111 5
b110101011101 6
1>
b110101011101 @
b000010000000110 S
#54904
b000011111101000 0
1B
b000010101001110 S
#54912
0B
#54920
b000010101001111 1
b000011111101000 2
0>
1B
b000000101001011 I
b000000101001001 P
b000010101001111 S
#54928
0B
#54936
1B
#54940
b000010101010000 3
b000011111111000 4
b00010101010000 5
b110101011110 6
1>
b110101011110 @
b000010000000110 S
#54944
0B
#54952
b000011111111000 0
1B
b000010101001111 S
#54960
0>
0B
#54968
b000010101010000 1
b000011111111000 2
1B
b000000101001100 I
b000000101001010 P
b000010101010000 S
#54976
0B
#54980
b000010101010001 3
b000011111111001 4
b00010101010001 5
b110101011111 6
1>
b110101011111 @
b000010000000110 S
#54984
b000011111111001 0
1B
b000010101010000 S
#54992
0B
#55000
b000010101010001 1
b000011111111001 2
0>
1B
b000000101001101 I
b000000101001011 P
b000010101010001 S
#55008
0B
#55016
1B
#55020
b000010101010010 3
b000011111111011 4
b00010101010010 5
b110101100000 6
1>
b110101100000 @
b000010000000110 S
#55024
0B
#55032
b000011111111011 0
1B
b000010101010001 S
#55040
0>
0B
#55048
b000010101010010 1
b000011111111011 2
1B
b000000101001110 I
b000000101001100 P
b000010101010010 S
#55056
0B
#55060
b000010101010011 3
b000011111111010 4
b00010101010011 5
b110101100001 6
1>
b110101100001 @
b000010000000110 S
#55064
b000011111111010 0
1B
b000010101010010 S
#55072
0B
#55080
b000010101010011 1
b000011111111010 2
0>
1B
b000000101001111 I
b000000101001101 P
b000010101010011 S
#55088
0B
#55096
1B
#55100
b000010101010100 3
b000011111111110 4
b00010101010100 5
b110101100010 6
1>
b110101100010 @
b000010000000110 S
#55104
0B
#55112
b000011111111110 0
1B
b000010101010011 S
#55120
0>
0B
#55128
b000010101010100 1
b000011111111110 2
1B
b000000101010000 I
b000000101001110 P
b000010101010100 S
#55136
0B
#55140
b000010101010101 3
b000011111111111 4
b00010101010101 5
b110101100011 6
1>
b110101100011 @
b000010000000110 S
#55144
b000011111111111 0
1B
b000010101010100 S
#55152
0B
#55160
b000010101010101 1
b000011111111111 2
0>
1B
b000000101010001 I
b000000101001111 P
b000010101010101 S
#55168
0B
#55176
1B
#55180
b000010101010110 3
b000011111111101 4
b00010101010110 5
b110101100100 6
1>
b110101100100 @
b000010000000110 S
#55184
0B
#55192
b000011111111101 0
1B
b000010101010101 S
#55200
0>
0B
#55208
b000010101010110 1
b000011111111101 2
1B
b000000101010010 I
b000000101010000 P
b000010101010110 S
#55216
0B
#55220
b000010101010111 3
b000011111111100 4
b00010101010111 5
b110101100101 6
1>
b110101100101 @
b000010000000110 S
#55224
b000011111111100 0
1B
b000010101010110 S
#55232
0B
#55240
b000010101010111 1
b000011111111100 2
0>
1B
b000000101010011 I
b000000101010001 P
b000010101010111 S
#55248
0B
#55256
1B
#55260
b000010101011000 3
b000011111110100 4
b00010101011000 5
b110101100110 6
1>
b110101100110 @
b000010000000110 S
#55264
0B
#55272
b000011111110100 0
1B
b000010101010111 S
#55280
0>
0B
#55288
b000010101011000 1
b000011111110100 2
1B
b000000101010100 I
b000000101010010 P
b000010101011000 S
#55296
0B
#55300
b000010101011001 3
b000011111110101 4
b00010101011001 5
b110101100111 6
1>
b110101100111 @
b000010000000110 S
#55304
b000011111110101 0
1B
b000010101011000 S
#55312
0B
#55320
b000010101011001 1
b000011111110101 2
0>
1B
b000000101010101 I
b000000101010011 P
b000010101011001 S
#55328
0B
#55336
1B
#55340
b000010101011010 3
b000011111110111 4
b00010101011010 5
b110101101000 6
1>
b110101101000 @
b000010000000110 S
#55344
0B
#55352
b000011111110111 0
1B
b000010101011001 S
#55360
0>
0B
#55368
b000010101011010 1
b000011111110111 2
1B
b000000101010110 I
b000000101010100 P
b000010101011010 S
#55376
0B
#55380
b000010101011011 3
b000011111110110 4
b00010101011011 5
b110101101001 6
1>
b110101101001 @
b000010000000110 S
#55384
b000011111110110 0
1B
b000010101011010 S
#55392
0B
#55400
b000010101011011 1
b000011111110110 2
0>
1B
b000000101010111 I
b000000101010101 P
b000010101011011 S
#55408
0B
#55416
1B
#55420
b000010101011100 3
b000011111110010 4
b00010101011100 5
b110101101010 6
1>
b110101101010 @
b000010000000110 S
#55424
0B
#55432
b000011111110010 0
1B
b000010101011011 S
#55440
0>
0B
#55448
b000010101011100 1
b000011111110010 2
1B
b000000101011000 I
b000000101010110 P
b000010101011100 S
#55456
0B
#55460
b000010101011101 3
b000011111110011 4
b00010101011101 5
b110101101011 6
1>
b110101101011 @
b000010000000110 S
#55464
b000011111110011 0
1B
b000010101011100 S
#55472
0B
#55480
b000010101011101 1
b000011111110011 2
0>
1B
b000000101011001 I
b000000101010111 P
b000010101011101 S
#55488
0B
#55496
1B
#55500
b000010101011110 3
b000011111110001 4
b00010101011110 5
b110101101100 6
1>
b110101101100 @
b000010000000110 S
#55504
0B
#55512
b000011111110001 0
1B
b000010101011101 S
#55520
0>
0B
#55528
b000010101011110 1
b000011111110001 2
1B
b000000101011010 I
b000000101011000 P
b000010101011110 S
#55536
0B
#55540
b000010101011111 3
b000011111110000 4
b00010101011111 5
b110101101101 6
1>
b110101101101 @
b000010000000110 S
#55544
b000011111110000 0
1B
b000010101011110 S
#55552
0B
#55560
b000010101011111 1
b000011111110000 2
0>
1B
b000000101011011 I
b000000101011001 P
b000010101011111 S
#55568
0B
#55576
1B
#55580
b000010101100000 3
b000011111010000 4
b00010101100000 5
b110101101110 6
1>
b110101101110 @
b000010000000110 S
#55584
0B
#55592
b000011111010000 0
1B
b000010101011111 S
#55600
0>
0B
#55608
b000010101100000 1
b000011111010000 2
1B
b000000101011100 I
b000000101011010 P
b000010101100000 S
#55616
0B
#55620
b000010101100001 3
b000011111010001 4
b00010101100001 5
b110101101111 6
1>
b110101101111 @
b000010000000110 S
#55624
b000011111010001 0
1B
b000010101100000 S
#55632
0B
#55640
b000010101100001 1
b000011111010001 2
0>
1B
b000000101011101 I
b000000101011011 P
b000010101100001 S
#55648
0B
#55656
1B
#55660
b000010101100010 3
b000011111010011 4
b00010101100010 5
b110101110000 6
1>
b110101110000 @
b000010000000110 S
#55664
0B
#55672
b000011111010011 0
1B
b000010101100001 S
#55680
0>
0B
#55688
b000010101100010 1
b000011111010011 2
1B
b000000101011110 I
b000000101011100 P
b000010101100010 S
#55696
0B
#55700
b000010101100011 3
b000011111010010 4
b00010101100011 5
b110101110001 6
1>
b110101110001 @
b000010000000110 S
#55704
b000011111010010 0
1B
b000010101100010 S
#55712
0B
#55720
b000010101100011 1
b000011111010010 2
0>
1B
b000000101011111 I
b000000101011101 P
b000010101100011 S
#55728
0B
#55736
1B
#55740
b000010101100100 3
b000011111010110 4
b00010101100100 5
b110101110010 6
1>
b110101110010 @
b000010000000110 S
#55744
0B
#55752
b000011111010110 0
1B
b000010101100011 S
#55760
0>
0B
#55768
b000010101100100 1
b000011111010110 2
1B
b000000101100000 I
b000000101011110 P
b000010101100100 S
#55776
0B
#55780
b000010101100101 3
b000011111010111 4
b00010101100101 5
b110101110011 6
1>
b110101110011 @
b000010000000110 S
#55784
b000011111010111 0
1B
b000010101100100 S
#55792
0B
#55800
b000010101100101 1
b000011111010111 2
0>
1B
b000000101100001 I
b000000101011111 P
b000010101100101 S
#55808
0B
#55816
1B
#55820
b000010101100110 3
b000011111010101 4
b00010101100110 5
b110101110100 6
1>
b110101110100 @
b000010000000110 S
#55824
0B
#55832
b000011111010101 0
1B
b000010101100101 S
#55840
0>
0B
#55848
b000010101100110 1
b000011111010101 2
1B
b000000101100010 I
b000000101100000 P
b000010101100110 S
#55856
0B
#55860
b000010101100111 3
b000011111010100 4
b00010101100111 5
b110101110101 6
1>
b110101110101 @
b000010000000110 S
#55864
b000011111010100 0
1B
b000010101100110 S
#55872
0B
#55880
b000010101100111 1
b000011111010100 2
0>
1B
b000000101100011 I
b000000101100001 P
b000010101100111 S
#55888
0B
#55896
1B
#55900
b000010101101000 3
b000011111011100 4
b00010101101000 5
b110101110110 6
1>
b110101110110 @
b000010000000110 S
#55904
0B
#55912
b000011111011100 0
1B
b000010101100111 S
#55920
0>
0B
#55928
b000010101101000 1
b000011111011100 2
1B
b000000101100100 I
b000000101100010 P
b000010101101000 S
#55936
0B
#55940
b000010101101001 3
b000011111011101 4
b00010101101001 5
b110101110111 6
1>
b110101110111 @
b000010000000110 S
#55944
b000011111011101 0
1B
b000010101101000 S
#55952
0B
#55960
b000010101101001 1
b000011111011101 2
0>
1B
b000000101100101 I
b000000101100011 P
b000010101101001 S
#55968
0B
#55976
1B
#55980
b000010101101010 3
b000011111011111 4
b00010101101010 5
b110101111000 6
1>
b110101111000 @
b000010000000110 S
#55984
0B
#55992
b000011111011111 0
1B
b000010101101001 S
#56000
0>
0B
#56008
b000010101101010 1
b000011111011111 2
1B
b000000101100110 I
b000000101100100 P
b000010101101010 S
#56016
0B
#56020
b000010101101011 3
b000011111011110 4
b00010101101011 5
b110101111001 6
1>
b110101111001 @
b000010000000110 S
#56024
b000011111011110 0
1B
b000010101101010 S
#56032
0B
#56040
b000010101101011 1
b000011111011110 2
0>
1B
b000000101100111 I
b000000101100101 P
b000010101101011 S
#56048
0B
#56056
1B
#56060
b000010101101100 3
b000011111011010 4
b00010101101100 5
b110101111010 6
1>
b110101111010 @
b000010000000110 S
#56064
0B
#56072
b000011111011010 0
1B
b000010101101011 S
#56080
0>
0B
#56088
b000010101101100 1
b000011111011010 2
1B
b000000101101000 I
b000000101100110 P
b000010101101100 S
#56096
0B
#56100
b000010101101101 3
b000011111011011 4
b00010101101101 5
b110101111011 6
1>
b110101111011 @
b000010000000110 S
#56104
b000011111011011 0
1B
b000010101101100 S
#56112
0B
#56120
b000010101101101 1
b000011111011011 2
0>
1B
b000000101101001 I
b000000101100111 P
b000010101101101 S
#56128
0B
#56136
1B
#56140
b000010101101110 3
b000011111011001 4
b00010101101110 5
b110101111100 6
1>
b110101111100 @
b000010000000110 S
#56144
0B
#56152
b000011111011001 0
1B
b000010101101101 S
#56160
0>
0B
#56168
b000010101101110 1
b000011111011001 2
1B
b000000101101010 I
b000000101101000 P
b000010101101110 S
#56176
0B
#56180
b000010101101111 3
b000011111011000 4
b00010101101111 5
b110101111101 6
1>
b110101111101 @
b000010000000110 S
#56184
b000011111011000 0
1B
b000010101101110 S
#56192
0B
#56200
b000010101101111 1
b000011111011000 2
0>
1B
b000000101101011 I
b000000101101001 P
b000010101101111 S
#56208
0B
#56216
1B
#56220
b000010101110000 3
b000011111001000 4
b00010101110000 5
b110101111110 6
1>
b110101111110 @
b000010000000110 S
#56224
0B
#56232
b000011111001000 0
1B
b000010101101111 S
#56240
0>
0B
#56248
b000010101110000 1
b000011111001000 2
1B
b000000101101100 I
b000000101101010 P
b000010101110000 S
#56256
0B
#56260
b000010101110001 3
b000011111001001 4
b00010101110001 5
b110101111111 6
1>
b110101111111 @
b000010000000110 S
#56264
b000011111001001 0
1B
b000010101110000 S
#56272
0B
#56280
b000010101110001 1
b000011111001001 2
0>
1B
b000000101101101 I
b000000101101011 P
b000010101110001 S
#56288
0B
#56296
1B
#56300
b000010101110010 3
b000011111001011 4
b00010101110010 5
b110110000000 6
1>
b110110000000 @
b000010000000110 S
#56304
0B
#56312
b000011111001011 0
1B
b000010101110001 S
#56320
0>
0B
#56328
b000010101110010 1
b000011111001011 2
1B
b000000101101110 I
b000000101101100 P
b000010101110010 S
#56336
0B
#56340
b000010101110011 3
b000011111001010 4
b00010101110011 5
b110110000001 6
1>
b110110000001 @
b000010000000110 S
#56344
b000011111001010 0
1B
b000010101110010 S
#56352
0B
#56360
b000010101110011 1
b000011111001010 2
0>
1B
b000000101101111 I
b000000101101101 P
b000010101110011 S
#56368
0B
#56376
1B
#56380
b000010101110100 3
b000011111001110 4
b00010101110100 5
b110110000010 6
1>
b110110000010 @
b000010000000110 S
#56384
0B
#56392
b000011111001110 0
1B
b000010101110011 S
#56400
0>
0B
#56408
b000010101110100 1
b000011111001110 2
1B
b000000101110000 I
b000000101101110 P
b000010101110100 S
#56416
0B
#56420
b000010101110101 3
b000011111001111 4
b00010101110101 5
b110110000011 6
1>
b110110000011 @
b000010000000110 S
#56424
b000011111001111 0
1B
b000010101110100 S
#56432
0B
#56440
b000010101110101 1
b000011111001111 2
0>
1B
b000000101110001 I
b000000101101111 P
b000010101110101 S
#56448
0B
#56456
1B
#56460
b000010101110110 3
b000011111001101 4
b00010101110110 5
b110110000100 6
1>
b110110000100 @
b000010000000110 S
#56464
0B
#56472
b000011111001101 0
1B
b000010101110101 S
#56480
0>
0B
#56488
b000010101110110 1
b000011111001101 2
1B
b000000101110010 I
b000000101110000 P
b000010101110110 S
#56496
0B
#56500
b000010101110111 3
b000011111001100 4
b00010101110111 5
b110110000101 6
1>
b110110000101 @
b000010000000110 S
#56504
b000011111001100 0
1B
b000010101110110 S
#56512
0B
#56520
b000010101110111 1
b000011111001100 2
0>
1B
b000000101110011 I
b000000101110001 P
b000010101110111 S
#56528
0B
#56536
1B
#56540
b000010101111000 3
b000011111000100 4
b00010101111000 5
b110110000110 6
1>
b110110000110 @
b000010000000110 S
#56544
0B
#56552
b000011111000100 0
1B
b000010101110111 S
#56560
0>
0B
#56568
b000010101111000 1
b000011111000100 2
1B
b000000101110100 I
b000000101110010 P
b000010101111000 S
#56576
0B
#56580
b000010101111001 3
b000011111000101 4
b00010101111001 5
b110110000111 6
1>
b110110000111 @
b000010000000110 S
#56584
b000011111000101 0
1B
b000010101111000 S
#56592
0B
#56600
b000010101111001 1
b000011111000101 2
0>
1B
b000000101110101 I
b000000101110011 P
b000010101111001 S
#56608
0B
#56616
1B
#56620
b000010101111010 3
b000011111000111 4
b00010101111010 5
b110110001000 6
1>
b110110001000 @
b000010000000110 S
#56624
0B
#56632
b000011111000111 0
1B
b000010101111001 S
#56640
0>
0B
#56648
b000010101111010 1
b000011111000111 2
1B
b000000101110110 I
b000000101110100 P
b000010101111010 S
#56656
0B
#56660
b000010101111011 3
b000011111000110 4
b00010101111011 5
b110110001001 6
1>
b110110001001 @
b000010000000110 S
#56664
b000011111000110 0
1B
b000010101111010 S
#56672
0B
#56680
b000010101111011 1
b000011111000110 2
0>
1B
b000000101110111 I
b000000101110101 P
b000010101111011 S
#56688
0B
#56696
1B
#56700
b000010101111100 3
b000011111000010 4
b00010101111100 5
b110110001010 6
1>
b110110001010 @
b000010000000110 S
#56704
0B
#56712
b000011111000010 0
1B
b000010101111011 S
#56720
0>
0B
#56728
b000010101111100 1
b000011111000010 2
1B
b000000101111000 I
b000000101110110 P
b000010101111100 S
#56736
0B
#56740
b000010101111101 3
b000011111000011 4
b00010101111101 5
b110110001011 6
1>
b110110001011 @
b000010000000110 S
#56744
b000011111000011 0
1B
b000010101111100 S
#56752
0B
#56760
b000010101111101 1
b000011111000011 2
0>
1B
b000000101111001 I
b000000101110111 P
b000010101111101 S
#56768
0B
#56776
1B
#56780
b000010101111110 3
b000011111000001 4
b00010101111110 5
b110110001100 6
1>
b110110001100 @
b000010000000110 S
#56784
0B
#56792
b000011111000001 0
1B
b000010101111101 S
#56800
0>
0B
#56808
b000010101111110 1
b000011111000001 2
1B
b000000101111010 I
b000000101111000 P
b000010101111110 S
#56816
0B
#56820
b000010101111111 3
b000011111000000 4
b00010101111111 5
b110110001101 6
1>
b110110001101 @
b000010000000110 S
#56824
b000011111000000 0
1B
b000010101111110 S
#56832
0B
#56840
b000010101111111 1
b000011111000000 2
0>
1B
b000000101111011 I
b000000101111001 P
b000010101111111 S
#56848
0B
#56856
1B
#56860
b000010110000000 3
b000011101000000 4
b00010110000000 5
b110110001110 6
1>
b110110001110 @
b000010000000110 S
#56864
0B
#56872
b000011101000000 0
1B
b000010101111111 S
#56880
0>
0B
#56888
b000010110000000 1
b000011101000000 2
1B
b000000101111100 I
b000000101111010 P
b000010110000000 S
#56896
0B
#56900
b000010110000001 3
b000011101000001 4
b00010110000001 5
b110110001111 6
1>
b110110001111 @
b000010000000110 S
#56904
b000011101000001 0
1B
b000010110000000 S
#56912
0B
#56920
b000010110000001 1
b000011101000001 2
0>
1B
b000000101111101 I
b000000101111011 P
b000010110000001 S
#56928
0B
#56936
1B
#56940
b000010110000010 3
b000011101000011 4
b00010110000010 5
b110110010000 6
1>
b110110010000 @
b000010000000110 S
#56944
0B
#56952
b000011101000011 0
1B
b000010110000001 S
#56960
0>
0B
#56968
b000010110000010 1
b000011101000011 2
1B
b000000101111110 I
b000000101111100 P
b000010110000010 S
#56976
0B
#56980
b000010110000011 3
b000011101000010 4
b00010110000011 5
b110110010001 6
1>
b110110010001 @
b000010000000110 S
#56984
b000011101000010 0
1B
b000010110000010 S
#56992
0B
#57000
b000010110000011 1
b000011101000010 2
0>
1B
b000000101111111 I
b000000101111101 P
b000010110000011 S
#57008
0B
#57016
1B
#57020
b000010110000100 3
b000011101000110 4
b00010110000100 5
b110110010010 6
1>
b110110010010 @
b000010000000110 S
#57024
0B
#57032
b000011101000110 0
1B
b000010110000011 S
#57040
0>
0B
#57048
b000010110000100 1
b000011101000110 2
1B
b000000110000000 I
b000000101111110 P
b000010110000100 S
#57056
0B
#57060
b000010110000101 3
b000011101000111 4
b00010110000101 5
b110110010011 6
1>
b110110010011 @
b000010000000110 S
#57064
b000011101000111 0
1B
b000010110000100 S
#57072
0B
#57080
b000010110000101 1
b000011101000111 2
0>
1B
b000000110000001 I
b000000101111111 P
b000010110000101 S
#57088
0B
#57096
1B
#57100
b000010110000110 3
b000011101000101 4
b00010110000110 5
b110110010100 6
1>
b110110010100 @
b000010000000110 S
#57104
0B
#57112
b000011101000101 0
1B
b000010110000101 S
#57120
0>
0B
#57128
b000010110000110 1
b000011101000101 2
1B
b000000110000010 I
b000000110000000 P
b000010110000110 S
#57136
0B
#57140
b000010110000111 3
b000011101000100 4
b00010110000111 5
b110110010101 6
1>
b110110010101 @
b000010000000110 S
#57144
b000011101000100 0
1B
b000010110000110 S
#57152
0B
#57160
b000010110000111 1
b000011101000100 2
0>
1B
b000000110000011 I
b000000110000001 P
b000010110000111 S
#57168
0B
#57176
1B
#57180
b000010110001000 3
b000011101001100 4
b00010110001000 5
b110110010110 6
1>
b110110010110 @
b000010000000110 S
#57184
0B
#57192
b000011101001100 0
1B
b000010110000111 S
#57200
0>
0B
#57208
b000010110001000 1
b000011101001100 2
1B
b000000110000100 I
b000000110000010 P
b000010110001000 S
#57216
0B
#57220
b000010110001001 3
b000011101001101 4
b00010110001001 5
b110110010111 6
1>
b110110010111 @
b000010000000110 S
#57224
b000011101001101 0
1B
b000010110001000 S
#57232
0B
#57240
b000010110001001 1
b000011101001101 2
0>
1B
b000000110000101 I
b000000110000011 P
b000010110001001 S
#57248
0B
#57256
1B
#57260
b000010110001010 3
b000011101001111 4
b00010110001010 5
b110110011000 6
1>
b110110011000 @
b000010000000110 S
#57264
0B
#57272
b000011101001111 0
1B
b000010110001001 S
#57280
0>
0B
#57288
b000010110001010 1
b000011101001111 2
1B
b000000110000110 I
b000000110000100 P
b000010110001010 S
#57296
0B
#57300
b000010110001011 3
b000011101001110 4
b00010110001011 5
b110110011001 6
1>
b110110011001 @
b000010000000110 S
#57304
b000011101001110 0
1B
b000010110001010 S
#57312
0B
#57320
b000010110001011 1
b000011101001110 2
0>
1B
b000000110000111 I
b000000110000101 P
b000010110001011 S
#57328
0B
#57336
1B
#57340
b000010110001100 3
b000011101001010 4
b00010110001100 5
b110110011010 6
1>
b110110011010 @
b000010000000110 S
#57344
0B
#57352
b000011101001010 0
1B
b000010110001011 S
#57360
0>
0B
#57368
b000010110001100 1
b000011101001010 2
1B
b000000110001000 I
b000000110000110 P
b000010110001100 S
#57376
0B
#57380
b000010110001101 3
b000011101001011 4
b00010110001101 5
b110110011011 6
1>
b110110011011 @
b000010000000110 S
#57384
b000011101001011 0
1B
b000010110001100 S
#57392
0B
#57400
b000010110001101 1
b000011101001011 2
0>
1B
b000000110001001 I
b000000110000111 P
b000010110001101 S
#57408
0B
#57416
1B
#57420
b000010110001110 3
b000011101001001 4
b00010110001110 5
b110110011100 6
1>
b110110011100 @
b000010000000110 S
#57424
0B
#57432
b000011101001001 0
1B
b000010110001101 S
#57440
0>
0B
#57448
b000010110001110 1
b000011101001001 2
1B
b000000110001010 I
b000000110001000 P
b000010110001110 S
#57456
0B
#57460
b000010110001111 3
b000011101001000 4
b00010110001111 5
b110110011101 6
1>
b110110011101 @
b000010000000110 S
#57464
b000011101001000 0
1B
b000010110001110 S
#57472
0B
#57480
b000010110001111 1
b000011101001000 2
0>
1B
b000000110001011 I
b000000110001001 P
b000010110001111 S
#57488
0B
#57496
1B
#57500
b000010110010000 3
b000011101011000 4
b00010110010000 5
b110110011110 6
1>
b110110011110 @
b000010000000110 S
#57504
0B
#57512
b000011101011000 0
1B
b000010110001111 S
#57520
0>
0B
#57528
b000010110010000 1
b000011101011000 2
1B
b000000110001100 I
b000000110001010 P
b000010110010000 S
#57536
0B
#57540
b000010110010001 3
b000011101011001 4
b00010110010001 5
b110110011111 6
1>
b110110011111 @
b000010000000110 S
#57544
b000011101011001 0
1B
b000010110010000 S
#57552
0B
#57560
b000010110010001 1
b000011101011001 2
0>
1B
b000000110001101 I
b000000110001011 P
b000010110010001 S
#57568
0B
#57576
1B
#57580
b000010110010010 3
b000011101011011 4
b00010110010010 5
b110110100000 6
1>
b110110100000 @
b000010000000110 S
#57584
0B
#57592
b000011101011011 0
1B
b000010110010001 S
#57600
0>
0B
#57608
b000010110010010 1
b000011101011011 2
1B
b000000110001110 I
b000000110001100 P
b000010110010010 S
#57616
0B
#57620
b000010110010011 3
b000011101011010 4
b00010110010011 5
b110110100001 6
1>
b110110100001 @
b000010000000110 S
#57624
b000011101011010 0
1B
b000010110010010 S
#57632
0B
#57640
b000010110010011 1
b000011101011010 2
0>
1B
b000000110001111 I
b000000110001101 P
b000010110010011 S
#57648
0B
#57656
1B
#57660
b000010110010100 3
b000011101011110 4
b00010110010100 5
b110110100010 6
1>
b110110100010 @
b000010000000110 S
#57664
0B
#57672
b000011101011110 0
1B
b000010110010011 S
#57680
0>
0B
#57688
b000010110010100 1
b000011101011110 2
1B
b000000110010000 I
b000000110001110 P
b000010110010100 S
#57696
0B
#57700
b000010110010101 3
b000011101011111 4
b00010110010101 5
b110110100011 6
1>
b110110100011 @
b000010000000110 S
#57704
b000011101011111 0
1B
b000010110010100 S
#57712
0B
#57720
b000010110010101 1
b000011101011111 2
0>
1B
b000000110010001 I
b000000110001111 P
b000010110010101 S
#57728
0B
#57736
1B
#57740
b000010110010110 3
b000011101011101 4
b00010110010110 5
b110110100100 6
1>
b110110100100 @
b000010000000110 S
#57744
0B
#57752
b000011101011101 0
1B
b000010110010101 S
#57760
0>
0B
#57768
b000010110010110 1
b000011101011101 2
1B
b000000110010010 I
b000000110010000 P
b000010110010110 S
#57776
0B
#57780
b000010110010111 3
b000011101011100 4
b00010110010111 5
b110110100101 6
1>
b110110100101 @
b000010000000110 S
#57784
b000011101011100 0
1B
b000010110010110 S
#57792
0B
#57800
b000010110010111 1
b000011101011100 2
0>
1B
b000000110010011 I
b000000110010001 P
b000010110010111 S
#57808
0B
#57816
1B
#57820
b000010110011000 3
b000011101010100 4
b00010110011000 5
b110110100110 6
1>
b110110100110 @
b000010000000110 S
#57824
0B
#57832
b000011101010100 0
1B
b000010110010111 S
#57840
0>
0B
#57848
b000010110011000 1
b000011101010100 2
1B
b000000110010100 I
b000000110010010 P
b000010110011000 S
#57856
0B
#57860
b000010110011001 3
b000011101010101 4
b00010110011001 5
b110110100111 6
1>
b110110100111 @
b000010000000110 S
#57864
b000011101010101 0
1B
b000010110011000 S
#57872
0B
#57880
b000010110011001 1
b000011101010101 2
0>
1B
b000000110010101 I
b000000110010011 P
b000010110011001 S
#57888
0B
#57896
1B
#57900
b000010110011010 3
b000011101010111 4
b00010110011010 5
b110110101000 6
1>
b110110101000 @
b000010000000110 S
#57904
0B
#57912
b000011101010111 0
1B
b000010110011001 S
#57920
0>
0B
#57928
b000010110011010 1
b000011101010111 2
1B
b000000110010110 I
b000000110010100 P
b000010110011010 S
#57936
0B
#57940
b000010110011011 3
b000011101010110 4
b00010110011011 5
b110110101001 6
1>
b110110101001 @
b000010000000110 S
#57944
b000011101010110 0
1B
b000010110011010 S
#57952
0B
#57960
b000010110011011 1
b000011101010110 2
0>
1B
b000000110010111 I
b000000110010101 P
b000010110011011 S
#57968
0B
#57976
1B
#57980
b000010110011100 3
b000011101010010 4
b00010110011100 5
b110110101010 6
1>
b110110101010 @
b000010000000110 S
#57984
0B
#57992
b000011101010010 0
1B
b000010110011011 S
#58000
0>
0B
#58008
b000010110011100 1
b000011101010010 2
1B
b000000110011000 I
b000000110010110 P
b000010110011100 S
#58016
0B
#58020
b000010110011101 3
b000011101010011 4
b00010110011101 5
b110110101011 6
1>
b110110101011 @
b000010000000110 S
#58024
b000011101010011 0
1B
b000010110011100 S
#58032
0B
#58040
b000010110011101 1
b000011101010011 2
0>
1B
b000000110011001 I
b000000110010111 P
b000010110011101 S
#58048
0B
#58056
1B
#58060
b000010110011110 3
b000011101010001 4
b00010110011110 5
b110110101100 6
1>
b110110101100 @
b000010000000110 S
#58064
0B
#58072
b000011101010001 0
1B
b000010110011101 S
#58080
0>
0B
#58088
b000010110011110 1
b000011101010001 2
1B
b000000110011010 I
b000000110011000 P
b000010110011110 S
#58096
0B
#58100
b000010110011111 3
b000011101010000 4
b00010110011111 5
b110110101101 6
1>
b110110101101 @
b000010000000110 S
#58104
b000011101010000 0
1B
b000010110011110 S
#58112
0B
#58120
b000010110011111 1
b000011101010000 2
0>
1B
b000000110011011 I
b000000110011001 P
b000010110011111 S
#58128
0B
#58136
1B
#58140
b000010110100000 3
b000011101110000 4
b00010110100000 5
b110110101110 6
1>
b110110101110 @
b000010000000110 S
#58144
0B
#58152
b000011101110000 0
1B
b000010110011111 S
#58160
0>
0B
#58168
b000010110100000 1
b000011101110000 2
1B
b000000110011100 I
b000000110011010 P
b000010110100000 S
#58176
0B
#58180
b000010110100001 3
b000011101110001 4
b00010110100001 5
b110110101111 6
1>
b110110101111 @
b000010000000110 S
#58184
b000011101110001 0
1B
b000010110100000 S
#58192
0B
#58200
b000010110100001 1
b000011101110001 2
0>
1B
b000000110011101 I
b000000110011011 P
b000010110100001 S
#58208
0B
#58216
1B
#58220
b000010110100010 3
b000011101110011 4
b00010110100010 5
b110110110000 6
1>
b110110110000 @
b000010000000110 S
#58224
0B
#58232
b000011101110011 0
1B
b000010110100001 S
#58240
0>
0B
#58248
b000010110100010 1
b000011101110011 2
1B
b000000110011110 I
b000000110011100 P
b000010110100010 S
#58256
0B
#58260
b000010110100011 3
b000011101110010 4
b00010110100011 5
b110110110001 6
1>
b110110110001 @
b000010000000110 S
#58264
b000011101110010 0
1B
b000010110100010 S
#58272
0B
#58280
b000010110100011 1
b000011101110010 2
0>
1B
b000000110011111 I
b000000110011101 P
b000010110100011 S
#58288
0B
#58296
1B
#58300
b000010110100100 3
b000011101110110 4
b00010110100100 5
b110110110010 6
1>
b110110110010 @
b000010000000110 S
#58304
0B
#58312
b000011101110110 0
1B
b000010110100011 S
#58320
0>
0B
#58328
b000010110100100 1
b000011101110110 2
1B
b000000110100000 I
b000000110011110 P
b000010110100100 S
#58336
0B
#58340
b000010110100101 3
b000011101110111 4
b00010110100101 5
b110110110011 6
1>
b110110110011 @
b000010000000110 S
#58344
b000011101110111 0
1B
b000010110100100 S
#58352
0B
#58360
b000010110100101 1
b000011101110111 2
0>
1B
b000000110100001 I
b000000110011111 P
b000010110100101 S
#58368
0B
#58376
1B
#58380
b000010110100110 3
b000011101110101 4
b00010110100110 5
b110110110100 6
1>
b110110110100 @
b000010000000110 S
#58384
0B
#58392
b000011101110101 0
1B
b000010110100101 S
#58400
0>
0B
#58408
b000010110100110 1
b000011101110101 2
1B
b000000110100010 I
b000000110100000 P
b000010110100110 S
#58416
0B
#58420
b000010110100111 3
b000011101110100 4
b00010110100111 5
b110110110101 6
1>
b110110110101 @
b000010000000110 S
#58424
b000011101110100 0
1B
b000010110100110 S
#58432
0B
#58440
b000010110100111 1
b000011101110100 2
0>
1B
b000000110100011 I
b000000110100001 P
b000010110100111 S
#58448
0B
#58456
1B
#58460
b000010110101000 3
b000011101111100 4
b00010110101000 5
b110110110110 6
1>
b110110110110 @
b000010000000110 S
#58464
0B
#58472
b000011101111100 0
1B
b000010110100111 S
#58480
0>
0B
#58488
b000010110101000 1
b000011101111100 2
1B
b000000110100100 I
b000000110100010 P
b000010110101000 S
#58496
0B
#58500
b000010110101001 3
b000011101111101 4
b00010110101001 5
b110110110111 6
1>
b110110110111 @
b000010000000110 S
#58504
b000011101111101 0
1B
b000010110101000 S
#58512
0B
#58520
b000010110101001 1
b000011101111101 2
0>
1B
b000000110100101 I
b000000110100011 P
b000010110101001 S
#58528
0B
#58536
1B
#58540
b000010110101010 3
b000011101111111 4
b00010110101010 5
b110110111000 6
1>
b110110111000 @
b000010000000110 S
#58544
0B
#58552
b000011101111111 0
1B
b000010110101001 S
#58560
0>
0B
#58568
b000010110101010 1
b000011101111111 2
1B
b000000110100110 I
b000000110100100 P
b000010110101010 S
#58576
0B
#58580
b000010110101011 3
b000011101111110 4
b00010110101011 5
b110110111001 6
1>
b110110111001 @
b000010000000110 S
#58584
b000011101111110 0
1B
b000010110101010 S
#58592
0B
#58600
b000010110101011 1
b000011101111110 2
0>
1B
b000000110100111 I
b000000110100101 P
b000010110101011 S
#58608
0B
#58616
1B
#58620
b000010110101100 3
b000011101111010 4
b00010110101100 5
b110110111010 6
1>
b110110111010 @
b000010000000110 S
#58624
0B
#58632
b000011101111010 0
1B
b000010110101011 S
#58640
0>
0B
#58648
b000010110101100 1
b000011101111010 2
1B
b000000110101000 I
b000000110100110 P
b000010110101100 S
#58656
0B
#58660
b000010110101101 3
b000011101111011 4
b00010110101101 5
b110110111011 6
1>
b110110111011 @
b000010000000110 S
#58664
b000011101111011 0
1B
b000010110101100 S
#58672
0B
#58680
b000010110101101 1
b000011101111011 2
0>
1B
b000000110101001 I
b000000110100111 P
b000010110101101 S
#58688
0B
#58696
1B
#58700
b000010110101110 3
b000011101111001 4
b00010110101110 5
b110110111100 6
1>
b110110111100 @
b000010000000110 S
#58704
0B
#58712
b000011101111001 0
1B
b000010110101101 S
#58720
0>
0B
#58728
b000010110101110 1
b000011101111001 2
1B
b000000110101010 I
b000000110101000 P
b000010110101110 S
#58736
0B
#58740
b000010110101111 3
b000011101111000 4
b00010110101111 5
b110110111101 6
1>
b110110111101 @
b000010000000110 S
#58744
b000011101111000 0
1B
b000010110101110 S
#58752
0B
#58760
b000010110101111 1
b000011101111000 2
0>
1B
b000000110101011 I
b000000110101001 P
b000010110101111 S
#58768
0B
#58776
1B
#58780
b000010110110000 3
b000011101101000 4
b00010110110000 5
b110110111110 6
1>
b110110111110 @
b000010000000110 S
#58784
0B
#58792
b000011101101000 0
1B
b000010110101111 S
#58800
0>
0B
#58808
b000010110110000 1
b000011101101000 2
1B
b000000110101100 I
b000000110101010 P
b000010110110000 S
#58816
0B
#58820
b000010110110001 3
b000011101101001 4
b00010110110001 5
b110110111111 6
1>
b110110111111 @
b000010000000110 S
#58824
b000011101101001 0
1B
b000010110110000 S
#58832
0B
#58840
b000010110110001 1
b000011101101001 2
0>
1B
b000000110101101 I
b000000110101011 P
b000010110110001 S
#58848
0B
#58856
1B
#58860
b000010110110010 3
b000011101101011 4
b00010110110010 5
b110111000000 6
1>
b110111000000 @
b000010000000110 S
#58864
0B
#58872
b000011101101011 0
1B
b000010110110001 S
#58880
0>
0B
#58888
b000010110110010 1
b000011101101011 2
1B
b000000110101110 I
b000000110101100 P
b000010110110010 S
#58896
0B
#58900
b000010110110011 3
b000011101101010 4
b00010110110011 5
b110111000001 6
1>
b110111000001 @
b000010000000110 S
#58904
b000011101101010 0
1B
b000010110110010 S
#58912
0B
#58920
b000010110110011 1
b000011101101010 2
0>
1B
b000000110101111 I
b000000110101101 P
b000010110110011 S
#58928
0B
#58936
1B
#58940
b000010110110100 3
b000011101101110 4
b00010110110100 5
b110111000010 6
1>
b110111000010 @
b000010000000110 S
#58944
0B
#58952
b000011101101110 0
1B
b000010110110011 S
#58960
0>
0B
#58968
b000010110110100 1
b000011101101110 2
1B
b000000110110000 I
b000000110101110 P
b000010110110100 S
#58976
0B
#58980
b000010110110101 3
b000011101101111 4
b00010110110101 5
b110111000011 6
1>
b110111000011 @
b000010000000110 S
#58984
b000011101101111 0
1B
b000010110110100 S
#58992
0B
#59000
b000010110110101 1
b000011101101111 2
0>
1B
b000000110110001 I
b000000110101111 P
b000010110110101 S
#59008
0B
#59016
1B
#59020
b000010110110110 3
b000011101101101 4
b00010110110110 5
b110111000100 6
1>
b110111000100 @
b000010000000110 S
#59024
0B
#59032
b000011101101101 0
1B
b000010110110101 S
#59040
0>
0B
#59048
b000010110110110 1
b000011101101101 2
1B
b000000110110010 I
b000000110110000 P
b000010110110110 S
#59056
0B
#59060
b000010110110111 3
b000011101101100 4
b00010110110111 5
b110111000101 6
1>
b110111000101 @
b000010000000110 S
#59064
b000011101101100 0
1B
b000010110110110 S
#59072
0B
#59080
b000010110110111 1
b000011101101100 2
0>
1B
b000000110110011 I
b000000110110001 P
b000010110110111 S
#59088
0B
#59096
1B
#59100
b000010110111000 3
b000011101100100 4
b00010110111000 5
b110111000110 6
1>
b110111000110 @
b000010000000110 S
#59104
0B
#59112
b000011101100100 0
1B
b000010110110111 S
#59120
0>
0B
#59128
b000010110111000 1
b000011101100100 2
1B
b000000110110100 I
b000000110110010 P
b000010110111000 S
#59136
0B
#59140
b000010110111001 3
b000011101100101 4
b00010110111001 5
b110111000111 6
1>
b110111000111 @
b000010000000110 S
#59144
b000011101100101 0
1B
b000010110111000 S
#59152
0B
#59160
b000010110111001 1
b000011101100101 2
0>
1B
b000000110110101 I
b000000110110011 P
b000010110111001 S
#59168
0B
#59176
1B
#59180
b000010110111010 3
b000011101100111 4
b00010110111010 5
b110111001000 6
1>
b110111001000 @
b000010000000110 S
#59184
0B
#59192
b000011101100111 0
1B
b000010110111001 S
#59200
0>
0B
#59208
b000010110111010 1
b000011101100111 2
1B
b000000110110110 I
b000000110110100 P
b000010110111010 S
#59216
0B
#59220
b000010110111011 3
b000011101100110 4
b00010110111011 5
b110111001001 6
1>
b110111001001 @
b000010000000110 S
#59224
b000011101100110 0
1B
b000010110111010 S
#59232
0B
#59240
b000010110111011 1
b000011101100110 2
0>
1B
b000000110110111 I
b000000110110101 P
b000010110111011 S
#59248
0B
#59256
1B
#59260
b000010110111100 3
b000011101100010 4
b00010110111100 5
b110111001010 6
1>
b110111001010 @
b000010000000110 S
#59264
0B
#59272
b000011101100010 0
1B
b000010110111011 S
#59280
0>
0B
#59288
b000010110111100 1
b000011101100010 2
1B
b000000110111000 I
b000000110110110 P
b000010110111100 S
#59296
0B
#59300
b000010110111101 3
b000011101100011 4
b00010110111101 5
b110111001011 6
1>
b110111001011 @
b000010000000110 S
#59304
b000011101100011 0
1B
b000010110111100 S
#59312
0B
#59320
b000010110111101 1
b000011101100011 2
0>
1B
b000000110111001 I
b000000110110111 P
b000010110111101 S
#59328
0B
#59336
1B
#59340
b000010110111110 3
b000011101100001 4
b00010110111110 5
b110111001100 6
1>
b110111001100 @
b000010000000110 S
#59344
0B
#59352
b000011101100001 0
1B
b000010110111101 S
#59360
0>
0B
#59368
b000010110111110 1
b000011101100001 2
1B
b000000110111010 I
b000000110111000 P
b000010110111110 S
#59376
0B
#59380
b000010110111111 3
b000011101100000 4
b00010110111111 5
b110111001101 6
1>
b110111001101 @
b000010000000110 S
#59384
b000011101100000 0
1B
b000010110111110 S
#59392
0B
#59400
b000010110111111 1
b000011101100000 2
0>
1B
b000000110111011 I
b000000110111001 P
b000010110111111 S
#59408
0B
#59416
1B
#59420
b000010111000000 3
b000011100100000 4
b00010111000000 5
b110111001110 6
1>
b110111001110 @
b000010000000110 S
#59424
0B
#59432
b000011100100000 0
1B
b000010110111111 S
#59440
0>
0B
#59448
b000010111000000 1
b000011100100000 2
1B
b000000110111100 I
b000000110111010 P
b000010111000000 S
#59456
0B
#59460
b000010111000001 3
b000011100100001 4
b00010111000001 5
b110111001111 6
1>
b110111001111 @
b000010000000110 S
#59464
b000011100100001 0
1B
b000010111000000 S
#59472
0B
#59480
b000010111000001 1
b000011100100001 2
0>
1B
b000000110111101 I
b000000110111011 P
b000010111000001 S
#59488
0B
#59496
1B
#59500
b000010111000010 3
b000011100100011 4
b00010111000010 5
b110111010000 6
1>
b110111010000 @
b000010000000110 S
#59504
0B
#59512
b000011100100011 0
1B
b000010111000001 S
#59520
0>
0B
#59528
b000010111000010 1
b000011100100011 2
1B
b000000110111110 I
b000000110111100 P
b000010111000010 S
#59536
0B
#59540
b000010111000011 3
b000011100100010 4
b00010111000011 5
b110111010001 6
1>
b110111010001 @
b000010000000110 S
#59544
b000011100100010 0
1B
b000010111000010 S
#59552
0B
#59560
b000010111000011 1
b000011100100010 2
0>
1B
b000000110111111 I
b000000110111101 P
b000010111000011 S
#59568
0B
#59576
1B
#59580
b000010111000100 3
b000011100100110 4
b00010111000100 5
b110111010010 6
1>
b110111010010 @
b000010000000110 S
#59584
0B
#59592
b000011100100110 0
1B
b000010111000011 S
#59600
0>
0B
#59608
b000010111000100 1
b000011100100110 2
1B
b000000111000000 I
b000000110111110 P
b000010111000100 S
#59616
0B
#59620
b000010111000101 3
b000011100100111 4
b00010111000101 5
b110111010011 6
1>
b110111010011 @
b000010000000110 S
#59624
b000011100100111 0
1B
b000010111000100 S
#59632
0B
#59640
b000010111000101 1
b000011100100111 2
0>
1B
b000000111000001 I
b000000110111111 P
b000010111000101 S
#59648
0B
#59656
1B
#59660
b000010111000110 3
b000011100100101 4
b00010111000110 5
b110111010100 6
1>
b110111010100 @
b000010000000110 S
#59664
0B
#59672
b000011100100101 0
1B
b000010111000101 S
#59680
0>
0B
#59688
b000010111000110 1
b000011100100101 2
1B
b000000111000010 I
b000000111000000 P
b000010111000110 S
#59696
0B
#59700
b000010111000111 3
b000011100100100 4
b00010111000111 5
b110111010101 6
1>
b110111010101 @
b000010000000110 S
#59704
b000011100100100 0
1B
b000010111000110 S
#59712
0B
#59720
b000010111000111 1
b000011100100100 2
0>
1B
b000000111000011 I
b000000111000001 P
b000010111000111 S
#59728
0B
#59736
1B
#59740
b000010111001000 3
b000011100101100 4
b00010111001000 5
b110111010110 6
1>
b110111010110 @
b000010000000110 S
#59744
0B
#59752
b000011100101100 0
1B
b000010111000111 S
#59760
0>
0B
#59768
b000010111001000 1
b000011100101100 2
1B
b000000111000100 I
b000000111000010 P
b000010111001000 S
#59776
0B
#59780
b000010111001001 3
b000011100101101 4
b00010111001001 5
b110111010111 6
1>
b110111010111 @
b000010000000110 S
#59784
b000011100101101 0
1B
b000010111001000 S
#59792
0B
#59800
b000010111001001 1
b000011100101101 2
0>
1B
b000000111000101 I
b000000111000011 P
b000010111001001 S
#59808
0B
#59816
1B
#59820
b000010111001010 3
b000011100101111 4
b00010111001010 5
b110111011000 6
1>
b110111011000 @
b000010000000110 S
#59824
0B
#59832
b000011100101111 0
1B
b000010111001001 S
#59840
0>
0B
#59848
b000010111001010 1
b000011100101111 2
1B
b000000111000110 I
b000000111000100 P
b000010111001010 S
#59856
0B
#59860
b000010111001011 3
b000011100101110 4
b00010111001011 5
b110111011001 6
1>
b110111011001 @
b000010000000110 S
#59864
b000011100101110 0
1B
b000010111001010 S
#59872
0B
#59880
b000010111001011 1
b000011100101110 2
0>
1B
b000000111000111 I
b000000111000101 P
b000010111001011 S
#59888
0B
#59896
1B
#59900
b000010111001100 3
b000011100101010 4
b00010111001100 5
b110111011010 6
1>
b110111011010 @
b000010000000110 S
#59904
0B
#59912
b000011100101010 0
1B
b000010111001011 S
#59920
0>
0B
#59928
b000010111001100 1
b000011100101010 2
1B
b000000111001000 I
b000000111000110 P
b000010111001100 S
#59936
0B
#59940
b000010111001101 3
b000011100101011 4
b00010111001101 5
b110111011011 6
1>
b110111011011 @
b000010000000110 S
#59944
b000011100101011 0
1B
b000010111001100 S
#59952
0B
#59960
b000010111001101 1
b000011100101011 2
0>
1B
b000000111001001 I
b000000111000111 P
b000010111001101 S
#59968
0B
#59976
1B
#59980
b000010111001110 3
b000011100101001 4
b00010111001110 5
b110111011100 6
1>
b110111011100 @
b000010000000110 S
#59984
0B
#59992
b000011100101001 0
1B
b000010111001101 S
#60000
0>
0B
#60008
b000010111001110 1
b000011100101001 2
1B
b000000111001010 I
b000000111001000 P
b000010111001110 S
#60016
0B
#60020
b000010111001111 3
b000011100101000 4
b00010111001111 5
b110111011101 6
1>
b110111011101 @
b000010000000110 S
#60024
b000011100101000 0
1B
b000010111001110 S
#60032
0B
#60040
b000010111001111 1
b000011100101000 2
0>
1B
b000000111001011 I
b000000111001001 P
b000010111001111 S
#60048
0B
#60056
1B
#60060
b000010111010000 3
b000011100111000 4
b00010111010000 5
b110111011110 6
1>
b110111011110 @
b000010000000110 S
#60064
0B
#60072
b000011100111000 0
1B
b000010111001111 S
#60080
0>
0B
#60088
b000010111010000 1
b000011100111000 2
1B
b000000111001100 I
b000000111001010 P
b000010111010000 S
#60096
0B
#60100
b000010111010001 3
b000011100111001 4
b00010111010001 5
b110111011111 6
1>
b110111011111 @
b000010000000110 S
#60104
b000011100111001 0
1B
b000010111010000 S
#60112
0B
#60120
b000010111010001 1
b000011100111001 2
0>
1B
b000000111001101 I
b000000111001011 P
b000010111010001 S
#60128
0B
#60136
1B
#60140
b000010111010010 3
b000011100111011 4
b00010111010010 5
b110111100000 6
1>
b110111100000 @
b000010000000110 S
#60144
0B
#60152
b000011100111011 0
1B
b000010111010001 S
#60160
0>
0B
#60168
b000010111010010 1
b000011100111011 2
1B
b000000111001110 I
b000000111001100 P
b000010111010010 S
#60176
0B
#60180
b000010111010011 3
b000011100111010 4
b00010111010011 5
b110111100001 6
1>
b110111100001 @
b000010000000110 S
#60184
b000011100111010 0
1B
b000010111010010 S
#60192
0B
#60200
b000010111010011 1
b000011100111010 2
0>
1B
b000000111001111 I
b000000111001101 P
b000010111010011 S
#60208
0B
#60216
1B
#60220
b000010111010100 3
b000011100111110 4
b00010111010100 5
b110111100010 6
1>
b110111100010 @
b000010000000110 S
#60224
0B
#60232
b000011100111110 0
1B
b000010111010011 S
#60240
0>
0B
#60248
b000010111010100 1
b000011100111110 2
1B
b000000111010000 I
b000000111001110 P
b000010111010100 S
#60256
0B
#60260
b000010111010101 3
b000011100111111 4
b00010111010101 5
b110111100011 6
1>
b110111100011 @
b000010000000110 S
#60264
b000011100111111 0
1B
b000010111010100 S
#60272
0B
#60280
b000010111010101 1
b000011100111111 2
0>
1B
b000000111010001 I
b000000111001111 P
b000010111010101 S
#60288
0B
#60296
1B
#60300
b000010111010110 3
b000011100111101 4
b00010111010110 5
b110111100100 6
1>
b110111100100 @
b000010000000110 S
#60304
0B
#60312
b000011100111101 0
1B
b000010111010101 S
#60320
0>
0B
#60328
b000010111010110 1
b000011100111101 2
1B
b000000111010010 I
b000000111010000 P
b000010111010110 S
#60336
0B
#60340
b000010111010111 3
b000011100111100 4
b00010111010111 5
b110111100101 6
1>
b110111100101 @
b000010000000110 S
#60344
b000011100111100 0
1B
b000010111010110 S
#60352
0B
#60360
b000010111010111 1
b000011100111100 2
0>
1B
b000000111010011 I
b000000111010001 P
b000010111010111 S
#60368
0B
#60376
1B
#60380
b000010111011000 3
b000011100110100 4
b00010111011000 5
b110111100110 6
1>
b110111100110 @
b000010000000110 S
#60384
0B
#60392
b000011100110100 0
1B
b000010111010111 S
#60400
0>
0B
#60408
b000010111011000 1
b000011100110100 2
1B
b000000111010100 I
b000000111010010 P
b000010111011000 S
#60416
0B
#60420
b000010111011001 3
b000011100110101 4
b00010111011001 5
b110111100111 6
1>
b110111100111 @
b000010000000110 S
#60424
b000011100110101 0
1B
b000010111011000 S
#60432
0B
#60440
b000010111011001 1
b000011100110101 2
0>
1B
b000000111010101 I
b000000111010011 P
b000010111011001 S
#60448
0B
#60456
1B
#60460
b000010111011010 3
b000011100110111 4
b00010111011010 5
b110111101000 6
1>
b110111101000 @
b000010000000110 S
#60464
0B
#60472
b000011100110111 0
1B
b000010111011001 S
#60480
0>
0B
#60488
b000010111011010 1
b000011100110111 2
1B
b000000111010110 I
b000000111010100 P
b000010111011010 S
#60496
0B
#60500
b000010111011011 3
b000011100110110 4
b00010111011011 5
b110111101001 6
1>
b110111101001 @
b000010000000110 S
#60504
b000011100110110 0
1B
b000010111011010 S
#60512
0B
#60520
b000010111011011 1
b000011100110110 2
0>
1B
b000000111010111 I
b000000111010101 P
b000010111011011 S
#60528
0B
#60536
1B
#60540
b000010111011100 3
b000011100110010 4
b00010111011100 5
b110111101010 6
1>
b110111101010 @
b000010000000110 S
#60544
0B
#60552
b000011100110010 0
1B
b000010111011011 S
#60560
0>
0B
#60568
b000010111011100 1
b000011100110010 2
1B
b000000111011000 I
b000000111010110 P
b000010111011100 S
#60576
0B
#60580
b000010111011101 3
b000011100110011 4
b00010111011101 5
b110111101011 6
1>
b110111101011 @
b000010000000110 S
#60584
b000011100110011 0
1B
b000010111011100 S
#60592
0B
#60600
b000010111011101 1
b000011100110011 2
0>
1B
b000000111011001 I
b000000111010111 P
b000010111011101 S
#60608
0B
#60616
1B
#60620
b000010111011110 3
b000011100110001 4
b00010111011110 5
b110111101100 6
1>
b110111101100 @
b000010000000110 S
#60624
0B
#60632
b000011100110001 0
1B
b000010111011101 S
#60640
0>
0B
#60648
b000010111011110 1
b000011100110001 2
1B
b000000111011010 I
b000000111011000 P
b000010111011110 S
#60656
0B
#60660
b000010111011111 3
b000011100110000 4
b00010111011111 5
b110111101101 6
1>
b110111101101 @
b000010000000110 S
#60664
b000011100110000 0
1B
b000010111011110 S
#60672
0B
#60680
b000010111011111 1
b000011100110000 2
0>
1B
b000000111011011 I
b000000111011001 P
b000010111011111 S
#60688
0B
#60696
1B
#60700
b000010111100000 3
b000011100010000 4
b00010111100000 5
b110111101110 6
1>
b110111101110 @
b000010000000110 S
#60704
0B
#60712
b000011100010000 0
1B
b000010111011111 S
#60720
0>
0B
#60728
b000010111100000 1
b000011100010000 2
1B
b000000111011100 I
b000000111011010 P
b000010111100000 S
#60736
0B
#60740
b000010111100001 3
b000011100010001 4
b00010111100001 5
b110111101111 6
1>
b110111101111 @
b000010000000110 S
#60744
b000011100010001 0
1B
b000010111100000 S
#60752
0B
#60760
b000010111100001 1
b000011100010001 2
0>
1B
b000000111011101 I
b000000111011011 P
b000010111100001 S
#60768
0B
#60776
1B
#60780
b000010111100010 3
b000011100010011 4
b00010111100010 5
b110111110000 6
1>
b110111110000 @
b000010000000110 S
#60784
0B
#60792
b000011100010011 0
1B
b000010111100001 S
#60800
0>
0B
#60808
b000010111100010 1
b000011100010011 2
1B
b000000111011110 I
b000000111011100 P
b000010111100010 S
#60816
0B
#60820
b000010111100011 3
b000011100010010 4
b00010111100011 5
b110111110001 6
1>
b110111110001 @
b000010000000110 S
#60824
b000011100010010 0
1B
b000010111100010 S
#60832
0B
#60840
b000010111100011 1
b000011100010010 2
0>
1B
b000000111011111 I
b000000111011101 P
b000010111100011 S
#60848
0B
#60856
1B
#60860
b000010111100100 3
b000011100010110 4
b00010111100100 5
b110111110010 6
1>
b110111110010 @
b000010000000110 S
#60864
0B
#60872
b000011100010110 0
1B
b000010111100011 S
#60880
0>
0B
#60888
b000010111100100 1
b000011100010110 2
1B
b000000111100000 I
b000000111011110 P
b000010111100100 S
#60896
0B
#60900
b000010111100101 3
b000011100010111 4
b00010111100101 5
b110111110011 6
1>
b110111110011 @
b000010000000110 S
#60904
b000011100010111 0
1B
b000010111100100 S
#60912
0B
#60920
b000010111100101 1
b000011100010111 2
0>
1B
b000000111100001 I
b000000111011111 P
b000010111100101 S
#60928
0B
#60936
1B
#60940
b000010111100110 3
b000011100010101 4
b00010111100110 5
b110111110100 6
1>
b110111110100 @
b000010000000110 S
#60944
0B
#60952
b000011100010101 0
1B
b000010111100101 S
#60960
0>
0B
#60968
b000010111100110 1
b000011100010101 2
1B
b000000111100010 I
b000000111100000 P
b000010111100110 S
#60976
0B
#60980
b000010111100111 3
b000011100010100 4
b00010111100111 5
b110111110101 6
1>
b110111110101 @
b000010000000110 S
#60984
b000011100010100 0
1B
b000010111100110 S
#60992
0B
#61000
b000010111100111 1
b000011100010100 2
0>
1B
b000000111100011 I
b000000111100001 P
b000010111100111 S
#61008
0B
#61016
1B
#61020
b000010111101000 3
b000011100011100 4
b00010111101000 5
b110111110110 6
1>
b110111110110 @
b000010000000110 S
#61024
0B
#61032
b000011100011100 0
1B
b000010111100111 S
#61040
0>
0B
#61048
b000010111101000 1
b000011100011100 2
1B
b000000111100100 I
b000000111100010 P
b000010111101000 S
#61056
0B
#61060
b000010111101001 3
b000011100011101 4
b00010111101001 5
b110111110111 6
1>
b110111110111 @
b000010000000110 S
#61064
b000011100011101 0
1B
b000010111101000 S
#61072
0B
#61080
b000010111101001 1
b000011100011101 2
0>
1B
b000000111100101 I
b000000111100011 P
b000010111101001 S
#61088
0B
#61096
1B
#61100
b000010111101010 3
b000011100011111 4
b00010111101010 5
b110111111000 6
1>
b110111111000 @
b000010000000110 S
#61104
0B
#61112
b000011100011111 0
1B
b000010111101001 S
#61120
0>
0B
#61128
b000010111101010 1
b000011100011111 2
1B
b000000111100110 I
b000000111100100 P
b000010111101010 S
#61136
0B
#61140
b000010111101011 3
b000011100011110 4
b00010111101011 5
b110111111001 6
1>
b110111111001 @
b000010000000110 S
#61144
b000011100011110 0
1B
b000010111101010 S
#61152
0B
#61160
b000010111101011 1
b000011100011110 2
0>
1B
b000000111100111 I
b000000111100101 P
b000010111101011 S
#61168
0B
#61176
1B
#61180
b000010111101100 3
b000011100011010 4
b00010111101100 5
b110111111010 6
1>
b110111111010 @
b000010000000110 S
#61184
0B
#61192
b000011100011010 0
1B
b000010111101011 S
#61200
0>
0B
#61208
b000010111101100 1
b000011100011010 2
1B
b000000111101000 I
b000000111100110 P
b000010111101100 S
#61216
0B
#61220
b000010111101101 3
b000011100011011 4
b00010111101101 5
b110111111011 6
1>
b110111111011 @
b000010000000110 S
#61224
b000011100011011 0
1B
b000010111101100 S
#61232
0B
#61240
b000010111101101 1
b000011100011011 2
0>
1B
b000000111101001 I
b000000111100111 P
b000010111101101 S
#61248
0B
#61256
1B
#61260
b000010111101110 3
b000011100011001 4
b00010111101110 5
b110111111100 6
1>
b110111111100 @
b000010000000110 S
#61264
0B
#61272
b000011100011001 0
1B
b000010111101101 S
#61280
0>
0B
#61288
b000010111101110 1
b000011100011001 2
1B
b000000111101010 I
b000000111101000 P
b000010111101110 S
#61296
0B
#61300
b000010111101111 3
b000011100011000 4
b00010111101111 5
b110111111101 6
1>
b110111111101 @
b000010000000110 S
#61304
b000011100011000 0
1B
b000010111101110 S
#61312
0B
#61320
b000010111101111 1
b000011100011000 2
0>
1B
b000000111101011 I
b000000111101001 P
b000010111101111 S
#61328
0B
#61336
1B
#61340
b000010111110000 3
b000011100001000 4
b00010111110000 5
b110111111110 6
1>
b110111111110 @
b000010000000110 S
#61344
0B
#61352
b000011100001000 0
1B
b000010111101111 S
#61360
0>
0B
#61368
b000010111110000 1
b000011100001000 2
1B
b000000111101100 I
b000000111101010 P
b000010111110000 S
#61376
0B
#61380
b000010111110001 3
b000011100001001 4
b00010111110001 5
b110111111111 6
1>
b110111111111 @
b000010000000110 S
#61384
b000011100001001 0
1B
b000010111110000 S
#61392
0B
#61400
b000010111110001 1
b000011100001001 2
0>
1B
b000000111101101 I
b000000111101011 P
b000010111110001 S
#61408
0B
#61416
1B
#61420
b000010111110010 3
b000011100001011 4
b00010111110010 5
b111000000000 6
1>
b111000000000 @
b000010000000110 S
#61424
0B
#61432
b000011100001011 0
1B
b000010111110001 S
#61440
0>
0B
#61448
b000010111110010 1
b000011100001011 2
1B
b000000111101110 I
b000000111101100 P
b000010111110010 S
#61456
0B
#61460
b000010111110011 3
b000011100001010 4
b00010111110011 5
b111000000001 6
1>
b111000000001 @
b000010000000110 S
#61464
b000011100001010 0
1B
b000010111110010 S
#61472
0B
#61480
b000010111110011 1
b000011100001010 2
0>
1B
b000000111101111 I
b000000111101101 P
b000010111110011 S
#61488
0B
#61496
1B
#61500
b000010111110100 3
b000011100001110 4
b00010111110100 5
b111000000010 6
1>
b111000000010 @
b000010000000110 S
#61504
0B
#61512
b000011100001110 0
1B
b000010111110011 S
#61520
0>
0B
#61528
b000010111110100 1
b000011100001110 2
1B
b000000111110000 I
b000000111101110 P
b000010111110100 S
#61536
0B
#61540
b000010111110101 3
b000011100001111 4
b00010111110101 5
b111000000011 6
1>
b111000000011 @
b000010000000110 S
#61544
b000011100001111 0
1B
b000010111110100 S
#61552
0B
#61560
b000010111110101 1
b000011100001111 2
0>
1B
b000000111110001 I
b000000111101111 P
b000010111110101 S
#61568
0B
#61576
1B
#61580
b000010111110110 3
b000011100001101 4
b00010111110110 5
b111000000100 6
1>
b111000000100 @
b000010000000110 S
#61584
0B
#61592
b000011100001101 0
1B
b000010111110101 S
#61600
0>
0B
#61608
b000010111110110 1
b000011100001101 2
1B
b000000111110010 I
b000000111110000 P
b000010111110110 S
#61616
0B
#61620
b000010111110111 3
b000011100001100 4
b00010111110111 5
b111000000101 6
1>
b111000000101 @
b000010000000110 S
#61624
b000011100001100 0
1B
b000010111110110 S
#61632
0B
#61640
b000010111110111 1
b000011100001100 2
0>
1B
b000000111110011 I
b000000111110001 P
b000010111110111 S
#61648
0B
#61656
1B
#61660
b000010111111000 3
b000011100000100 4
b00010111111000 5
b111000000110 6
1>
b111000000110 @
b000010000000110 S
#61664
0B
#61672
b000011100000100 0
1B
b000010111110111 S
#61680
0>
0B
#61688
b000010111111000 1
b000011100000100 2
1B
b000000111110100 I
b000000111110010 P
b000010111111000 S
#61696
0B
#61700
b000010111111001 3
b000011100000101 4
b00010111111001 5
b111000000111 6
1>
b111000000111 @
b000010000000110 S
#61704
b000011100000101 0
1B
b000010111111000 S
#61712
0B
#61720
b000010111111001 1
b000011100000101 2
0>
1B
b000000111110101 I
b000000111110011 P
b000010111111001 S
#61728
0B
#61736
1B
#61740
b000010111111010 3
b000011100000111 4
b00010111111010 5
b111000001000 6
1>
b111000001000 @
b000010000000110 S
#61744
0B
#61752
b000011100000111 0
1B
b000010111111001 S
#61760
0>
0B
#61768
b000010111111010 1
b000011100000111 2
1B
b000000111110110 I
b000000111110100 P
b000010111111010 S
#61776
0B
#61780
b000010111111011 3
b000011100000110 4
b00010111111011 5
b111000001001 6
1>
b111000001001 @
b000010000000110 S
#61784
b000011100000110 0
1B
b000010111111010 S
#61792
0B
#61800
b000010111111011 1
b000011100000110 2
0>
1B
b000000111110111 I
b000000111110101 P
b000010111111011 S
#61808
0B
#61816
1B
#61820
b000010111111100 3
b000011100000010 4
b00010111111100 5
b111000001010 6
1>
b111000001010 @
b000010000000110 S
#61824
0B
#61832
b000011100000010 0
1B
b000010111111011 S
#61840
0>
0B
#61848
b000010111111100 1
b000011100000010 2
1B
b000000111111000 I
b000000111110110 P
b000010111111100 S
#61856
0B
#61860
b000010111111101 3
b000011100000011 4
b00010111111101 5
b111000001011 6
1>
b111000001011 @
b000010000000110 S
#61864
b000011100000011 0
1B
b000010111111100 S
#61872
0B
#61880
b000010111111101 1
b000011100000011 2
0>
1B
b000000111111001 I
b000000111110111 P
b000010111111101 S
#61888
0B
#61896
1B
#61900
b000010111111110 3
b000011100000001 4
b00010111111110 5
b111000001100 6
1>
b111000001100 @
b000010000000110 S
#61904
0B
#61912
b000011100000001 0
1B
b000010111111101 S
#61920
0>
0B
#61928
b000010111111110 1
b000011100000001 2
1B
b000000111111010 I
b000000111111000 P
b000010111111110 S
#61936
0B
#61940
b000010111111111 3
b000011100000000 4
b00010111111111 5
b111000001101 6
1>
b111000001101 @
b000010000000110 S
#61944
b000011100000000 0
1B
b000010111111110 S
#61952
0B
#61960
b000010111111111 1
b000011100000000 2
0>
1B
b000000111111011 I
b000000111111001 P
b000010111111111 S
#61968
0B
#61976
1B
#61980
b000011000000000 3
b000010100000000 4
b00011000000000 5
b111000001110 6
1>
b111000001110 @
b000010000000110 S
#61984
0B
#61992
b000010100000000 0
1B
b000010111111111 S
#62000
0>
0B
#62008
b000011000000000 1
b000010100000000 2
1B
b000000111111100 I
b000000111111010 P
b000011000000000 S
#62016
0B
#62020
b000011000000001 3
b000010100000001 4
b00011000000001 5
b111000001111 6
1>
b111000001111 @
b000010000000110 S
#62024
b000010100000001 0
1B
b000011000000000 S
#62032
0B
#62040
b000011000000001 1
b000010100000001 2
0>
1B
b000000111111101 I
b000000111111011 P
b000011000000001 S
#62048
0B
#62056
1B
#62060
b000011000000010 3
b000010100000011 4
b00011000000010 5
b111000010000 6
1>
b111000010000 @
b000010000000110 S
#62064
0B
#62072
b000010100000011 0
1B
b000011000000001 S
#62080
0>
0B
#62088
b000011000000010 1
b000010100000011 2
1B
b000000111111110 I
b000000111111100 P
b000011000000010 S
#62096
0B
#62100
b000011000000011 3
b000010100000010 4
b00011000000011 5
b111000010001 6
1>
b111000010001 @
b000010000000110 S
#62104
b000010100000010 0
1B
b000011000000010 S
#62112
0B
#62120
b000011000000011 1
b000010100000010 2
0>
1B
b000000111111111 I
1L
b000000111111101 P
b000011000000011 S
#62128
0B
#62136
1'
1B
1H
1O
#62140
b000011000000100 3
b000010100000110 4
b00011000000100 5
b111000010010 6
1>
b111000010010 @
b000010000000110 S
#62144
0B
#62152
1*
0+
b110000010100 /
b000010100000110 0
b000010000000111 9
b000011000000100 :
b00010000000111 ;
1B
b110000010010 D
1E
b000000111111110 I
1M
b000000111111100 P
b000011000000011 S
#62160
0>
0B
#62168
b0000000001 (
b110000010101 /
b000011000000100 1
b000010100000110 2
b000010000001000 9
b000011000001100 :
b00010000001000 ;
1B
b110000010100 D
b000011000000100 S
#62176
0B
#62180
b000011000001100 #
b000011000000101 3
b000010100000111 4
b00011000000101 5
b111000010011 6
1>
b111000010011 @
b000010000000110 S
#62184
b0000000010 (
b110000010110 /
b000010100000111 0
b000010000001001 9
b000011000001101 :
b00010000001001 ;
1B
b110000010101 D
b000000111111101 I
b000000111111011 P
b000011000000100 S
#62192
0B
#62200
b0000000011 (
b110000010111 /
b000011000000101 1
b000010100000111 2
b000010000001010 9
b000011000001111 :
b00010000001010 ;
0>
1B
b110000010110 D
b000011000000101 S
#62208
0B
#62216
b0000000100 (
b110000011000 /
b000010000001011 9
b000011000001110 :
b00010000001011 ;
1B
b110000010111 D
b000000111111100 I
b000000111111010 P
#62220
b000011000001110 #
b000010000001000 $
b000011000001100 %
b000011000000110 3
b000010100000101 4
b00011000000110 5
b111000010100 6
1>
b111000010100 @
b000010000001000 S
#62224
0B
#62232
b0000000101 (
b110000011001 /
b000010100000101 0
b000010000001100 9
b000011000001010 :
b00010000001100 ;
1B
b110000011000 D
b000000111111011 I
b000000111111001 P
b000011000000101 S
#62240
0>
0B
#62248
b0000000110 (
b110000011010 /
b000011000000110 1
b000010100000101 2
b000010000001101 9
b000011000001011 :
b00010000001101 ;
1B
b110000011001 D
b000011000000110 S
#62256
0B
#62260
b000011000001011 #
b000010000001011 $
b000011000001110 %
b000011000000111 3
b000010100000100 4
b00011000000111 5
b111000010101 6
1>
b111000010101 @
b000010000001011 S
#62264
b0000000111 (
b110000011011 /
b000010100000100 0
b000010000001110 9
b000011000001001 :
b00010000001110 ;
1B
b110000011010 D
b000000111111010 I
b000000111111000 P
b000011000000110 S
#62272
0B
#62280
b0000001000 (
b110000011100 /
b000011000000111 1
b000010100000100 2
b000010000001111 9
b000011000001000 :
b00010000001111 ;
0>
1B
b110000011011 D
b000011000000111 S
#62288
0B
#62296
b0000001001 (
b110000011101 /
b000010000010000 9
b000011000011000 :
b00010000010000 ;
1B
b110000011100 D
b000000111111001 I
b000000111110111 P
#62300
b000011000011000 #
b000010000001101 $
b000011000001011 %
b000011000001000 3
b000010100001100 4
b00011000001000 5
b111000010110 6
1>
b111000010110 @
b000010000001101 S
#62304
0B
#62312
b0000001010 (
b110000011110 /
b000010100001100 0
b000010000010001 9
b000011000011001 :
b00010000010001 ;
1B
b110000011101 D
b000000111111000 I
b000000111110110 P
b000011000000111 S
#62320
0>
0B
#62328
b0000001011 (
b110000011111 /
b000011000001000 1
b000010100001100 2
b000010000010010 9
b000011000011011 :
b00010000010010 ;
1B
b110000011110 D
b000011000001000 S
#62336
0B
#62340
b000011000011011 #
b000010000010000 $
b000011000011000 %
b000011000001001 3
b000010100001101 4
b00011000001001 5
b111000010111 6
1>
b111000010111 @
b000010000010000 S
#62344
b0000001100 (
b110000100000 /
b000010100001101 0
b000010000010011 9
b000011000011010 :
b00010000010011 ;
1B
b110000011111 D
b000000111110111 I
b000000111110101 P
b000011000001000 S
#62352
0B
#62360
b0000001101 (
b110000100001 /
b000011000001001 1
b000010100001101 2
b000010000010100 9
b000011000011110 :
b00010000010100 ;
0>
1B
b110000100000 D
b000011000001001 S
#62368
0B
#62376
b0000001110 (
b110000100010 /
b000010000010101 9
b000011000011111 :
b00010000010101 ;
1B
b110000100001 D
b000000111110110 I
b000000111110100 P
#62380
b000011000011111 #
b000010000010010 $
b000011000011011 %
b000011000001010 3
b000010100001111 4
b00011000001010 5
b111000011000 6
1>
b111000011000 @
b000010000010010 S
#62384
0B
#62392
b0000001111 (
b110000100011 /
b000010100001111 0
b000010000010110 9
b000011000011101 :
b00010000010110 ;
1B
b110000100010 D
b000000111110101 I
b000000111110011 P
b000011000001001 S
#62400
0>
0B
#62408
b0000010000 (
b110000100100 /
b000011000001010 1
b000010100001111 2
b000010000010111 9
b000011000011100 :
b00010000010111 ;
1B
b110000100011 D
b000011000001010 S
#62416
0B
#62420
b000011000011100 #
b000010000010101 $
b000011000011111 %
b000011000001011 3
b000010100001110 4
b00011000001011 5
b111000011001 6
1>
b111000011001 @
b000010000010101 S
#62424
b0000010001 (
b110000100101 /
b000010100001110 0
b000010000011000 9
b000011000010100 :
b00010000011000 ;
1B
b110000100100 D
b000000111110100 I
b000000111110010 P
b000011000001010 S
#62432
0B
#62440
b0000010010 (
b110000100110 /
b000011000001011 1
b000010100001110 2
b000010000011001 9
b000011000010101 :
b00010000011001 ;
0>
1B
b110000100101 D
b000011000001011 S
#62448
0B
#62456
b0000010011 (
b110000100111 /
b000010000011010 9
b000011000010111 :
b00010000011010 ;
1B
b110000100110 D
b000000111110011 I
b000000111110001 P
#62460
b000011000010111 #
b000010000010111 $
b000011000011100 %
b000011000001100 3
b000010100001010 4
b00011000001100 5
b111000011010 6
1>
b111000011010 @
b000010000010111 S
#62464
0B
#62472
b0000010100 (
b110000101000 /
b000010100001010 0
b000010000011011 9
b000011000010110 :
b00010000011011 ;
1B
b110000100111 D
b000000111110010 I
b000000111110000 P
b000011000001011 S
#62480
0>
0B
#62488
b0000010101 (
b110000101001 /
b000011000001100 1
b000010100001010 2
b000010000011100 9
b000011000010010 :
b00010000011100 ;
1B
b110000101000 D
b000011000001100 S
#62496
0B
#62500
b000011000010010 #
b000010000011010 $
b000011000010111 %
b000011000001101 3
b000010100001011 4
b00011000001101 5
b111000011011 6
1>
b111000011011 @
b000010000011010 S
#62504
b0000010110 (
b110000101010 /
b000010100001011 0
b000010000011101 9
b000011000010011 :
b00010000011101 ;
1B
b110000101001 D
b000000111110001 I
b000000111101111 P
b000011000001100 S
#62512
0B
#62520
b0000010111 (
b110000101011 /
b000011000001101 1
b000010100001011 2
b000010000011110 9
b000011000010001 :
b00010000011110 ;
0>
1B
b110000101010 D
b000011000001101 S
#62528
0B
#62536
b0000011000 (
b110000101100 /
b000010000011111 9
b000011000010000 :
b00010000011111 ;
1B
b110000101011 D
b000000111110000 I
b000000111101110 P
#62540
b000011000010000 #
b000010000011100 $
b000011000010010 %
b000011000001110 3
b000010100001001 4
b00011000001110 5
b111000011100 6
1>
b111000011100 @
b000010000011100 S
#62544
0B
#62552
b0000011001 (
b110000101101 /
b000010100001001 0
b000010000100000 9
b000011000110000 :
b00010000100000 ;
1B
b110000101100 D
b000000111101111 I
b000000111101101 P
b000011000001101 S
#62560
0>
0B
#62568
b0000011010 (
b110000101110 /
b000011000001110 1
b000010100001001 2
b000010000100001 9
b000011000110001 :
b00010000100001 ;
1B
b110000101101 D
b000011000001110 S
#62576
0B
#62580
b000011000110001 #
b000010000011111 $
b000011000010000 %
b000011000001111 3
b000010100001000 4
b00011000001111 5
b111000011101 6
1>
b111000011101 @
b000010000011111 S
#62584
b0000011011 (
b110000101111 /
b000010100001000 0
b000010000100010 9
b000011000110011 :
b00010000100010 ;
1B
b110000101110 D
b000000111101110 I
b000000111101100 P
b000011000001110 S
#62592
0B
#62600
b0000011100 (
b110000110000 /
b000011000001111 1
b000010100001000 2
b000010000100011 9
b000011000110010 :
b00010000100011 ;
0>
1B
b110000101111 D
b000011000001111 S
#62608
0B
#62616
b0000011101 (
b110000110001 /
b000010000100100 9
b000011000110110 :
b00010000100100 ;
1B
b110000110000 D
b000000111101101 I
b000000111101011 P
#62620
b000011000110110 #
b000010000100001 $
b000011000110001 %
b000011000010000 3
b000010100011000 4
b00011000010000 5
b111000011110 6
1>
b111000011110 @
b000010000100001 S
#62624
0B
#62632
b0000011110 (
b110000110010 /
b000010100011000 0
b000010000100101 9
b000011000110111 :
b00010000100101 ;
1B
b110000110001 D
b000000111101100 I
b000000111101010 P
b000011000001111 S
#62640
0>
0B
#62648
b0000011111 (
b110000110011 /
b000011000010000 1
b000010100011000 2
b000010000100110 9
b000011000110101 :
b00010000100110 ;
1B
b110000110010 D
b000011000010000 S
#62656
0B
#62660
b000011000110101 #
b000010000100100 $
b000011000110110 %
b000011000010001 3
b000010100011001 4
b00011000010001 5
b111000011111 6
1>
b111000011111 @
b000010000100100 S
#62664
b0000100000 (
b110000110100 /
b000010100011001 0
b000010000100111 9
b000011000110100 :
b00010000100111 ;
1B
b110000110011 D
b000000111101011 I
b000000111101001 P
b000011000010000 S
#62672
0B
#62680
b0000100001 (
b110000110101 /
b000011000010001 1
b000010100011001 2
b000010000101000 9
b000011000111100 :
b00010000101000 ;
0>
1B
b110000110100 D
b000011000010001 S
#62688
0B
#62696
b0000100010 (
b110000110110 /
b000010000101001 9
b000011000111101 :
b00010000101001 ;
1B
b110000110101 D
b000000111101010 I
b000000111101000 P
#62700
b000011000111101 #
b000010000100110 $
b000011000110101 %
b000011000010010 3
b000010100011011 4
b00011000010010 5
b111000100000 6
1>
b111000100000 @
b000010000100110 S
#62704
0B
#62712
b0000100011 (
b110000110111 /
b000010100011011 0
b000010000101010 9
b000011000111111 :
b00010000101010 ;
1B
b110000110110 D
b000000111101001 I
b000000111100111 P
b000011000010001 S
#62720
0>
0B
#62728
b0000100100 (
b110000111000 /
b000011000010010 1
b000010100011011 2
b000010000101011 9
b000011000111110 :
b00010000101011 ;
1B
b110000110111 D
b000011000010010 S
#62736
0B
#62740
b000011000111110 #
b000010000101001 $
b000011000111101 %
b000011000010011 3
b000010100011010 4
b00011000010011 5
b111000100001 6
1>
b111000100001 @
b000010000101001 S
#62744
b0000100101 (
b110000111001 /
b000010100011010 0
b000010000101100 9
b000011000111010 :
b00010000101100 ;
1B
b110000111000 D
b000000111101000 I
b000000111100110 P
b000011000010010 S
#62752
0B
#62760
b0000100110 (
b110000111010 /
b000011000010011 1
b000010100011010 2
b000010000101101 9
b000011000111011 :
b00010000101101 ;
0>
1B
b110000111001 D
b000011000010011 S
#62768
0B
#62776
b0000100111 (
b110000111011 /
b000010000101110 9
b000011000111001 :
b00010000101110 ;
1B
b110000111010 D
b000000111100111 I
b000000111100101 P
#62780
b000011000111001 #
b000010000101011 $
b000011000111110 %
b000011000010100 3
b000010100011110 4
b00011000010100 5
b111000100010 6
1>
b111000100010 @
b000010000101011 S
#62784
0B
#62792
b0000101000 (
b110000111100 /
b000010100011110 0
b000010000101111 9
b000011000111000 :
b00010000101111 ;
1B
b110000111011 D
b000000111100110 I
b000000111100100 P
b000011000010011 S
#62800
0>
0B
#62808
b0000101001 (
b110000111101 /
b000011000010100 1
b000010100011110 2
b000010000110000 9
b000011000101000 :
b00010000110000 ;
1B
b110000111100 D
b000011000010100 S
#62816
0B
#62820
b000011000101000 #
b000010000101110 $
b000011000111001 %
b000011000010101 3
b000010100011111 4
b00011000010101 5
b111000100011 6
1>
b111000100011 @
b000010000101110 S
#62824
b0000101010 (
b110000111110 /
b000010100011111 0
b000010000110001 9
b000011000101001 :
b00010000110001 ;
1B
b110000111101 D
b000000111100101 I
b000000111100011 P
b000011000010100 S
#62832
0B
#62840
b0000101011 (
b110000111111 /
b000011000010101 1
b000010100011111 2
b000010000110010 9
b000011000101011 :
b00010000110010 ;
0>
1B
b110000111110 D
b000011000010101 S
#62848
0B
#62856
b0000101100 (
b110001000000 /
b000010000110011 9
b000011000101010 :
b00010000110011 ;
1B
b110000111111 D
b000000111100100 I
b000000111100010 P
#62860
b000011000101010 #
b000010000110000 $
b000011000101000 %
b000011000010110 3
b000010100011101 4
b00011000010110 5
b111000100100 6
1>
b111000100100 @
b000010000110000 S
#62864
0B
#62872
b0000101101 (
b110001000001 /
b000010100011101 0
b000010000110100 9
b000011000101110 :
b00010000110100 ;
1B
b110001000000 D
b000000111100011 I
b000000111100001 P
b000011000010101 S
#62880
0>
0B
#62888
b0000101110 (
b110001000010 /
b000011000010110 1
b000010100011101 2
b000010000110101 9
b000011000101111 :
b00010000110101 ;
1B
b110001000001 D
b000011000010110 S
#62896
0B
#62900
b000011000101111 #
b000010000110011 $
b000011000101010 %
b000011000010111 3
b000010100011100 4
b00011000010111 5
b111000100101 6
1>
b111000100101 @
b000010000110011 S
#62904
b0000101111 (
b110001000011 /
b000010100011100 0
b000010000110110 9
b000011000101101 :
b00010000110110 ;
1B
b110001000010 D
b000000111100010 I
b000000111100000 P
b000011000010110 S
#62912
0B
#62920
b0000110000 (
b110001000100 /
b000011000010111 1
b000010100011100 2
b000010000110111 9
b000011000101100 :
b00010000110111 ;
0>
1B
b110001000011 D
b000011000010111 S
#62928
0B
#62936
b0000110001 (
b110001000101 /
b000010000111000 9
b000011000100100 :
b00010000111000 ;
1B
b110001000100 D
b000000111100001 I
b000000111011111 P
#62940
b000011000100100 #
b000010000110101 $
b000011000101111 %
b000011000011000 3
b000010100010100 4
b00011000011000 5
b111000100110 6
1>
b111000100110 @
b000010000110101 S
#62944
0B
#62952
b0000110010 (
b110001000110 /
b000010100010100 0
b000010000111001 9
b000011000100101 :
b00010000111001 ;
1B
b110001000101 D
b000000111100000 I
b000000111011110 P
b000011000010111 S
#62960
0>
0B
#62968
b0000110011 (
b110001000111 /
b000011000011000 1
b000010100010100 2
b000010000111010 9
b000011000100111 :
b00010000111010 ;
1B
b110001000110 D
b000011000011000 S
#62976
0B
#62980
b000011000100111 #
b000010000111000 $
b000011000100100 %
b000011000011001 3
b000010100010101 4
b00011000011001 5
b111000100111 6
1>
b111000100111 @
b000010000111000 S
#62984
b0000110100 (
b110001001000 /
b000010100010101 0
b000010000111011 9
b000011000100110 :
b00010000111011 ;
1B
b110001000111 D
b000000111011111 I
b000000111011101 P
b000011000011000 S
#62992
0B
#63000
b0000110101 (
b110001001001 /
b000011000011001 1
b000010100010101 2
b000010000111100 9
b000011000100010 :
b00010000111100 ;
0>
1B
b110001001000 D
b000011000011001 S
#63008
0B
#63016
b0000110110 (
b110001001010 /
b000010000111101 9
b000011000100011 :
b00010000111101 ;
1B
b110001001001 D
b000000111011110 I
b000000111011100 P
#63020
b000011000100011 #
b000010000111010 $
b000011000100111 %
b000011000011010 3
b000010100010111 4
b00011000011010 5
b111000101000 6
1>
b111000101000 @
b000010000111010 S
#63024
0B
#63032
b0000110111 (
b110001001011 /
b000010100010111 0
b000010000111110 9
b000011000100001 :
b00010000111110 ;
1B
b110001001010 D
b000000111011101 I
b000000111011011 P
b000011000011001 S
#63040
0>
0B
#63048
b0000111000 (
b110001001100 /
b000011000011010 1
b000010100010111 2
b000010000111111 9
b000011000100000 :
b00010000111111 ;
1B
b110001001011 D
b000011000011010 S
#63056
0B
#63060
b000011000100000 #
b000010000111101 $
b000011000100011 %
b000011000011011 3
b000010100010110 4
b00011000011011 5
b111000101001 6
1>
b111000101001 @
b000010000111101 S
#63064
b0000111001 (
b110001001101 /
b000010100010110 0
b000010001000000 9
b000011001100000 :
b00010001000000 ;
1B
b110001001100 D
b000000111011100 I
b000000111011010 P
b000011000011010 S
#63072
0B
#63080
b0000111010 (
b110001001110 /
b000011000011011 1
b000010100010110 2
b000010001000001 9
b000011001100001 :
b00010001000001 ;
0>
1B
b110001001101 D
b000011000011011 S
#63088
0B
#63096
b0000111011 (
b110001001111 /
b000010001000010 9
b000011001100011 :
b00010001000010 ;
1B
b110001001110 D
b000000111011011 I
b000000111011001 P
#63100
b000011001100011 #
b000010000111111 $
b000011000100000 %
b000011000011100 3
b000010100010010 4
b00011000011100 5
b111000101010 6
1>
b111000101010 @
b000010000111111 S
#63104
0B
#63112
b0000111100 (
b110001010000 /
b000010100010010 0
b000010001000011 9
b000011001100010 :
b00010001000011 ;
1B
b110001001111 D
b000000111011010 I
b000000111011000 P
b000011000011011 S
#63120
0>
0B
#63128
b0000111101 (
b110001010001 /
b000011000011100 1
b000010100010010 2
b000010001000100 9
b000011001100110 :
b00010001000100 ;
1B
b110001010000 D
b000011000011100 S
#63136
0B
#63140
b000011001100110 #
b000010001000010 $
b000011001100011 %
b000011000011101 3
b000010100010011 4
b00011000011101 5
b111000101011 6
1>
b111000101011 @
b000010001000010 S
#63144
b0000111110 (
b110001010010 /
b000010100010011 0
b000010001000101 9
b000011001100111 :
b00010001000101 ;
1B
b110001010001 D
b000000111011001 I
b000000111010111 P
b000011000011100 S
#63152
0B
#63160
b0000111111 (
b110001010011 /
b000011000011101 1
b000010100010011 2
b000010001000110 9
b000011001100101 :
b00010001000110 ;
0>
1B
b110001010010 D
b000011000011101 S
#63168
0B
#63176
b0001000000 (
b110001010100 /
b000010001000111 9
b000011001100100 :
b00010001000111 ;
1B
b110001010011 D
b000000111011000 I
b000000111010110 P
#63180
b000011001100100 #
b000010001000100 $
b000011001100110 %
b000011000011110 3
b000010100010001 4
b00011000011110 5
b111000101100 6
1>
b111000101100 @
b000010001000100 S
#63184
0B
#63192
b0001000001 (
b110001010101 /
b000010100010001 0
b000010001001000 9
b000011001101100 :
b00010001001000 ;
1B
b110001010100 D
b000000111010111 I
b000000111010101 P
b000011000011101 S
#63200
0>
0B
#63208
b0001000010 (
b110001010110 /
b000011000011110 1
b000010100010001 2
b000010001001001 9
b000011001101101 :
b00010001001001 ;
1B
b110001010101 D
b000011000011110 S
#63216
0B
#63220
b000011001101101 #
b000010001000111 $
b000011001100100 %
b000011000011111 3
b000010100010000 4
b00011000011111 5
b111000101101 6
1>
b111000101101 @
b000010001000111 S
#63224
b0001000011 (
b110001010111 /
b000010100010000 0
b000010001001010 9
b000011001101111 :
b00010001001010 ;
1B
b110001010110 D
b000000111010110 I
b000000111010100 P
b000011000011110 S
#63232
0B
#63240
b0001000100 (
b110001011000 /
b000011000011111 1
b000010100010000 2
b000010001001011 9
b000011001101110 :
b00010001001011 ;
0>
1B
b110001010111 D
b000011000011111 S
#63248
0B
#63256
b0001000101 (
b110001011001 /
b000010001001100 9
b000011001101010 :
b00010001001100 ;
1B
b110001011000 D
b000000111010101 I
b000000111010011 P
#63260
b000011001101010 #
b000010001001001 $
b000011001101101 %
b000011000100000 3
b000010100110000 4
b00011000100000 5
b111000101110 6
1>
b111000101110 @
b000010001001001 S
#63264
0B
#63272
b0001000110 (
b110001011010 /
b000010100110000 0
b000010001001101 9
b000011001101011 :
b00010001001101 ;
1B
b110001011001 D
b000000111010100 I
b000000111010010 P
b000011000011111 S
#63280
0>
0B
#63288
b0001000111 (
b110001011011 /
b000011000100000 1
b000010100110000 2
b000010001001110 9
b000011001101001 :
b00010001001110 ;
1B
b110001011010 D
b000011000100000 S
#63296
0B
#63300
b000011001101001 #
b000010001001100 $
b000011001101010 %
b000011000100001 3
b000010100110001 4
b00011000100001 5
b111000101111 6
1>
b111000101111 @
b000010001001100 S
#63304
b0001001000 (
b110001011100 /
b000010100110001 0
b000010001001111 9
b000011001101000 :
b00010001001111 ;
1B
b110001011011 D
b000000111010011 I
b000000111010001 P
b000011000100000 S
#63312
0B
#63320
b0001001001 (
b110001011101 /
b000011000100001 1
b000010100110001 2
b000010001010000 9
b000011001111000 :
b00010001010000 ;
0>
1B
b110001011100 D
b000011000100001 S
#63328
0B
#63336
b0001001010 (
b110001011110 /
b000010001010001 9
b000011001111001 :
b00010001010001 ;
1B
b110001011101 D
b000000111010010 I
b000000111010000 P
#63340
b000011001111001 #
b000010001001110 $
b000011001101001 %
b000011000100010 3
b000010100110011 4
b00011000100010 5
b111000110000 6
1>
b111000110000 @
b000010001001110 S
#63344
0B
#63352
b0001001011 (
b110001011111 /
b000010100110011 0
b000010001010010 9
b000011001111011 :
b00010001010010 ;
1B
b110001011110 D
b000000111010001 I
b000000111001111 P
b000011000100001 S
#63360
0>
0B
#63368
b0001001100 (
b110001100000 /
b000011000100010 1
b000010100110011 2
b000010001010011 9
b000011001111010 :
b00010001010011 ;
1B
b110001011111 D
b000011000100010 S
#63376
0B
#63380
b000011001111010 #
b000010001010001 $
b000011001111001 %
b000011000100011 3
b000010100110010 4
b00011000100011 5
b111000110001 6
1>
b111000110001 @
b000010001010001 S
#63384
b0001001101 (
b110001100001 /
b000010100110010 0
b000010001010100 9
b000011001111110 :
b00010001010100 ;
1B
b110001100000 D
b000000111010000 I
b000000111001110 P
b000011000100010 S
#63392
0B
#63400
b0001001110 (
b110001100010 /
b000011000100011 1
b000010100110010 2
b000010001010101 9
b000011001111111 :
b00010001010101 ;
0>
1B
b110001100001 D
b000011000100011 S
#63408
0B
#63416
b0001001111 (
b110001100011 /
b000010001010110 9
b000011001111101 :
b00010001010110 ;
1B
b110001100010 D
b000000111001111 I
b000000111001101 P
#63420
b000011001111101 #
b000010001010011 $
b000011001111010 %
b000011000100100 3
b000010100110110 4
b00011000100100 5
b111000110010 6
1>
b111000110010 @
b000010001010011 S
#63424
0B
#63432
b0001010000 (
b110001100100 /
b000010100110110 0
b000010001010111 9
b000011001111100 :
b00010001010111 ;
1B
b110001100011 D
b000000111001110 I
b000000111001100 P
b000011000100011 S
#63440
0>
0B
#63448
b0001010001 (
b110001100101 /
b000011000100100 1
b000010100110110 2
b000010001011000 9
b000011001110100 :
b00010001011000 ;
1B
b110001100100 D
b000011000100100 S
#63456
0B
#63460
b000011001110100 #
b000010001010110 $
b000011001111101 %
b000011000100101 3
b000010100110111 4
b00011000100101 5
b111000110011 6
1>
b111000110011 @
b000010001010110 S
#63464
b0001010010 (
b110001100110 /
b000010100110111 0
b000010001011001 9
b000011001110101 :
b00010001011001 ;
1B
b110001100101 D
b000000111001101 I
b000000111001011 P
b000011000100100 S
#63472
0B
#63480
b0001010011 (
b110001100111 /
b000011000100101 1
b000010100110111 2
b000010001011010 9
b000011001110111 :
b00010001011010 ;
0>
1B
b110001100110 D
b000011000100101 S
#63488
0B
#63496
b0001010100 (
b110001101000 /
b000010001011011 9
b000011001110110 :
b00010001011011 ;
1B
b110001100111 D
b000000111001100 I
b000000111001010 P
#63500
b000011001110110 #
b000010001011000 $
b000011001110100 %
b000011000100110 3
b000010100110101 4
b00011000100110 5
b111000110100 6
1>
b111000110100 @
b000010001011000 S
#63504
0B
#63512
b0001010101 (
b110001101001 /
b000010100110101 0
b000010001011100 9
b000011001110010 :
b00010001011100 ;
1B
b110001101000 D
b000000111001011 I
b000000111001001 P
b000011000100101 S
#63520
0>
0B
#63528
b0001010110 (
b110001101010 /
b000011000100110 1
b000010100110101 2
b000010001011101 9
b000011001110011 :
b00010001011101 ;
1B
b110001101001 D
b000011000100110 S
#63536
0B
#63540
b000011001110011 #
b000010001011011 $
b000011001110110 %
b000011000100111 3
b000010100110100 4
b00011000100111 5
b111000110101 6
1>
b111000110101 @
b000010001011011 S
#63544
b0001010111 (
b110001101011 /
b000010100110100 0
b000010001011110 9
b000011001110001 :
b00010001011110 ;
1B
b110001101010 D
b000000111001010 I
b000000111001000 P
b000011000100110 S
#63552
0B
#63560
b0001011000 (
b110001101100 /
b000011000100111 1
b000010100110100 2
b000010001011111 9
b000011001110000 :
b00010001011111 ;
0>
1B
b110001101011 D
b000011000100111 S
#63568
0B
#63576
b0001011001 (
b110001101101 /
b000010001100000 9
b000011001010000 :
b00010001100000 ;
1B
b110001101100 D
b000000111001001 I
b000000111000111 P
#63580
b000011001010000 #
b000010001011101 $
b000011001110011 %
b000011000101000 3
b000010100111100 4
b00011000101000 5
b111000110110 6
1>
b111000110110 @
b000010001011101 S
#63584
0B
#63592
b0001011010 (
b110001101110 /
b000010100111100 0
b000010001100001 9
b000011001010001 :
b00010001100001 ;
1B
b110001101101 D
b000000111001000 I
b000000111000110 P
b000011000100111 S
#63600
0>
0B
#63608
b0001011011 (
b110001101111 /
b000011000101000 1
b000010100111100 2
b000010001100010 9
b000011001010011 :
b00010001100010 ;
1B
b110001101110 D
b000011000101000 S
#63616
0B
#63620
b000011001010011 #
b000010001100000 $
b000011001010000 %
b000011000101001 3
b000010100111101 4
b00011000101001 5
b111000110111 6
1>
b111000110111 @
b000010001100000 S
#63624
b0001011100 (
b110001110000 /
b000010100111101 0
b000010001100011 9
b000011001010010 :
b00010001100011 ;
1B
b110001101111 D
b000000111000111 I
b000000111000101 P
b000011000101000 S
#63632
0B
#63640
b0001011101 (
b110001110001 /
b000011000101001 1
b000010100111101 2
b000010001100100 9
b000011001010110 :
b00010001100100 ;
0>
1B
b110001110000 D
b000011000101001 S
#63648
0B
#63656
b0001011110 (
b110001110010 /
b000010001100101 9
b000011001010111 :
b00010001100101 ;
1B
b110001110001 D
b000000111000110 I
b000000111000100 P
#63660
b000011001010111 #
b000010001100010 $
b000011001010011 %
b000011000101010 3
b000010100111111 4
b00011000101010 5
b111000111000 6
1>
b111000111000 @
b000010001100010 S
#63664
0B
#63672
b0001011111 (
b110001110011 /
b000010100111111 0
b000010001100110 9
b000011001010101 :
b00010001100110 ;
1B
b110001110010 D
b000000111000101 I
b000000111000011 P
b000011000101001 S
#63680
0>
0B
#63688
b0001100000 (
b110001110100 /
b000011000101010 1
b000010100111111 2
b000010001100111 9
b000011001010100 :
b00010001100111 ;
1B
b110001110011 D
b000011000101010 S
#63696
0B
#63700
b000011001010100 #
b000010001100101 $
b000011001010111 %
b000011000101011 3
b000010100111110 4
b00011000101011 5
b111000111001 6
1>
b111000111001 @
b000010001100101 S
#63704
b0001100001 (
b110001110101 /
b000010100111110 0
b000010001101000 9
b000011001011100 :
b00010001101000 ;
1B
b110001110100 D
b000000111000100 I
b000000111000010 P
b000011000101010 S
#63712
0B
#63720
b0001100010 (
b110001110110 /
b000011000101011 1
b000010100111110 2
b000010001101001 9
b000011001011101 :
b00010001101001 ;
0>
1B
b110001110101 D
b000011000101011 S
#63728
0B
#63736
b0001100011 (
b110001110111 /
b000010001101010 9
b000011001011111 :
b00010001101010 ;
1B
b110001110110 D
b000000111000011 I
b000000111000001 P
#63740
b000011001011111 #
b000010001100111 $
b000011001010100 %
b000011000101100 3
b000010100111010 4
b00011000101100 5
b111000111010 6
1>
b111000111010 @
b000010001100111 S
#63744
0B
#63752
b0001100100 (
b110001111000 /
b000010100111010 0
b000010001101011 9
b000011001011110 :
b00010001101011 ;
1B
b110001110111 D
b000000111000010 I
b000000111000000 P
b000011000101011 S
#63760
0>
0B
#63768
b0001100101 (
b110001111001 /
b000011000101100 1
b000010100111010 2
b000010001101100 9
b000011001011010 :
b00010001101100 ;
1B
b110001111000 D
b000011000101100 S
#63776
0B
#63780
b000011001011010 #
b000010001101010 $
b000011001011111 %
b000011000101101 3
b000010100111011 4
b00011000101101 5
b111000111011 6
1>
b111000111011 @
b000010001101010 S
#63784
b0001100110 (
b110001111010 /
b000010100111011 0
b000010001101101 9
b000011001011011 :
b00010001101101 ;
1B
b110001111001 D
b000000111000001 I
b000000110111111 P
b000011000101100 S
#63792
0B
#63800
b0001100111 (
b110001111011 /
b000011000101101 1
b000010100111011 2
b000010001101110 9
b000011001011001 :
b00010001101110 ;
0>
1B
b110001111010 D
b000011000101101 S
#63808
0B
#63816
b0001101000 (
b110001111100 /
b000010001101111 9
b000011001011000 :
b00010001101111 ;
1B
b110001111011 D
b000000111000000 I
b000000110111110 P
#63820
b000011001011000 #
b000010001101100 $
b000011001011010 %
b000011000101110 3
b000010100111001 4
b00011000101110 5
b111000111100 6
1>
b111000111100 @
b000010001101100 S
#63824
0B
#63832
b0001101001 (
b110001111101 /
b000010100111001 0
b000010001110000 9
b000011001001000 :
b00010001110000 ;
1B
b110001111100 D
b000000110111111 I
b000000110111101 P
b000011000101101 S
#63840
0>
0B
#63848
b0001101010 (
b110001111110 /
b000011000101110 1
b000010100111001 2
b000010001110001 9
b000011001001001 :
b00010001110001 ;
1B
b110001111101 D
b000011000101110 S
#63856
0B
#63860
b000011001001001 #
b000010001101111 $
b000011001011000 %
b000011000101111 3
b000010100111000 4
b00011000101111 5
b111000111101 6
1>
b111000111101 @
b000010001101111 S
#63864
b0001101011 (
b110001111111 /
b000010100111000 0
b000010001110010 9
b000011001001011 :
b00010001110010 ;
1B
b110001111110 D
b000000110111110 I
b000000110111100 P
b000011000101110 S
#63872
0B
#63880
b0001101100 (
b110010000000 /
b000011000101111 1
b000010100111000 2
b000010001110011 9
b000011001001010 :
b00010001110011 ;
0>
1B
b110001111111 D
b000011000101111 S
#63888
0B
#63896
b0001101101 (
b110010000001 /
b000010001110100 9
b000011001001110 :
b00010001110100 ;
1B
b110010000000 D
b000000110111101 I
b000000110111011 P
#63900
b000011001001110 #
b000010001110001 $
b000011001001001 %
b000011000110000 3
b000010100101000 4
b00011000110000 5
b111000111110 6
1>
b111000111110 @
b000010001110001 S
#63904
0B
#63912
b0001101110 (
b110010000010 /
b000010100101000 0
b000010001110101 9
b000011001001111 :
b00010001110101 ;
1B
b110010000001 D
b000000110111100 I
b000000110111010 P
b000011000101111 S
#63920
0>
0B
#63928
b0001101111 (
b110010000011 /
b000011000110000 1
b000010100101000 2
b000010001110110 9
b000011001001101 :
b00010001110110 ;
1B
b110010000010 D
b000011000110000 S
#63936
0B
#63940
b000011001001101 #
b000010001110100 $
b000011001001110 %
b000011000110001 3
b000010100101001 4
b00011000110001 5
b111000111111 6
1>
b111000111111 @
b000010001110100 S
#63944
b0001110000 (
b110010000100 /
b000010100101001 0
b000010001110111 9
b000011001001100 :
b00010001110111 ;
1B
b110010000011 D
b000000110111011 I
b000000110111001 P
b000011000110000 S
#63952
0B
#63960
b0001110001 (
b110010000101 /
b000011000110001 1
b000010100101001 2
b000010001111000 9
b000011001000100 :
b00010001111000 ;
0>
1B
b110010000100 D
b000011000110001 S
#63968
0B
#63976
b0001110010 (
b110010000110 /
b000010001111001 9
b000011001000101 :
b00010001111001 ;
1B
b110010000101 D
b000000110111010 I
b000000110111000 P
#63980
b000011001000101 #
b000010001110110 $
b000011001001101 %
b000011000110010 3
b000010100101011 4
b00011000110010 5
b111001000000 6
1>
b111001000000 @
b000010001110110 S
#63984
0B
#63992
b0001110011 (
b110010000111 /
b000010100101011 0
b000010001111010 9
b000011001000111 :
b00010001111010 ;
1B
b110010000110 D
b000000110111001 I
b000000110110111 P
b000011000110001 S
#64000
0>
0B
#64008
b0001110100 (
b110010001000 /
b000011000110010 1
b000010100101011 2
b000010001111011 9
b000011001000110 :
b00010001111011 ;
1B
b110010000111 D
b000011000110010 S
#64016
0B
#64020
b000011001000110 #
b000010001111001 $
b000011001000101 %
b000011000110011 3
b000010100101010 4
b00011000110011 5
b111001000001 6
1>
b111001000001 @
b000010001111001 S
#64024
b0001110101 (
b110010001001 /
b000010100101010 0
b000010001111100 9
b000011001000010 :
b00010001111100 ;
1B
b110010001000 D
b000000110111000 I
b000000110110110 P
b000011000110010 S
#64032
0B
#64040
b0001110110 (
b110010001010 /
b000011000110011 1
b000010100101010 2
b000010001111101 9
b000011001000011 :
b00010001111101 ;
0>
1B
b110010001001 D
b000011000110011 S
#64048
0B
#64056
b0001110111 (
b110010001011 /
b000010001111110 9
b000011001000001 :
b00010001111110 ;
1B
b110010001010 D
b000000110110111 I
b000000110110101 P
#64060
b000011001000001 #
b000010001111011 $
b000011001000110 %
b000011000110100 3
b000010100101110 4
b00011000110100 5
b111001000010 6
1>
b111001000010 @
b000010001111011 S
#64064
0B
#64072
b0001111000 (
b110010001100 /
b000010100101110 0
b000010001111111 9
b000011001000000 :
b00010001111111 ;
1B
b110010001011 D
b000000110110110 I
b000000110110100 P
b000011000110011 S
#64080
0>
0B
#64088
b0001111001 (
b110010001101 /
b000011000110100 1
b000010100101110 2
b000010010000000 9
b000011011000000 :
b00010010000000 ;
1B
b110010001100 D
b000011000110100 S
#64096
0B
#64100
b000011011000000 #
b000010001111110 $
b000011001000001 %
b000011000110101 3
b000010100101111 4
b00011000110101 5
b111001000011 6
1>
b111001000011 @
b000010001111110 S
#64104
b0001111010 (
b110010001110 /
b000010100101111 0
b000010010000001 9
b000011011000001 :
b00010010000001 ;
1B
b110010001101 D
b000000110110101 I
b000000110110011 P
b000011000110100 S
#64112
0B
#64120
b0001111011 (
b110010001111 /
b000011000110101 1
b000010100101111 2
b000010010000010 9
b000011011000011 :
b00010010000010 ;
0>
1B
b110010001110 D
b000011000110101 S
#64128
0B
#64136
b0001111100 (
b110010010000 /
b000010010000011 9
b000011011000010 :
b00010010000011 ;
1B
b110010001111 D
b000000110110100 I
b000000110110010 P
#64140
b000011011000010 #
b000010010000000 $
b000011011000000 %
b000011000110110 3
b000010100101101 4
b00011000110110 5
b111001000100 6
1>
b111001000100 @
b000010010000000 S
#64144
0B
#64152
b0001111101 (
b110010010001 /
b000010100101101 0
b000010010000100 9
b000011011000110 :
b00010010000100 ;
1B
b110010010000 D
b000000110110011 I
b000000110110001 P
b000011000110101 S
#64160
0>
0B
#64168
b0001111110 (
b110010010010 /
b000011000110110 1
b000010100101101 2
b000010010000101 9
b000011011000111 :
b00010010000101 ;
1B
b110010010001 D
b000011000110110 S
#64176
0B
#64180
b000011011000111 #
b000010010000011 $
b000011011000010 %
b000011000110111 3
b000010100101100 4
b00011000110111 5
b111001000101 6
1>
b111001000101 @
b000010010000011 S
#64184
b0001111111 (
b110010010011 /
b000010100101100 0
b000010010000110 9
b000011011000101 :
b00010010000110 ;
1B
b110010010010 D
b000000110110010 I
b000000110110000 P
b000011000110110 S
#64192
0B
#64200
b0010000000 (
b110010010100 /
b000011000110111 1
b000010100101100 2
b000010010000111 9
b000011011000100 :
b00010010000111 ;
0>
1B
b110010010011 D
b000011000110111 S
#64208
0B
#64216
b0010000001 (
b110010010101 /
b000010010001000 9
b000011011001100 :
b00010010001000 ;
1B
b110010010100 D
b000000110110001 I
b000000110101111 P
#64220
b000011011001100 #
b000010010000101 $
b000011011000111 %
b000011000111000 3
b000010100100100 4
b00011000111000 5
b111001000110 6
1>
b111001000110 @
b000010010000101 S
#64224
0B
#64232
b0010000010 (
b110010010110 /
b000010100100100 0
b000010010001001 9
b000011011001101 :
b00010010001001 ;
1B
b110010010101 D
b000000110110000 I
b000000110101110 P
b000011000110111 S
#64240
0>
0B
#64248
b0010000011 (
b110010010111 /
b000011000111000 1
b000010100100100 2
b000010010001010 9
b000011011001111 :
b00010010001010 ;
1B
b110010010110 D
b000011000111000 S
#64256
0B
#64260
b000011011001111 #
b000010010001000 $
b000011011001100 %
b000011000111001 3
b000010100100101 4
b00011000111001 5
b111001000111 6
1>
b111001000111 @
b000010010001000 S
#64264
b0010000100 (
b110010011000 /
b000010100100101 0
b000010010001011 9
b000011011001110 :
b00010010001011 ;
1B
b110010010111 D
b000000110101111 I
b000000110101101 P
b000011000111000 S
#64272
0B
#64280
b0010000101 (
b110010011001 /
b000011000111001 1
b000010100100101 2
b000010010001100 9
b000011011001010 :
b00010010001100 ;
0>
1B
b110010011000 D
b000011000111001 S
#64288
0B
#64296
b0010000110 (
b110010011010 /
b000010010001101 9
b000011011001011 :
b00010010001101 ;
1B
b110010011001 D
b000000110101110 I
b000000110101100 P
#64300
b000011011001011 #
b000010010001010 $
b000011011001111 %
b000011000111010 3
b000010100100111 4
b00011000111010 5
b111001001000 6
1>
b111001001000 @
b000010010001010 S
#64304
0B
#64312
b0010000111 (
b110010011011 /
b000010100100111 0
b000010010001110 9
b000011011001001 :
b00010010001110 ;
1B
b110010011010 D
b000000110101101 I
b000000110101011 P
b000011000111001 S
#64320
0>
0B
#64328
b0010001000 (
b110010011100 /
b000011000111010 1
b000010100100111 2
b000010010001111 9
b000011011001000 :
b00010010001111 ;
1B
b110010011011 D
b000011000111010 S
#64336
0B
#64340
b000011011001000 #
b000010010001101 $
b000011011001011 %
b000011000111011 3
b000010100100110 4
b00011000111011 5
b111001001001 6
1>
b111001001001 @
b000010010001101 S
#64344
b0010001001 (
b110010011101 /
b000010100100110 0
b000010010010000 9
b000011011011000 :
b00010010010000 ;
1B
b110010011100 D
b000000110101100 I
b000000110101010 P
b000011000111010 S
#64352
0B
#64360
b0010001010 (
b110010011110 /
b000011000111011 1
b000010100100110 2
b000010010010001 9
b000011011011001 :
b00010010010001 ;
0>
1B
b110010011101 D
b000011000111011 S
#64368
0B
#64376
b0010001011 (
b110010011111 /
b000010010010010 9
b000011011011011 :
b00010010010010 ;
1B
b110010011110 D
b000000110101011 I
b000000110101001 P
#64380
b000011011011011 #
b000010010001111 $
b000011011001000 %
b000011000111100 3
b000010100100010 4
b00011000111100 5
b111001001010 6
1>
b111001001010 @
b000010010001111 S
#64384
0B
#64392
b0010001100 (
b110010100000 /
b000010100100010 0
b000010010010011 9
b000011011011010 :
b00010010010011 ;
1B
b110010011111 D
b000000110101010 I
b000000110101000 P
b000011000111011 S
#64400
0>
0B
#64408
b0010001101 (
b110010100001 /
b000011000111100 1
b000010100100010 2
b000010010010100 9
b000011011011110 :
b00010010010100 ;
1B
b110010100000 D
b000011000111100 S
#64416
0B
#64420
b000011011011110 #
b000010010010010 $
b000011011011011 %
b000011000111101 3
b000010100100011 4
b00011000111101 5
b111001001011 6
1>
b111001001011 @
b000010010010010 S
#64424
b0010001110 (
b110010100010 /
b000010100100011 0
b000010010010101 9
b000011011011111 :
b00010010010101 ;
1B
b110010100001 D
b000000110101001 I
b000000110100111 P
b000011000111100 S
#64432
0B
#64440
b0010001111 (
b110010100011 /
b000011000111101 1
b000010100100011 2
b000010010010110 9
b000011011011101 :
b00010010010110 ;
0>
1B
b110010100010 D
b000011000111101 S
#64448
0B
#64456
b0010010000 (
b110010100100 /
b000010010010111 9
b000011011011100 :
b00010010010111 ;
1B
b110010100011 D
b000000110101000 I
b000000110100110 P
#64460
b000011011011100 #
b000010010010100 $
b000011011011110 %
b000011000111110 3
b000010100100001 4
b00011000111110 5
b111001001100 6
1>
b111001001100 @
b000010010010100 S
#64464
0B
#64472
b0010010001 (
b110010100101 /
b000010100100001 0
b000010010011000 9
b000011011010100 :
b00010010011000 ;
1B
b110010100100 D
b000000110100111 I
b000000110100101 P
b000011000111101 S
#64480
0>
0B
#64488
b0010010010 (
b110010100110 /
b000011000111110 1
b000010100100001 2
b000010010011001 9
b000011011010101 :
b00010010011001 ;
1B
b110010100101 D
b000011000111110 S
#64496
0B
#64500
b000011011010101 #
b000010010010111 $
b000011011011100 %
b000011000111111 3
b000010100100000 4
b00011000111111 5
b111001001101 6
1>
b111001001101 @
b000010010010111 S
#64504
b0010010011 (
b110010100111 /
b000010100100000 0
b000010010011010 9
b000011011010111 :
b00010010011010 ;
1B
b110010100110 D
b000000110100110 I
b000000110100100 P
b000011000111110 S
#64512
0B
#64520
b0010010100 (
b110010101000 /
b000011000111111 1
b000010100100000 2
b000010010011011 9
b000011011010110 :
b00010010011011 ;
0>
1B
b110010100111 D
b000011000111111 S
#64528
0B
#64536
b0010010101 (
b110010101001 /
b000010010011100 9
b000011011010010 :
b00010010011100 ;
1B
b110010101000 D
b000000110100101 I
b000000110100011 P
#64540
b000011011010010 #
b000010010011001 $
b000011011010101 %
b000011001000000 3
b000010101100000 4
b00011001000000 5
b111001001110 6
1>
b111001001110 @
b000010010011001 S
#64544
0B
#64552
b0010010110 (
b110010101010 /
b000010101100000 0
b000010010011101 9
b000011011010011 :
b00010010011101 ;
1B
b110010101001 D
b000000110100100 I
b000000110100010 P
b000011000111111 S
#64560
0>
0B
#64568
b0010010111 (
b110010101011 /
b000011001000000 1
b000010101100000 2
b000010010011110 9
b000011011010001 :
b00010010011110 ;
1B
b110010101010 D
b000011001000000 S
#64576
0B
#64580
b000011011010001 #
b000010010011100 $
b000011011010010 %
b000011001000001 3
b000010101100001 4
b00011001000001 5
b111001001111 6
1>
b111001001111 @
b000010010011100 S
#64584
b0010011000 (
b110010101100 /
b000010101100001 0
b000010010011111 9
b000011011010000 :
b00010010011111 ;
1B
b110010101011 D
b000000110100011 I
b000000110100001 P
b000011001000000 S
#64592
0B
#64600
b0010011001 (
b110010101101 /
b000011001000001 1
b000010101100001 2
b000010010100000 9
b000011011110000 :
b00010010100000 ;
0>
1B
b110010101100 D
b000011001000001 S
#64608
0B
#64616
b0010011010 (
b110010101110 /
b000010010100001 9
b000011011110001 :
b00010010100001 ;
1B
b110010101101 D
b000000110100010 I
b000000110100000 P
#64620
b000011011110001 #
b000010010011110 $
b000011011010001 %
b000011001000010 3
b000010101100011 4
b00011001000010 5
b111001010000 6
1>
b111001010000 @
b000010010011110 S
#64624
0B
#64632
b0010011011 (
b110010101111 /
b000010101100011 0
b000010010100010 9
b000011011110011 :
b00010010100010 ;
1B
b110010101110 D
b000000110100001 I
b000000110011111 P
b000011001000001 S
#64640
0>
0B
#64648
b0010011100 (
b110010110000 /
b000011001000010 1
b000010101100011 2
b000010010100011 9
b000011011110010 :
b00010010100011 ;
1B
b110010101111 D
b000011001000010 S
#64656
0B
#64660
b000011011110010 #
b000010010100001 $
b000011011110001 %
b000011001000011 3
b000010101100010 4
b00011001000011 5
b111001010001 6
1>
b111001010001 @
b000010010100001 S
#64664
b0010011101 (
b110010110001 /
b000010101100010 0
b000010010100100 9
b000011011110110 :
b00010010100100 ;
1B
b110010110000 D
b000000110100000 I
b000000110011110 P
b000011001000010 S
#64672
0B
#64680
b0010011110 (
b110010110010 /
b000011001000011 1
b000010101100010 2
b000010010100101 9
b000011011110111 :
b00010010100101 ;
0>
1B
b110010110001 D
b000011001000011 S
#64688
0B
#64696
b0010011111 (
b110010110011 /
b000010010100110 9
b000011011110101 :
b00010010100110 ;
1B
b110010110010 D
b000000110011111 I
b000000110011101 P
#64700
b000011011110101 #
b000010010100011 $
b000011011110010 %
b000011001000100 3
b000010101100110 4
b00011001000100 5
b111001010010 6
1>
b111001010010 @
b000010010100011 S
#64704
0B
#64712
b0010100000 (
b110010110100 /
b000010101100110 0
b000010010100111 9
b000011011110100 :
b00010010100111 ;
1B
b110010110011 D
b000000110011110 I
b000000110011100 P
b000011001000011 S
#64720
0>
0B
#64728
b0010100001 (
b110010110101 /
b000011001000100 1
b000010101100110 2
b000010010101000 9
b000011011111100 :
b00010010101000 ;
1B
b110010110100 D
b000011001000100 S
#64736
0B
#64740
b000011011111100 #
b000010010100110 $
b000011011110101 %
b000011001000101 3
b000010101100111 4
b00011001000101 5
b111001010011 6
1>
b111001010011 @
b000010010100110 S
#64744
b0010100010 (
b110010110110 /
b000010101100111 0
b000010010101001 9
b000011011111101 :
b00010010101001 ;
1B
b110010110101 D
b000000110011101 I
b000000110011011 P
b000011001000100 S
#64752
0B
#64760
b0010100011 (
b110010110111 /
b000011001000101 1
b000010101100111 2
b000010010101010 9
b000011011111111 :
b00010010101010 ;
0>
1B
b110010110110 D
b000011001000101 S
#64768
0B
#64776
b0010100100 (
b110010111000 /
b000010010101011 9
b000011011111110 :
b00010010101011 ;
1B
b110010110111 D
b000000110011100 I
b000000110011010 P
#64780
b000011011111110 #
b000010010101000 $
b000011011111100 %
b000011001000110 3
b000010101100101 4
b00011001000110 5
b111001010100 6
1>
b111001010100 @
b000010010101000 S
#64784
0B
#64792
b0010100101 (
b110010111001 /
b000010101100101 0
b000010010101100 9
b000011011111010 :
b00010010101100 ;
1B
b110010111000 D
b000000110011011 I
b000000110011001 P
b000011001000101 S
#64800
0>
0B
#64808
b0010100110 (
b110010111010 /
b000011001000110 1
b000010101100101 2
b000010010101101 9
b000011011111011 :
b00010010101101 ;
1B
b110010111001 D
b000011001000110 S
#64816
0B
#64820
b000011011111011 #
b000010010101011 $
b000011011111110 %
b000011001000111 3
b000010101100100 4
b00011001000111 5
b111001010101 6
1>
b111001010101 @
b000010010101011 S
#64824
b0010100111 (
b110010111011 /
b000010101100100 0
b000010010101110 9
b000011011111001 :
b00010010101110 ;
1B
b110010111010 D
b000000110011010 I
b000000110011000 P
b000011001000110 S
#64832
0B
#64840
b0010101000 (
b110010111100 /
b000011001000111 1
b000010101100100 2
b000010010101111 9
b000011011111000 :
b00010010101111 ;
0>
1B
b110010111011 D
b000011001000111 S
#64848
0B
#64856
b0010101001 (
b110010111101 /
b000010010110000 9
b000011011101000 :
b00010010110000 ;
1B
b110010111100 D
b000000110011001 I
b000000110010111 P
#64860
b000011011101000 #
b000010010101101 $
b000011011111011 %
b000011001001000 3
b000010101101100 4
b00011001001000 5
b111001010110 6
1>
b111001010110 @
b000010010101101 S
#64864
0B
#64872
b0010101010 (
b110010111110 /
b000010101101100 0
b000010010110001 9
b000011011101001 :
b00010010110001 ;
1B
b110010111101 D
b000000110011000 I
b000000110010110 P
b000011001000111 S
#64880
0>
0B
#64888
b0010101011 (
b110010111111 /
b000011001001000 1
b000010101101100 2
b000010010110010 9
b000011011101011 :
b00010010110010 ;
1B
b110010111110 D
b000011001001000 S
#64896
0B
#64900
b000011011101011 #
b000010010110000 $
b000011011101000 %
b000011001001001 3
b000010101101101 4
b00011001001001 5
b111001010111 6
1>
b111001010111 @
b000010010110000 S
#64904
b0010101100 (
b110011000000 /
b000010101101101 0
b000010010110011 9
b000011011101010 :
b00010010110011 ;
1B
b110010111111 D
b000000110010111 I
b000000110010101 P
b000011001001000 S
#64912
0B
#64920
b0010101101 (
b110011000001 /
b000011001001001 1
b000010101101101 2
b000010010110100 9
b000011011101110 :
b00010010110100 ;
0>
1B
b110011000000 D
b000011001001001 S
#64928
0B
#64936
b0010101110 (
b110011000010 /
b000010010110101 9
b000011011101111 :
b00010010110101 ;
1B
b110011000001 D
b000000110010110 I
b000000110010100 P
#64940
b000011011101111 #
b000010010110010 $
b000011011101011 %
b000011001001010 3
b000010101101111 4
b00011001001010 5
b111001011000 6
1>
b111001011000 @
b000010010110010 S
#64944
0B
#64952
b0010101111 (
b110011000011 /
b000010101101111 0
b000010010110110 9
b000011011101101 :
b00010010110110 ;
1B
b110011000010 D
b000000110010101 I
b000000110010011 P
b000011001001001 S
#64960
0>
0B
#64968
b0010110000 (
b110011000100 /
b000011001001010 1
b000010101101111 2
b000010010110111 9
b000011011101100 :
b00010010110111 ;
1B
b110011000011 D
b000011001001010 S
#64976
0B
#64980
b000011011101100 #
b000010010110101 $
b000011011101111 %
b000011001001011 3
b000010101101110 4
b00011001001011 5
b111001011001 6
1>
b111001011001 @
b000010010110101 S
#64984
b0010110001 (
b110011000101 /
b000010101101110 0
b000010010111000 9
b000011011100100 :
b00010010111000 ;
1B
b110011000100 D
b000000110010100 I
b000000110010010 P
b000011001001010 S
#64992
0B
#65000
b0010110010 (
b110011000110 /
b000011001001011 1
b000010101101110 2
b000010010111001 9
b000011011100101 :
b00010010111001 ;
0>
1B
b110011000101 D
b000011001001011 S
#65008
0B
#65016
b0010110011 (
b110011000111 /
b000010010111010 9
b000011011100111 :
b00010010111010 ;
1B
b110011000110 D
b000000110010011 I
b000000110010001 P
#65020
b000011011100111 #
b000010010110111 $
b000011011101100 %
b000011001001100 3
b000010101101010 4
b00011001001100 5
b111001011010 6
1>
b111001011010 @
b000010010110111 S
#65024
0B
#65032
b0010110100 (
b110011001000 /
b000010101101010 0
b000010010111011 9
b000011011100110 :
b00010010111011 ;
1B
b110011000111 D
b000000110010010 I
b000000110010000 P
b000011001001011 S
#65040
0>
0B
#65048
b0010110101 (
b110011001001 /
b000011001001100 1
b000010101101010 2
b000010010111100 9
b000011011100010 :
b00010010111100 ;
1B
b110011001000 D
b000011001001100 S
#65056
0B
#65060
b000011011100010 #
b000010010111010 $
b000011011100111 %
b000011001001101 3
b000010101101011 4
b00011001001101 5
b111001011011 6
1>
b111001011011 @
b000010010111010 S
#65064
b0010110110 (
b110011001010 /
b000010101101011 0
b000010010111101 9
b000011011100011 :
b00010010111101 ;
1B
b110011001001 D
b000000110010001 I
b000000110001111 P
b000011001001100 S
#65072
0B
#65080
b0010110111 (
b110011001011 /
b000011001001101 1
b000010101101011 2
b000010010111110 9
b000011011100001 :
b00010010111110 ;
0>
1B
b110011001010 D
b000011001001101 S
#65088
0B
#65096
b0010111000 (
b110011001100 /
b000010010111111 9
b000011011100000 :
b00010010111111 ;
1B
b110011001011 D
b000000110010000 I
b000000110001110 P
#65100
b000011011100000 #
b000010010111100 $
b000011011100010 %
b000011001001110 3
b000010101101001 4
b00011001001110 5
b111001011100 6
1>
b111001011100 @
b000010010111100 S
#65104
0B
#65112
b0010111001 (
b110011001101 /
b000010101101001 0
b000010011000000 9
b000011010100000 :
b00010011000000 ;
1B
b110011001100 D
b000000110001111 I
b000000110001101 P
b000011001001101 S
#65120
0>
0B
#65128
b0010111010 (
b110011001110 /
b000011001001110 1
b000010101101001 2
b000010011000001 9
b000011010100001 :
b00010011000001 ;
1B
b110011001101 D
b000011001001110 S
#65136
0B
#65140
b000011010100001 #
b000010010111111 $
b000011011100000 %
b000011001001111 3
b000010101101000 4
b00011001001111 5
b111001011101 6
1>
b111001011101 @
b000010010111111 S
#65144
b0010111011 (
b110011001111 /
b000010101101000 0
b000010011000010 9
b000011010100011 :
b00010011000010 ;
1B
b110011001110 D
b000000110001110 I
b000000110001100 P
b000011001001110 S
#65152
0B
#65160
b0010111100 (
b110011010000 /
b000011001001111 1
b000010101101000 2
b000010011000011 9
b000011010100010 :
b00010011000011 ;
0>
1B
b110011001111 D
b000011001001111 S
#65168
0B
#65176
b0010111101 (
b110011010001 /
b000010011000100 9
b000011010100110 :
b00010011000100 ;
1B
b110011010000 D
b000000110001101 I
b000000110001011 P
#65180
b000011010100110 #
b000010011000001 $
b000011010100001 %
b000011001010000 3
b000010101111000 4
b00011001010000 5
b111001011110 6
1>
b111001011110 @
b000010011000001 S
#65184
0B
#65192
b0010111110 (
b110011010010 /
b000010101111000 0
b000010011000101 9
b000011010100111 :
b00010011000101 ;
1B
b110011010001 D
b000000110001100 I
b000000110001010 P
b000011001001111 S
#65200
0>
0B
#65208
b0010111111 (
b110011010011 /
b000011001010000 1
b000010101111000 2
b000010011000110 9
b000011010100101 :
b00010011000110 ;
1B
b110011010010 D
b000011001010000 S
#65216
0B
#65220
b000011010100101 #
b000010011000100 $
b000011010100110 %
b000011001010001 3
b000010101111001 4
b00011001010001 5
b111001011111 6
1>
b111001011111 @
b000010011000100 S
#65224
b0011000000 (
b110011010100 /
b000010101111001 0
b000010011000111 9
b000011010100100 :
b00010011000111 ;
1B
b110011010011 D
b000000110001011 I
b000000110001001 P
b000011001010000 S
#65232
0B
#65240
b0011000001 (
b110011010101 /
b000011001010001 1
b000010101111001 2
b000010011001000 9
b000011010101100 :
b00010011001000 ;
0>
1B
b110011010100 D
b000011001010001 S
#65248
0B
#65256
b0011000010 (
b110011010110 /
b000010011001001 9
b000011010101101 :
b00010011001001 ;
1B
b110011010101 D
b000000110001010 I
b000000110001000 P
#65260
b000011010101101 #
b000010011000110 $
b000011010100101 %
b000011001010010 3
b000010101111011 4
b00011001010010 5
b111001100000 6
1>
b111001100000 @
b000010011000110 S
#65264
0B
#65272
b0011000011 (
b110011010111 /
b000010101111011 0
b000010011001010 9
b000011010101111 :
b00010011001010 ;
1B
b110011010110 D
b000000110001001 I
b000000110000111 P
b000011001010001 S
#65280
0>
0B
#65288
b0011000100 (
b110011011000 /
b000011001010010 1
b000010101111011 2
b000010011001011 9
b000011010101110 :
b00010011001011 ;
1B
b110011010111 D
b000011001010010 S
#65296
0B
#65300
b000011010101110 #
b000010011001001 $
b000011010101101 %
b000011001010011 3
b000010101111010 4
b00011001010011 5
b111001100001 6
1>
b111001100001 @
b000010011001001 S
#65304
b0011000101 (
b110011011001 /
b000010101111010 0
b000010011001100 9
b000011010101010 :
b00010011001100 ;
1B
b110011011000 D
b000000110001000 I
b000000110000110 P
b000011001010010 S
#65312
0B
#65320
b0011000110 (
b110011011010 /
b000011001010011 1
b000010101111010 2
b000010011001101 9
b000011010101011 :
b00010011001101 ;
0>
1B
b110011011001 D
b000011001010011 S
#65328
0B
#65336
b0011000111 (
b110011011011 /
b000010011001110 9
b000011010101001 :
b00010011001110 ;
1B
b110011011010 D
b000000110000111 I
b000000110000101 P
#65340
b000011010101001 #
b000010011001011 $
b000011010101110 %
b000011001010100 3
b000010101111110 4
b00011001010100 5
b111001100010 6
1>
b111001100010 @
b000010011001011 S
#65344
0B
#65352
b0011001000 (
b110011011100 /
b000010101111110 0
b000010011001111 9
b000011010101000 :
b00010011001111 ;
1B
b110011011011 D
b000000110000110 I
b000000110000100 P
b000011001010011 S
#65360
0>
0B
#65368
b0011001001 (
b110011011101 /
b000011001010100 1
b000010101111110 2
b000010011010000 9
b000011010111000 :
b00010011010000 ;
1B
b110011011100 D
b000011001010100 S
#65376
0B
#65380
b000011010111000 #
b000010011001110 $
b000011010101001 %
b000011001010101 3
b000010101111111 4
b00011001010101 5
b111001100011 6
1>
b111001100011 @
b000010011001110 S
#65384
b0011001010 (
b110011011110 /
b000010101111111 0
b000010011010001 9
b000011010111001 :
b00010011010001 ;
1B
b110011011101 D
b000000110000101 I
b000000110000011 P
b000011001010100 S
#65392
0B
#65400
b0011001011 (
b110011011111 /
b000011001010101 1
b000010101111111 2
b000010011010010 9
b000011010111011 :
b00010011010010 ;
0>
1B
b110011011110 D
b000011001010101 S
#65408
0B
#65416
b0011001100 (
b110011100000 /
b000010011010011 9
b000011010111010 :
b00010011010011 ;
1B
b110011011111 D
b000000110000100 I
b000000110000010 P
#65420
b000011010111010 #
b000010011010000 $
b000011010111000 %
b000011001010110 3
b000010101111101 4
b00011001010110 5
b111001100100 6
1>
b111001100100 @
b000010011010000 S
#65424
0B
#65432
b0011001101 (
b110011100001 /
b000010101111101 0
b000010011010100 9
b000011010111110 :
b00010011010100 ;
1B
b110011100000 D
b000000110000011 I
b000000110000001 P
b000011001010101 S
#65440
0>
0B
#65448
b0011001110 (
b110011100010 /
b000011001010110 1
b000010101111101 2
b000010011010101 9
b000011010111111 :
b00010011010101 ;
1B
b110011100001 D
b000011001010110 S
#65456
0B
#65460
b000011010111111 #
b000010011010011 $
b000011010111010 %
b000011001010111 3
b000010101111100 4
b00011001010111 5
b111001100101 6
1>
b111001100101 @
b000010011010011 S
#65464
b0011001111 (
b110011100011 /
b000010101111100 0
b000010011010110 9
b000011010111101 :
b00010011010110 ;
1B
b110011100010 D
b000000110000010 I
b000000110000000 P
b000011001010110 S
#65472
0B
#65480
b0011010000 (
b110011100100 /
b000011001010111 1
b000010101111100 2
b000010011010111 9
b000011010111100 :
b00010011010111 ;
0>
1B
b110011100011 D
b000011001010111 S
#65488
0B
#65496
b0011010001 (
b110011100101 /
b000010011011000 9
b000011010110100 :
b00010011011000 ;
1B
b110011100100 D
b000000110000001 I
b000000101111111 P
#65500
b000011010110100 #
b000010011010101 $
b000011010111111 %
b000011001011000 3
b000010101110100 4
b00011001011000 5
b111001100110 6
1>
b111001100110 @
b000010011010101 S
#65504
0B
#65512
b0011010010 (
b110011100110 /
b000010101110100 0
b000010011011001 9
b000011010110101 :
b00010011011001 ;
1B
b110011100101 D
b000000110000000 I
b000000101111110 P
b000011001010111 S
#65520
0>
0B
#65528
b0011010011 (
b110011100111 /
b000011001011000 1
b000010101110100 2
b000010011011010 9
b000011010110111 :
b00010011011010 ;
1B
b110011100110 D
b000011001011000 S
#65536
0B
#65540
b000011010110111 #
b000010011011000 $
b000011010110100 %
b000011001011001 3
b000010101110101 4
b00011001011001 5
b111001100111 6
1>
b111001100111 @
b000010011011000 S
#65544
b0011010100 (
b110011101000 /
b000010101110101 0
b000010011011011 9
b000011010110110 :
b00010011011011 ;
1B
b110011100111 D
b000000101111111 I
b000000101111101 P
b000011001011000 S
#65552
0B
#65560
b0011010101 (
b110011101001 /
b000011001011001 1
b000010101110101 2
b000010011011100 9
b000011010110010 :
b00010011011100 ;
0>
1B
b110011101000 D
b000011001011001 S
#65568
0B
#65576
b0011010110 (
b110011101010 /
b000010011011101 9
b000011010110011 :
b00010011011101 ;
1B
b110011101001 D
b000000101111110 I
b000000101111100 P
#65580
b000011010110011 #
b000010011011010 $
b000011010110111 %
b000011001011010 3
b000010101110111 4
b00011001011010 5
b111001101000 6
1>
b111001101000 @
b000010011011010 S
#65584
0B
#65592
b0011010111 (
b110011101011 /
b000010101110111 0
b000010011011110 9
b000011010110001 :
b00010011011110 ;
1B
b110011101010 D
b000000101111101 I
b000000101111011 P
b000011001011001 S
#65600
0>
0B
#65608
b0011011000 (
b110011101100 /
b000011001011010 1
b000010101110111 2
b000010011011111 9
b000011010110000 :
b00010011011111 ;
1B
b110011101011 D
b000011001011010 S
#65616
0B
#65620
b000011010110000 #
b000010011011101 $
b000011010110011 %
b000011001011011 3
b000010101110110 4
b00011001011011 5
b111001101001 6
1>
b111001101001 @
b000010011011101 S
#65624
b0011011001 (
b110011101101 /
b000010101110110 0
b000010011100000 9
b000011010010000 :
b00010011100000 ;
1B
b110011101100 D
b000000101111100 I
b000000101111010 P
b000011001011010 S
#65632
0B
#65640
b0011011010 (
b110011101110 /
b000011001011011 1
b000010101110110 2
b000010011100001 9
b000011010010001 :
b00010011100001 ;
0>
1B
b110011101101 D
b000011001011011 S
#65648
0B
#65656
b0011011011 (
b110011101111 /
b000010011100010 9
b000011010010011 :
b00010011100010 ;
1B
b110011101110 D
b000000101111011 I
b000000101111001 P
#65660
b000011010010011 #
b000010011011111 $
b000011010110000 %
b000011001011100 3
b000010101110010 4
b00011001011100 5
b111001101010 6
1>
b111001101010 @
b000010011011111 S
#65664
0B
#65672
b0011011100 (
b110011110000 /
b000010101110010 0
b000010011100011 9
b000011010010010 :
b00010011100011 ;
1B
b110011101111 D
b000000101111010 I
b000000101111000 P
b000011001011011 S
#65680
0>
0B
#65688
b0011011101 (
b110011110001 /
b000011001011100 1
b000010101110010 2
b000010011100100 9
b000011010010110 :
b00010011100100 ;
1B
b110011110000 D
b000011001011100 S
#65696
0B
#65700
b000011010010110 #
b000010011100010 $
b000011010010011 %
b000011001011101 3
b000010101110011 4
b00011001011101 5
b111001101011 6
1>
b111001101011 @
b000010011100010 S
#65704
b0011011110 (
b110011110010 /
b000010101110011 0
b000010011100101 9
b000011010010111 :
b00010011100101 ;
1B
b110011110001 D
b000000101111001 I
b000000101110111 P
b000011001011100 S
#65712
0B
#65720
b0011011111 (
b110011110011 /
b000011001011101 1
b000010101110011 2
b000010011100110 9
b000011010010101 :
b00010011100110 ;
0>
1B
b110011110010 D
b000011001011101 S
#65728
0B
#65736
b0011100000 (
b110011110100 /
b000010011100111 9
b000011010010100 :
b00010011100111 ;
1B
b110011110011 D
b000000101111000 I
b000000101110110 P
#65740
b000011010010100 #
b000010011100100 $
b000011010010110 %
b000011001011110 3
b000010101110001 4
b00011001011110 5
b111001101100 6
1>
b111001101100 @
b000010011100100 S
#65744
0B
#65752
b0011100001 (
b110011110101 /
b000010101110001 0
b000010011101000 9
b000011010011100 :
b00010011101000 ;
1B
b110011110100 D
b000000101110111 I
b000000101110101 P
b000011001011101 S
#65760
0>
0B
#65768
b0011100010 (
b110011110110 /
b000011001011110 1
b000010101110001 2
b000010011101001 9
b000011010011101 :
b00010011101001 ;
1B
b110011110101 D
b000011001011110 S
#65776
0B
#65780
b000011010011101 #
b000010011100111 $
b000011010010100 %
b000011001011111 3
b000010101110000 4
b00011001011111 5
b111001101101 6
1>
b111001101101 @
b000010011100111 S
#65784
b0011100011 (
b110011110111 /
b000010101110000 0
b000010011101010 9
b000011010011111 :
b00010011101010 ;
1B
b110011110110 D
b000000101110110 I
b000000101110100 P
b000011001011110 S
#65792
0B
#65800
b0011100100 (
b110011111000 /
b000011001011111 1
b000010101110000 2
b000010011101011 9
b000011010011110 :
b00010011101011 ;
0>
1B
b110011110111 D
b000011001011111 S
#65808
0B
#65816
b0011100101 (
b110011111001 /
b000010011101100 9
b000011010011010 :
b00010011101100 ;
1B
b110011111000 D
b000000101110101 I
b000000101110011 P
#65820
b000011010011010 #
b000010011101001 $
b000011010011101 %
b000011001100000 3
b000010101010000 4
b00011001100000 5
b111001101110 6
1>
b111001101110 @
b000010011101001 S
#65824
0B
#65832
b0011100110 (
b110011111010 /
b000010101010000 0
b000010011101101 9
b000011010011011 :
b00010011101101 ;
1B
b110011111001 D
b000000101110100 I
b000000101110010 P
b000011001011111 S
#65840
0>
0B
#65848
b0011100111 (
b110011111011 /
b000011001100000 1
b000010101010000 2
b000010011101110 9
b000011010011001 :
b00010011101110 ;
1B
b110011111010 D
b000011001100000 S
#65856
0B
#65860
b000011010011001 #
b000010011101100 $
b000011010011010 %
b000011001100001 3
b000010101010001 4
b00011001100001 5
b111001101111 6
1>
b111001101111 @
b000010011101100 S
#65864
b0011101000 (
b110011111100 /
b000010101010001 0
b000010011101111 9
b000011010011000 :
b00010011101111 ;
1B
b110011111011 D
b000000101110011 I
b000000101110001 P
b000011001100000 S
#65872
0B
#65880
b0011101001 (
b110011111101 /
b000011001100001 1
b000010101010001 2
b000010011110000 9
b000011010001000 :
b00010011110000 ;
0>
1B
b110011111100 D
b000011001100001 S
#65888
0B
#65896
b0011101010 (
b110011111110 /
b000010011110001 9
b000011010001001 :
b00010011110001 ;
1B
b110011111101 D
b000000101110010 I
b000000101110000 P
#65900
b000011010001001 #
b000010011101110 $
b000011010011001 %
b000011001100010 3
b000010101010011 4
b00011001100010 5
b111001110000 6
1>
b111001110000 @
b000010011101110 S
#65904
0B
#65912
b0011101011 (
b110011111111 /
b000010101010011 0
b000010011110010 9
b000011010001011 :
b00010011110010 ;
1B
b110011111110 D
b000000101110001 I
b000000101101111 P
b000011001100001 S
#65920
0>
0B
#65928
b0011101100 (
b110100000000 /
b000011001100010 1
b000010101010011 2
b000010011110011 9
b000011010001010 :
b00010011110011 ;
1B
b110011111111 D
b000011001100010 S
#65936
0B
#65940
b000011010001010 #
b000010011110001 $
b000011010001001 %
b000011001100011 3
b000010101010010 4
b00011001100011 5
b111001110001 6
1>
b111001110001 @
b000010011110001 S
#65944
b0011101101 (
b110100000001 /
b000010101010010 0
b000010011110100 9
b000011010001110 :
b00010011110100 ;
1B
b110100000000 D
b000000101110000 I
b000000101101110 P
b000011001100010 S
#65952
0B
#65960
b0011101110 (
b110100000010 /
b000011001100011 1
b000010101010010 2
b000010011110101 9
b000011010001111 :
b00010011110101 ;
0>
1B
b110100000001 D
b000011001100011 S
#65968
0B
#65976
b0011101111 (
b110100000011 /
b000010011110110 9
b000011010001101 :
b00010011110110 ;
1B
b110100000010 D
b000000101101111 I
b000000101101101 P
#65980
b000011010001101 #
b000010011110011 $
b000011010001010 %
b000011001100100 3
b000010101010110 4
b00011001100100 5
b111001110010 6
1>
b111001110010 @
b000010011110011 S
#65984
0B
#65992
b0011110000 (
b110100000100 /
b000010101010110 0
b000010011110111 9
b000011010001100 :
b00010011110111 ;
1B
b110100000011 D
b000000101101110 I
b000000101101100 P
b000011001100011 S
#66000
0>
0B
#66008
b0011110001 (
b110100000101 /
b000011001100100 1
b000010101010110 2
b000010011111000 9
b000011010000100 :
b00010011111000 ;
1B
b110100000100 D
b000011001100100 S
#66016
0B
#66020
b000011010000100 #
b000010011110110 $
b000011010001101 %
b000011001100101 3
b000010101010111 4
b00011001100101 5
b111001110011 6
1>
b111001110011 @
b000010011110110 S
#66024
b0011110010 (
b110100000110 /
b000010101010111 0
b000010011111001 9
b000011010000101 :
b00010011111001 ;
1B
b110100000101 D
b000000101101101 I
b000000101101011 P
b000011001100100 S
#66032
0B
#66040
b0011110011 (
b110100000111 /
b000011001100101 1
b000010101010111 2
b000010011111010 9
b000011010000111 :
b00010011111010 ;
0>
1B
b110100000110 D
b000011001100101 S
#66048
0B
#66056
b0011110100 (
b110100001000 /
b000010011111011 9
b000011010000110 :
b00010011111011 ;
1B
b110100000111 D
b000000101101100 I
b000000101101010 P
#66060
b000011010000110 #
b000010011111000 $
b000011010000100 %
b000011001100110 3
b000010101010101 4
b00011001100110 5
b111001110100 6
1>
b111001110100 @
b000010011111000 S
#66064
0B
#66072
b0011110101 (
b110100001001 /
b000010101010101 0
b000010011111100 9
b000011010000010 :
b00010011111100 ;
1B
b110100001000 D
b000000101101011 I
b000000101101001 P
b000011001100101 S
#66080
0>
0B
#66088
b0011110110 (
b110100001010 /
b000011001100110 1
b000010101010101 2
b000010011111101 9
b000011010000011 :
b00010011111101 ;
1B
b110100001001 D
b000011001100110 S
#66096
0B
#66100
b000011010000011 #
b000010011111011 $
b000011010000110 %
b000011001100111 3
b000010101010100 4
b00011001100111 5
b111001110101 6
1>
b111001110101 @
b000010011111011 S
#66104
b0011110111 (
b110100001011 /
b000010101010100 0
b000010011111110 9
b000011010000001 :
b00010011111110 ;
1B
b110100001010 D
b000000101101010 I
b000000101101000 P
b000011001100110 S
#66112
0B
#66120
b0011111000 (
b110100001100 /
b000011001100111 1
b000010101010100 2
b000010011111111 9
b000011010000000 :
b00010011111111 ;
0>
1B
b110100001011 D
b000011001100111 S
#66128
0B
#66136
b0011111001 (
b110100001101 /
b000010100000000 9
b000011110000000 :
b00010100000000 ;
1B
b110100001100 D
b000000101101001 I
b000000101100111 P
#66140
b000011110000000 #
b000010011111101 $
b000011010000011 %
b000011001101000 3
b000010101011100 4
b00011001101000 5
b111001110110 6
1>
b111001110110 @
b000010011111101 S
#66144
0B
#66152
b0011111010 (
b110100001110 /
b000010101011100 0
b000010100000001 9
b000011110000001 :
b00010100000001 ;
1B
b110100001101 D
b000000101101000 I
b000000101100110 P
b000011001100111 S
#66160
0>
0B
#66168
b0011111011 (
b110100001111 /
b000011001101000 1
b000010101011100 2
b000010100000010 9
b000011110000011 :
b00010100000010 ;
1B
b110100001110 D
b000011001101000 S
#66176
0B
#66180
b000011110000011 #
b000010100000000 $
b000011110000000 %
b000011001101001 3
b000010101011101 4
b00011001101001 5
b111001110111 6
1>
b111001110111 @
b000010100000000 S
#66184
b0011111100 (
b110100010000 /
b000010101011101 0
b000010100000011 9
b000011110000010 :
b00010100000011 ;
1B
b110100001111 D
b000000101100111 I
b000000101100101 P
b000011001101000 S
#66192
0B
#66200
b0011111101 (
b110100010001 /
b000011001101001 1
b000010101011101 2
b000010100000100 9
b000011110000110 :
b00010100000100 ;
0>
1B
b110100010000 D
b000011001101001 S
#66208
0B
#66216
b0011111110 (
b110100010010 /
b000010100000101 9
b000011110000111 :
b00010100000101 ;
1B
b110100010001 D
b000000101100110 I
b000000101100100 P
#66220
b000011110000111 #
b000010100000010 $
b000011110000011 %
b000011001101010 3
b000010101011111 4
b00011001101010 5
b111001111000 6
1>
b111001111000 @
b000010100000010 S
#66224
0B
#66232
b0011111111 (
b110100010011 /
b000010101011111 0
b000010100000110 9
b000011110000101 :
b00010100000110 ;
1B
b110100010010 D
b000000101100101 I
b000000101100011 P
b000011001101001 S
#66240
0>
0B
#66248
b0100000000 (
b110100010100 /
b000011001101010 1
b000010101011111 2
b000010100000111 9
b000011110000100 :
b00010100000111 ;
1B
b110100010011 D
b000011001101010 S
#66256
0B
#66260
b000011110000100 #
b000010100000101 $
b000011110000111 %
b000011001101011 3
b000010101011110 4
b00011001101011 5
b111001111001 6
1>
b111001111001 @
b000010100000101 S
#66264
b0100000001 (
b110100010101 /
b000010101011110 0
b000010100001000 9
b000011110001100 :
b00010100001000 ;
1B
b110100010100 D
b000000101100100 I
b000000101100010 P
b000011001101010 S
#66272
0B
#66280
b0100000010 (
b110100010110 /
b000011001101011 1
b000010101011110 2
b000010100001001 9
b000011110001101 :
b00010100001001 ;
0>
1B
b110100010101 D
b000011001101011 S
#66288
0B
#66296
b0100000011 (
b110100010111 /
b000010100001010 9
b000011110001111 :
b00010100001010 ;
1B
b110100010110 D
b000000101100011 I
b000000101100001 P
#66300
b000011110001111 #
b000010100000111 $
b000011110000100 %
b000011001101100 3
b000010101011010 4
b00011001101100 5
b111001111010 6
1>
b111001111010 @
b000010100000111 S
#66304
0B
#66312
b0100000100 (
b110100011000 /
b000010101011010 0
b000010100001011 9
b000011110001110 :
b00010100001011 ;
1B
b110100010111 D
b000000101100010 I
b000000101100000 P
b000011001101011 S
#66320
0>
0B
#66328
b0100000101 (
b110100011001 /
b000011001101100 1
b000010101011010 2
b000010100001100 9
b000011110001010 :
b00010100001100 ;
1B
b110100011000 D
b000011001101100 S
#66336
0B
#66340
b000011110001010 #
b000010100001010 $
b000011110001111 %
b000011001101101 3
b000010101011011 4
b00011001101101 5
b111001111011 6
1>
b111001111011 @
b000010100001010 S
#66344
b0100000110 (
b110100011010 /
b000010101011011 0
b000010100001101 9
b000011110001011 :
b00010100001101 ;
1B
b110100011001 D
b000000101100001 I
b000000101011111 P
b000011001101100 S
#66352
0B
#66360
b0100000111 (
b110100011011 /
b000011001101101 1
b000010101011011 2
b000010100001110 9
b000011110001001 :
b00010100001110 ;
0>
1B
b110100011010 D
b000011001101101 S
#66368
0B
#66376
b0100001000 (
b110100011100 /
b000010100001111 9
b000011110001000 :
b00010100001111 ;
1B
b110100011011 D
b000000101100000 I
b000000101011110 P
#66380
b000011110001000 #
b000010100001100 $
b000011110001010 %
b000011001101110 3
b000010101011001 4
b00011001101110 5
b111001111100 6
1>
b111001111100 @
b000010100001100 S
#66384
0B
#66392
b0100001001 (
b110100011101 /
b000010101011001 0
b000010100010000 9
b000011110011000 :
b00010100010000 ;
1B
b110100011100 D
b000000101011111 I
b000000101011101 P
b000011001101101 S
#66400
0>
0B
#66408
b0100001010 (
b110100011110 /
b000011001101110 1
b000010101011001 2
b000010100010001 9
b000011110011001 :
b00010100010001 ;
1B
b110100011101 D
b000011001101110 S
#66416
0B
#66420
b000011110011001 #
b000010100001111 $
b000011110001000 %
b000011001101111 3
b000010101011000 4
b00011001101111 5
b111001111101 6
1>
b111001111101 @
b000010100001111 S
#66424
b0100001011 (
b110100011111 /
b000010101011000 0
b000010100010010 9
b000011110011011 :
b00010100010010 ;
1B
b110100011110 D
b000000101011110 I
b000000101011100 P
b000011001101110 S
#66432
0B
#66440
b0100001100 (
b110100100000 /
b000011001101111 1
b000010101011000 2
b000010100010011 9
b000011110011010 :
b00010100010011 ;
0>
1B
b110100011111 D
b000011001101111 S
#66448
0B
#66456
b0100001101 (
b110100100001 /
b000010100010100 9
b000011110011110 :
b00010100010100 ;
1B
b110100100000 D
b000000101011101 I
b000000101011011 P
#66460
b000011110011110 #
b000010100010001 $
b000011110011001 %
b000011001110000 3
b000010101001000 4
b00011001110000 5
b111001111110 6
1>
b111001111110 @
b000010100010001 S
#66464
0B
#66472
b0100001110 (
b110100100010 /
b000010101001000 0
b000010100010101 9
b000011110011111 :
b00010100010101 ;
1B
b110100100001 D
b000000101011100 I
b000000101011010 P
b000011001101111 S
#66480
0>
0B
#66488
b0100001111 (
b110100100011 /
b000011001110000 1
b000010101001000 2
b000010100010110 9
b000011110011101 :
b00010100010110 ;
1B
b110100100010 D
b000011001110000 S
#66496
0B
#66500
b000011110011101 #
b000010100010100 $
b000011110011110 %
b000011001110001 3
b000010101001001 4
b00011001110001 5
b111001111111 6
1>
b111001111111 @
b000010100010100 S
#66504
b0100010000 (
b110100100100 /
b000010101001001 0
b000010100010111 9
b000011110011100 :
b00010100010111 ;
1B
b110100100011 D
b000000101011011 I
b000000101011001 P
b000011001110000 S
#66512
0B
#66520
b0100010001 (
b110100100101 /
b000011001110001 1
b000010101001001 2
b000010100011000 9
b000011110010100 :
b00010100011000 ;
0>
1B
b110100100100 D
b000011001110001 S
#66528
0B
#66536
b0100010010 (
b110100100110 /
b000010100011001 9
b000011110010101 :
b00010100011001 ;
1B
b110100100101 D
b000000101011010 I
b000000101011000 P
#66540
b000011110010101 #
b000010100010110 $
b000011110011101 %
b000011001110010 3
b000010101001011 4
b00011001110010 5
b111010000000 6
1>
b111010000000 @
b000010100010110 S
#66544
0B
#66552
b0100010011 (
b110100100111 /
b000010101001011 0
b000010100011010 9
b000011110010111 :
b00010100011010 ;
1B
b110100100110 D
b000000101011001 I
b000000101010111 P
b000011001110001 S
#66560
0>
0B
#66568
b0100010100 (
b110100101000 /
b000011001110010 1
b000010101001011 2
b000010100011011 9
b000011110010110 :
b00010100011011 ;
1B
b110100100111 D
b000011001110010 S
#66576
0B
#66580
b000011110010110 #
b000010100011001 $
b000011110010101 %
b000011001110011 3
b000010101001010 4
b00011001110011 5
b111010000001 6
1>
b111010000001 @
b000010100011001 S
#66584
b0100010101 (
b110100101001 /
b000010101001010 0
b000010100011100 9
b000011110010010 :
b00010100011100 ;
1B
b110100101000 D
b000000101011000 I
b000000101010110 P
b000011001110010 S
#66592
0B
#66600
b0100010110 (
b110100101010 /
b000011001110011 1
b000010101001010 2
b000010100011101 9
b000011110010011 :
b00010100011101 ;
0>
1B
b110100101001 D
b000011001110011 S
#66608
0B
#66616
b0100010111 (
b110100101011 /
b000010100011110 9
b000011110010001 :
b00010100011110 ;
1B
b110100101010 D
b000000101010111 I
b000000101010101 P
#66620
b000011110010001 #
b000010100011011 $
b000011110010110 %
b000011001110100 3
b000010101001110 4
b00011001110100 5
b111010000010 6
1>
b111010000010 @
b000010100011011 S
#66624
0B
#66632
b0100011000 (
b110100101100 /
b000010101001110 0
b000010100011111 9
b000011110010000 :
b00010100011111 ;
1B
b110100101011 D
b000000101010110 I
b000000101010100 P
b000011001110011 S
#66640
0>
0B
#66648
b0100011001 (
b110100101101 /
b000011001110100 1
b000010101001110 2
b000010100100000 9
b000011110110000 :
b00010100100000 ;
1B
b110100101100 D
b000011001110100 S
#66656
0B
#66660
b000011110110000 #
b000010100011110 $
b000011110010001 %
b000011001110101 3
b000010101001111 4
b00011001110101 5
b111010000011 6
1>
b111010000011 @
b000010100011110 S
#66664
b0100011010 (
b110100101110 /
b000010101001111 0
b000010100100001 9
b000011110110001 :
b00010100100001 ;
1B
b110100101101 D
b000000101010101 I
b000000101010011 P
b000011001110100 S
#66672
0B
#66680
b0100011011 (
b110100101111 /
b000011001110101 1
b000010101001111 2
b000010100100010 9
b000011110110011 :
b00010100100010 ;
0>
1B
b110100101110 D
b000011001110101 S
#66688
0B
#66696
b0100011100 (
b110100110000 /
b000010100100011 9
b000011110110010 :
b00010100100011 ;
1B
b110100101111 D
b000000101010100 I
b000000101010010 P
#66700
b000011110110010 #
b000010100100000 $
b000011110110000 %
b000011001110110 3
b000010101001101 4
b00011001110110 5
b111010000100 6
1>
b111010000100 @
b000010100100000 S
#66704
0B
#66712
b0100011101 (
b110100110001 /
b000010101001101 0
b000010100100100 9
b000011110110110 :
b00010100100100 ;
1B
b110100110000 D
b000000101010011 I
b000000101010001 P
b000011001110101 S
#66720
0>
0B
#66728
b0100011110 (
b110100110010 /
b000011001110110 1
b000010101001101 2
b000010100100101 9
b000011110110111 :
b00010100100101 ;
1B
b110100110001 D
b000011001110110 S
#66736
0B
#66740
b000011110110111 #
b000010100100011 $
b000011110110010 %
b000011001110111 3
b000010101001100 4
b00011001110111 5
b111010000101 6
1>
b111010000101 @
b000010100100011 S
#66744
b0100011111 (
b110100110011 /
b000010101001100 0
b000010100100110 9
b000011110110101 :
b00010100100110 ;
1B
b110100110010 D
b000000101010010 I
b000000101010000 P
b000011001110110 S
#66752
0B
#66760
b0100100000 (
b110100110100 /
b000011001110111 1
b000010101001100 2
b000010100100111 9
b000011110110100 :
b00010100100111 ;
0>
1B
b110100110011 D
b000011001110111 S
#66768
0B
#66776
b0100100001 (
b110100110101 /
b000010100101000 9
b000011110111100 :
b00010100101000 ;
1B
b110100110100 D
b000000101010001 I
b000000101001111 P
#66780
b000011110111100 #
b000010100100101 $
b000011110110111 %
b000011001111000 3
b000010101000100 4
b00011001111000 5
b111010000110 6
1>
b111010000110 @
b000010100100101 S
#66784
0B
#66792
b0100100010 (
b110100110110 /
b000010101000100 0
b000010100101001 9
b000011110111101 :
b00010100101001 ;
1B
b110100110101 D
b000000101010000 I
b000000101001110 P
b000011001110111 S
#66800
0>
0B
#66808
b0100100011 (
b110100110111 /
b000011001111000 1
b000010101000100 2
b000010100101010 9
b000011110111111 :
b00010100101010 ;
1B
b110100110110 D
b000011001111000 S
#66816
0B
#66820
b000011110111111 #
b000010100101000 $
b000011110111100 %
b000011001111001 3
b000010101000101 4
b00011001111001 5
b111010000111 6
1>
b111010000111 @
b000010100101000 S
#66824
b0100100100 (
b110100111000 /
b000010101000101 0
b000010100101011 9
b000011110111110 :
b00010100101011 ;
1B
b110100110111 D
b000000101001111 I
b000000101001101 P
b000011001111000 S
#66832
0B
#66840
b0100100101 (
b110100111001 /
b000011001111001 1
b000010101000101 2
b000010100101100 9
b000011110111010 :
b00010100101100 ;
0>
1B
b110100111000 D
b000011001111001 S
#66848
0B
#66856
b0100100110 (
b110100111010 /
b000010100101101 9
b000011110111011 :
b00010100101101 ;
1B
b110100111001 D
b000000101001110 I
b000000101001100 P
#66860
b000011110111011 #
b000010100101010 $
b000011110111111 %
b000011001111010 3
b000010101000111 4
b00011001111010 5
b111010001000 6
1>
b111010001000 @
b000010100101010 S
#66864
0B
#66872
b0100100111 (
b110100111011 /
b000010101000111 0
b000010100101110 9
b000011110111001 :
b00010100101110 ;
1B
b110100111010 D
b000000101001101 I
b000000101001011 P
b000011001111001 S
#66880
0>
0B
#66888
b0100101000 (
b110100111100 /
b000011001111010 1
b000010101000111 2
b000010100101111 9
b000011110111000 :
b00010100101111 ;
1B
b110100111011 D
b000011001111010 S
#66896
0B
#66900
b000011110111000 #
b000010100101101 $
b000011110111011 %
b000011001111011 3
b000010101000110 4
b00011001111011 5
b111010001001 6
1>
b111010001001 @
b000010100101101 S
#66904
b0100101001 (
b110100111101 /
b000010101000110 0
b000010100110000 9
b000011110101000 :
b00010100110000 ;
1B
b110100111100 D
b000000101001100 I
b000000101001010 P
b000011001111010 S
#66912
0B
#66920
b0100101010 (
b110100111110 /
b000011001111011 1
b000010101000110 2
b000010100110001 9
b000011110101001 :
b00010100110001 ;
0>
1B
b110100111101 D
b000011001111011 S
#66928
0B
#66936
b0100101011 (
b110100111111 /
b000010100110010 9
b000011110101011 :
b00010100110010 ;
1B
b110100111110 D
b000000101001011 I
b000000101001001 P
#66940
b000011110101011 #
b000010100101111 $
b000011110111000 %
b000011001111100 3
b000010101000010 4
b00011001111100 5
b111010001010 6
1>
b111010001010 @
b000010100101111 S
#66944
0B
#66952
b0100101100 (
b110101000000 /
b000010101000010 0
b000010100110011 9
b000011110101010 :
b00010100110011 ;
1B
b110100111111 D
b000000101001010 I
b000000101001000 P
b000011001111011 S
#66960
0>
0B
#66968
b0100101101 (
b110101000001 /
b000011001111100 1
b000010101000010 2
b000010100110100 9
b000011110101110 :
b00010100110100 ;
1B
b110101000000 D
b000011001111100 S
#66976
0B
#66980
b000011110101110 #
b000010100110010 $
b000011110101011 %
b000011001111101 3
b000010101000011 4
b00011001111101 5
b111010001011 6
1>
b111010001011 @
b000010100110010 S
#66984
b0100101110 (
b110101000010 /
b000010101000011 0
b000010100110101 9
b000011110101111 :
b00010100110101 ;
1B
b110101000001 D
b000000101001001 I
b000000101000111 P
b000011001111100 S
#66992
0B
#67000
b0100101111 (
b110101000011 /
b000011001111101 1
b000010101000011 2
b000010100110110 9
b000011110101101 :
b00010100110110 ;
0>
1B
b110101000010 D
b000011001111101 S
#67008
0B
#67016
b0100110000 (
b110101000100 /
b000010100110111 9
b000011110101100 :
b00010100110111 ;
1B
b110101000011 D
b000000101001000 I
b000000101000110 P
#67020
b000011110101100 #
b000010100110100 $
b000011110101110 %
b000011001111110 3
b000010101000001 4
b00011001111110 5
b111010001100 6
1>
b111010001100 @
b000010100110100 S
#67024
0B
#67032
b0100110001 (
b110101000101 /
b000010101000001 0
b000010100111000 9
b000011110100100 :
b00010100111000 ;
1B
b110101000100 D
b000000101000111 I
b000000101000101 P
b000011001111101 S
#67040
0>
0B
#67048
b0100110010 (
b110101000110 /
b000011001111110 1
b000010101000001 2
b000010100111001 9
b000011110100101 :
b00010100111001 ;
1B
b110101000101 D
b000011001111110 S
#67056
0B
#67060
b000011110100101 #
b000010100110111 $
b000011110101100 %
b000011001111111 3
b000010101000000 4
b00011001111111 5
b111010001101 6
1>
b111010001101 @
b000010100110111 S
#67064
b0100110011 (
b110101000111 /
b000010101000000 0
b000010100111010 9
b000011110100111 :
b00010100111010 ;
1B
b110101000110 D
b000000101000110 I
b000000101000100 P
b000011001111110 S
#67072
0B
#67080
b0100110100 (
b110101001000 /
b000011001111111 1
b000010101000000 2
b000010100111011 9
b000011110100110 :
b00010100111011 ;
0>
1B
b110101000111 D
b000011001111111 S
#67088
0B
#67096
b0100110101 (
b110101001001 /
b000010100111100 9
b000011110100010 :
b00010100111100 ;
1B
b110101001000 D
b000000101000101 I
b000000101000011 P
#67100
b000011110100010 #
b000010100111001 $
b000011110100101 %
b000011010000000 3
b000010111000000 4
b00011010000000 5
b111010001110 6
1>
b111010001110 @
b000010100111001 S
#67104
0B
#67112
b0100110110 (
b110101001010 /
b000010111000000 0
b000010100111101 9
b000011110100011 :
b00010100111101 ;
1B
b110101001001 D
b000000101000100 I
b000000101000010 P
b000011001111111 S
#67120
0>
0B
#67128
b0100110111 (
b110101001011 /
b000011010000000 1
b000010111000000 2
b000010100111110 9
b000011110100001 :
b00010100111110 ;
1B
b110101001010 D
b000011010000000 S
#67136
0B
#67140
b000011110100001 #
b000010100111100 $
b000011110100010 %
b000011010000001 3
b000010111000001 4
b00011010000001 5
b111010001111 6
1>
b111010001111 @
b000010100111100 S
#67144
b0100111000 (
b110101001100 /
b000010111000001 0
b000010100111111 9
b000011110100000 :
b00010100111111 ;
1B
b110101001011 D
b000000101000011 I
b000000101000001 P
b000011010000000 S
#67152
0B
#67160
b0100111001 (
b110101001101 /
b000011010000001 1
b000010111000001 2
b000010101000000 9
b000011111100000 :
b00010101000000 ;
0>
1B
b110101001100 D
b000011010000001 S
#67168
0B
#67176
b0100111010 (
b110101001110 /
b000010101000001 9
b000011111100001 :
b00010101000001 ;
1B
b110101001101 D
b000000101000010 I
b000000101000000 P
#67180
b000011111100001 #
b000010100111110 $
b000011110100001 %
b000011010000010 3
b000010111000011 4
b00011010000010 5
b111010010000 6
1>
b111010010000 @
b000010100111110 S
#67184
0B
#67192
b0100111011 (
b110101001111 /
b000010111000011 0
b000010101000010 9
b000011111100011 :
b00010101000010 ;
1B
b110101001110 D
b000000101000001 I
b000000100111111 P
b000011010000001 S
#67200
0>
0B
#67208
b0100111100 (
b110101010000 /
b000011010000010 1
b000010111000011 2
b000010101000011 9
b000011111100010 :
b00010101000011 ;
1B
b110101001111 D
b000011010000010 S
#67216
0B
#67220
b000011111100010 #
b000010101000001 $
b000011111100001 %
b000011010000011 3
b000010111000010 4
b00011010000011 5
b111010010001 6
1>
b111010010001 @
b000010101000001 S
#67224
b0100111101 (
b110101010001 /
b000010111000010 0
b000010101000100 9
b000011111100110 :
b00010101000100 ;
1B
b110101010000 D
b000000101000000 I
b000000100111110 P
b000011010000010 S
#67232
0B
#67240
b0100111110 (
b110101010010 /
b000011010000011 1
b000010111000010 2
b000010101000101 9
b000011111100111 :
b00010101000101 ;
0>
1B
b110101010001 D
b000011010000011 S
#67248
0B
#67256
b0100111111 (
b110101010011 /
b000010101000110 9
b000011111100101 :
b00010101000110 ;
1B
b110101010010 D
b000000100111111 I
b000000100111101 P
#67260
b000011111100101 #
b000010101000011 $
b000011111100010 %
b000011010000100 3
b000010111000110 4
b00011010000100 5
b111010010010 6
1>
b111010010010 @
b000010101000011 S
#67264
0B
#67272
b0101000000 (
b110101010100 /
b000010111000110 0
b000010101000111 9
b000011111100100 :
b00010101000111 ;
1B
b110101010011 D
b000000100111110 I
b000000100111100 P
b000011010000011 S
#67280
0>
0B
#67288
b0101000001 (
b110101010101 /
b000011010000100 1
b000010111000110 2
b000010101001000 9
b000011111101100 :
b00010101001000 ;
1B
b110101010100 D
b000011010000100 S
#67296
0B
#67300
b000011111101100 #
b000010101000110 $
b000011111100101 %
b000011010000101 3
b000010111000111 4
b00011010000101 5
b111010010011 6
1>
b111010010011 @
b000010101000110 S
#67304
b0101000010 (
b110101010110 /
b000010111000111 0
b000010101001001 9
b000011111101101 :
b00010101001001 ;
1B
b110101010101 D
b000000100111101 I
b000000100111011 P
b000011010000100 S
#67312
0B
#67320
b0101000011 (
b110101010111 /
b000011010000101 1
b000010111000111 2
b000010101001010 9
b000011111101111 :
b00010101001010 ;
0>
1B
b110101010110 D
b000011010000101 S
#67328
0B
#67336
b0101000100 (
b110101011000 /
b000010101001011 9
b000011111101110 :
b00010101001011 ;
1B
b110101010111 D
b000000100111100 I
b000000100111010 P
#67340
b000011111101110 #
b000010101001000 $
b000011111101100 %
b000011010000110 3
b000010111000101 4
b00011010000110 5
b111010010100 6
1>
b111010010100 @
b000010101001000 S
#67344
0B
#67352
b0101000101 (
b110101011001 /
b000010111000101 0
b000010101001100 9
b000011111101010 :
b00010101001100 ;
1B
b110101011000 D
b000000100111011 I
b000000100111001 P
b000011010000101 S
#67360
0>
0B
#67368
b0101000110 (
b110101011010 /
b000011010000110 1
b000010111000101 2
b000010101001101 9
b000011111101011 :
b00010101001101 ;
1B
b110101011001 D
b000011010000110 S
#67376
0B
#67380
b000011111101011 #
b000010101001011 $
b000011111101110 %
b000011010000111 3
b000010111000100 4
b00011010000111 5
b111010010101 6
1>
b111010010101 @
b000010101001011 S
#67384
b0101000111 (
b110101011011 /
b000010111000100 0
b000010101001110 9
b000011111101001 :
b00010101001110 ;
1B
b110101011010 D
b000000100111010 I
b000000100111000 P
b000011010000110 S
#67392
0B
#67400
b0101001000 (
b110101011100 /
b000011010000111 1
b000010111000100 2
b000010101001111 9
b000011111101000 :
b00010101001111 ;
0>
1B
b110101011011 D
b000011010000111 S
#67408
0B
#67416
b0101001001 (
b110101011101 /
b000010101010000 9
b000011111111000 :
b00010101010000 ;
1B
b110101011100 D
b000000100111001 I
b000000100110111 P
#67420
b000011111111000 #
b000010101001101 $
b000011111101011 %
b000011010001000 3
b000010111001100 4
b00011010001000 5
b111010010110 6
1>
b111010010110 @
b000010101001101 S
#67424
0B
#67432
b0101001010 (
b110101011110 /
b000010111001100 0
b000010101010001 9
b000011111111001 :
b00010101010001 ;
1B
b110101011101 D
b000000100111000 I
b000000100110110 P
b000011010000111 S
#67440
0>
0B
#67448
b0101001011 (
b110101011111 /
b000011010001000 1
b000010111001100 2
b000010101010010 9
b000011111111011 :
b00010101010010 ;
1B
b110101011110 D
b000011010001000 S
#67456
0B
#67460
b000011111111011 #
b000010101010000 $
b000011111111000 %
b000011010001001 3
b000010111001101 4
b00011010001001 5
b111010010111 6
1>
b111010010111 @
b000010101010000 S
#67464
b0101001100 (
b110101100000 /
b000010111001101 0
b000010101010011 9
b000011111111010 :
b00010101010011 ;
1B
b110101011111 D
b000000100110111 I
b000000100110101 P
b000011010001000 S
#67472
0B
#67480
b0101001101 (
b110101100001 /
b000011010001001 1
b000010111001101 2
b000010101010100 9
b000011111111110 :
b00010101010100 ;
0>
1B
b110101100000 D
b000011010001001 S
#67488
0B
#67496
b0101001110 (
b110101100010 /
b000010101010101 9
b000011111111111 :
b00010101010101 ;
1B
b110101100001 D
b000000100110110 I
b000000100110100 P
#67500
b000011111111111 #
b000010101010010 $
b000011111111011 %
b000011010001010 3
b000010111001111 4
b00011010001010 5
b111010011000 6
1>
b111010011000 @
b000010101010010 S
#67504
0B
#67512
b0101001111 (
b110101100011 /
b000010111001111 0
b000010101010110 9
b000011111111101 :
b00010101010110 ;
1B
b110101100010 D
b000000100110101 I
b000000100110011 P
b000011010001001 S
#67520
0>
0B
#67528
b0101010000 (
b110101100100 /
b000011010001010 1
b000010111001111 2
b000010101010111 9
b000011111111100 :
b00010101010111 ;
1B
b110101100011 D
b000011010001010 S
#67536
0B
#67540
b000011111111100 #
b000010101010101 $
b000011111111111 %
b000011010001011 3
b000010111001110 4
b00011010001011 5
b111010011001 6
1>
b111010011001 @
b000010101010101 S
#67544
b0101010001 (
b110101100101 /
b000010111001110 0
b000010101011000 9
b000011111110100 :
b00010101011000 ;
1B
b110101100100 D
b000000100110100 I
b000000100110010 P
b000011010001010 S
#67552
0B
#67560
b0101010010 (
b110101100110 /
b000011010001011 1
b000010111001110 2
b000010101011001 9
b000011111110101 :
b00010101011001 ;
0>
1B
b110101100101 D
b000011010001011 S
#67568
0B
#67576
b0101010011 (
b110101100111 /
b000010101011010 9
b000011111110111 :
b00010101011010 ;
1B
b110101100110 D
b000000100110011 I
b000000100110001 P
#67580
b000011111110111 #
b000010101010111 $
b000011111111100 %
b000011010001100 3
b000010111001010 4
b00011010001100 5
b111010011010 6
1>
b111010011010 @
b000010101010111 S
#67584
0B
#67592
b0101010100 (
b110101101000 /
b000010111001010 0
b000010101011011 9
b000011111110110 :
b00010101011011 ;
1B
b110101100111 D
b000000100110010 I
b000000100110000 P
b000011010001011 S
#67600
0>
0B
#67608
b0101010101 (
b110101101001 /
b000011010001100 1
b000010111001010 2
b000010101011100 9
b000011111110010 :
b00010101011100 ;
1B
b110101101000 D
b000011010001100 S
#67616
0B
#67620
b000011111110010 #
b000010101011010 $
b000011111110111 %
b000011010001101 3
b000010111001011 4
b00011010001101 5
b111010011011 6
1>
b111010011011 @
b000010101011010 S
#67624
b0101010110 (
b110101101010 /
b000010111001011 0
b000010101011101 9
b000011111110011 :
b00010101011101 ;
1B
b110101101001 D
b000000100110001 I
b000000100101111 P
b000011010001100 S
#67632
0B
#67640
b0101010111 (
b110101101011 /
b000011010001101 1
b000010111001011 2
b000010101011110 9
b000011111110001 :
b00010101011110 ;
0>
1B
b110101101010 D
b000011010001101 S
#67648
0B
#67656
b0101011000 (
b110101101100 /
b000010101011111 9
b000011111110000 :
b00010101011111 ;
1B
b110101101011 D
b000000100110000 I
b000000100101110 P
#67660
b000011111110000 #
b000010101011100 $
b000011111110010 %
b000011010001110 3
b000010111001001 4
b00011010001110 5
b111010011100 6
1>
b111010011100 @
b000010101011100 S
#67664
0B
#67672
b0101011001 (
b110101101101 /
b000010111001001 0
b000010101100000 9
b000011111010000 :
b00010101100000 ;
1B
b110101101100 D
b000000100101111 I
b000000100101101 P
b000011010001101 S
#67680
0>
0B
#67688
b0101011010 (
b110101101110 /
b000011010001110 1
b000010111001001 2
b000010101100001 9
b000011111010001 :
b00010101100001 ;
1B
b110101101101 D
b000011010001110 S
#67696
0B
#67700
b000011111010001 #
b000010101011111 $
b000011111110000 %
b000011010001111 3
b000010111001000 4
b00011010001111 5
b111010011101 6
1>
b111010011101 @
b000010101011111 S
#67704
b0101011011 (
b110101101111 /
b000010111001000 0
b000010101100010 9
b000011111010011 :
b00010101100010 ;
1B
b110101101110 D
b000000100101110 I
b000000100101100 P
b000011010001110 S
#67712
0B
#67720
b0101011100 (
b110101110000 /
b000011010001111 1
b000010111001000 2
b000010101100011 9
b000011111010010 :
b00010101100011 ;
0>
1B
b110101101111 D
b000011010001111 S
#67728
0B
#67736
b0101011101 (
b110101110001 /
b000010101100100 9
b000011111010110 :
b00010101100100 ;
1B
b110101110000 D
b000000100101101 I
b000000100101011 P
#67740
b000011111010110 #
b000010101100001 $
b000011111010001 %
b000011010010000 3
b000010111011000 4
b00011010010000 5
b111010011110 6
1>
b111010011110 @
b000010101100001 S
#67744
0B
#67752
b0101011110 (
b110101110010 /
b000010111011000 0
b000010101100101 9
b000011111010111 :
b00010101100101 ;
1B
b110101110001 D
b000000100101100 I
b000000100101010 P
b000011010001111 S
#67760
0>
0B
#67768
b0101011111 (
b110101110011 /
b000011010010000 1
b000010111011000 2
b000010101100110 9
b000011111010101 :
b00010101100110 ;
1B
b110101110010 D
b000011010010000 S
#67776
0B
#67780
b000011111010101 #
b000010101100100 $
b000011111010110 %
b000011010010001 3
b000010111011001 4
b00011010010001 5
b111010011111 6
1>
b111010011111 @
b000010101100100 S
#67784
b0101100000 (
b110101110100 /
b000010111011001 0
b000010101100111 9
b000011111010100 :
b00010101100111 ;
1B
b110101110011 D
b000000100101011 I
b000000100101001 P
b000011010010000 S
#67792
0B
#67800
b0101100001 (
b110101110101 /
b000011010010001 1
b000010111011001 2
b000010101101000 9
b000011111011100 :
b00010101101000 ;
0>
1B
b110101110100 D
b000011010010001 S
#67808
0B
#67816
b0101100010 (
b110101110110 /
b000010101101001 9
b000011111011101 :
b00010101101001 ;
1B
b110101110101 D
b000000100101010 I
b000000100101000 P
#67820
b000011111011101 #
b000010101100110 $
b000011111010101 %
b000011010010010 3
b000010111011011 4
b00011010010010 5
b111010100000 6
1>
b111010100000 @
b000010101100110 S
#67824
0B
#67832
b0101100011 (
b110101110111 /
b000010111011011 0
b000010101101010 9
b000011111011111 :
b00010101101010 ;
1B
b110101110110 D
b000000100101001 I
b000000100100111 P
b000011010010001 S
#67840
0>
0B
#67848
b0101100100 (
b110101111000 /
b000011010010010 1
b000010111011011 2
b000010101101011 9
b000011111011110 :
b00010101101011 ;
1B
b110101110111 D
b000011010010010 S
#67856
0B
#67860
b000011111011110 #
b000010101101001 $
b000011111011101 %
b000011010010011 3
b000010111011010 4
b00011010010011 5
b111010100001 6
1>
b111010100001 @
b000010101101001 S
#67864
b0101100101 (
b110101111001 /
b000010111011010 0
b000010101101100 9
b000011111011010 :
b00010101101100 ;
1B
b110101111000 D
b000000100101000 I
b000000100100110 P
b000011010010010 S
#67872
0B
#67880
b0101100110 (
b110101111010 /
b000011010010011 1
b000010111011010 2
b000010101101101 9
b000011111011011 :
b00010101101101 ;
0>
1B
b110101111001 D
b000011010010011 S
#67888
0B
#67896
b0101100111 (
b110101111011 /
b000010101101110 9
b000011111011001 :
b00010101101110 ;
1B
b110101111010 D
b000000100100111 I
b000000100100101 P
#67900
b000011111011001 #
b000010101101011 $
b000011111011110 %
b000011010010100 3
b000010111011110 4
b00011010010100 5
b111010100010 6
1>
b111010100010 @
b000010101101011 S
#67904
0B
#67912
b0101101000 (
b110101111100 /
b000010111011110 0
b000010101101111 9
b000011111011000 :
b00010101101111 ;
1B
b110101111011 D
b000000100100110 I
b000000100100100 P
b000011010010011 S
#67920
0>
0B
#67928
b0101101001 (
b110101111101 /
b000011010010100 1
b000010111011110 2
b000010101110000 9
b000011111001000 :
b00010101110000 ;
1B
b110101111100 D
b000011010010100 S
#67936
0B
#67940
b000011111001000 #
b000010101101110 $
b000011111011001 %
b000011010010101 3
b000010111011111 4
b00011010010101 5
b111010100011 6
1>
b111010100011 @
b000010101101110 S
#67944
b0101101010 (
b110101111110 /
b000010111011111 0
b000010101110001 9
b000011111001001 :
b00010101110001 ;
1B
b110101111101 D
b000000100100101 I
b000000100100011 P
b000011010010100 S
#67952
0B
#67960
b0101101011 (
b110101111111 /
b000011010010101 1
b000010111011111 2
b000010101110010 9
b000011111001011 :
b00010101110010 ;
0>
1B
b110101111110 D
b000011010010101 S
#67968
0B
#67976
b0101101100 (
b110110000000 /
b000010101110011 9
b000011111001010 :
b00010101110011 ;
1B
b110101111111 D
b000000100100100 I
b000000100100010 P
#67980
b000011111001010 #
b000010101110000 $
b000011111001000 %
b000011010010110 3
b000010111011101 4
b00011010010110 5
b111010100100 6
1>
b111010100100 @
b000010101110000 S
#67984
0B
#67992
b0101101101 (
b110110000001 /
b000010111011101 0
b000010101110100 9
b000011111001110 :
b00010101110100 ;
1B
b110110000000 D
b000000100100011 I
b000000100100001 P
b000011010010101 S
#68000
0>
0B
#68008
b0101101110 (
b110110000010 /
b000011010010110 1
b000010111011101 2
b000010101110101 9
b000011111001111 :
b00010101110101 ;
1B
b110110000001 D
b000011010010110 S
#68016
0B
#68020
b000011111001111 #
b000010101110011 $
b000011111001010 %
b000011010010111 3
b000010111011100 4
b00011010010111 5
b111010100101 6
1>
b111010100101 @
b000010101110011 S
#68024
b0101101111 (
b110110000011 /
b000010111011100 0
b000010101110110 9
b000011111001101 :
b00010101110110 ;
1B
b110110000010 D
b000000100100010 I
b000000100100000 P
b000011010010110 S
#68032
0B
#68040
b0101110000 (
b110110000100 /
b000011010010111 1
b000010111011100 2
b000010101110111 9
b000011111001100 :
b00010101110111 ;
0>
1B
b110110000011 D
b000011010010111 S
#68048
0B
#68056
b0101110001 (
b110110000101 /
b000010101111000 9
b000011111000100 :
b00010101111000 ;
1B
b110110000100 D
b000000100100001 I
b000000100011111 P
#68060
b000011111000100 #
b000010101110101 $
b000011111001111 %
b000011010011000 3
b000010111010100 4
b00011010011000 5
b111010100110 6
1>
b111010100110 @
b000010101110101 S
#68064
0B
#68072
b0101110010 (
b110110000110 /
b000010111010100 0
b000010101111001 9
b000011111000101 :
b00010101111001 ;
1B
b110110000101 D
b000000100100000 I
b000000100011110 P
b000011010010111 S
#68080
0>
0B
#68088
b0101110011 (
b110110000111 /
b000011010011000 1
b000010111010100 2
b000010101111010 9
b000011111000111 :
b00010101111010 ;
1B
b110110000110 D
b000011010011000 S
#68096
0B
#68100
b000011111000111 #
b000010101111000 $
b000011111000100 %
b000011010011001 3
b000010111010101 4
b00011010011001 5
b111010100111 6
1>
b111010100111 @
b000010101111000 S
#68104
b0101110100 (
b110110001000 /
b000010111010101 0
b000010101111011 9
b000011111000110 :
b00010101111011 ;
1B
b110110000111 D
b000000100011111 I
b000000100011101 P
b000011010011000 S
#68112
0B
#68120
b0101110101 (
b110110001001 /
b000011010011001 1
b000010111010101 2
b000010101111100 9
b000011111000010 :
b00010101111100 ;
0>
1B
b110110001000 D
b000011010011001 S
#68128
0B
#68136
b0101110110 (
b110110001010 /
b000010101111101 9
b000011111000011 :
b00010101111101 ;
1B
b110110001001 D
b000000100011110 I
b000000100011100 P
#68140
b000011111000011 #
b000010101111010 $
b000011111000111 %
b000011010011010 3
b000010111010111 4
b00011010011010 5
b111010101000 6
1>
b111010101000 @
b000010101111010 S
#68144
0B
#68152
b0101110111 (
b110110001011 /
b000010111010111 0
b000010101111110 9
b000011111000001 :
b00010101111110 ;
1B
b110110001010 D
b000000100011101 I
b000000100011011 P
b000011010011001 S
#68160
0>
0B
#68168
b0101111000 (
b110110001100 /
b000011010011010 1
b000010111010111 2
b000010101111111 9
b000011111000000 :
b00010101111111 ;
1B
b110110001011 D
b000011010011010 S
#68176
0B
#68180
b000011111000000 #
b000010101111101 $
b000011111000011 %
b000011010011011 3
b000010111010110 4
b00011010011011 5
b111010101001 6
1>
b111010101001 @
b000010101111101 S
#68184
b0101111001 (
b110110001101 /
b000010111010110 0
b000010110000000 9
b000011101000000 :
b00010110000000 ;
1B
b110110001100 D
b000000100011100 I
b000000100011010 P
b000011010011010 S
#68192
0B
#68200
b0101111010 (
b110110001110 /
b000011010011011 1
b000010111010110 2
b000010110000001 9
b000011101000001 :
b00010110000001 ;
0>
1B
b110110001101 D
b000011010011011 S
#68208
0B
#68216
b0101111011 (
b110110001111 /
b000010110000010 9
b000011101000011 :
b00010110000010 ;
1B
b110110001110 D
b000000100011011 I
b000000100011001 P
#68220
b000011101000011 #
b000010101111111 $
b000011111000000 %
b000011010011100 3
b000010111010010 4
b00011010011100 5
b111010101010 6
1>
b111010101010 @
b000010101111111 S
#68224
0B
#68232
b0101111100 (
b110110010000 /
b000010111010010 0
b000010110000011 9
b000011101000010 :
b00010110000011 ;
1B
b110110001111 D
b000000100011010 I
b000000100011000 P
b000011010011011 S
#68240
0>
0B
#68248
b0101111101 (
b110110010001 /
b000011010011100 1
b000010111010010 2
b000010110000100 9
b000011101000110 :
b00010110000100 ;
1B
b110110010000 D
b000011010011100 S
#68256
0B
#68260
b000011101000110 #
b000010110000010 $
b000011101000011 %
b000011010011101 3
b000010111010011 4
b00011010011101 5
b111010101011 6
1>
b111010101011 @
b000010110000010 S
#68264
b0101111110 (
b110110010010 /
b000010111010011 0
b000010110000101 9
b000011101000111 :
b00010110000101 ;
1B
b110110010001 D
b000000100011001 I
b000000100010111 P
b000011010011100 S
#68272
0B
#68280
b0101111111 (
b110110010011 /
b000011010011101 1
b000010111010011 2
b000010110000110 9
b000011101000101 :
b00010110000110 ;
0>
1B
b110110010010 D
b000011010011101 S
#68288
0B
#68296
b0110000000 (
b110110010100 /
b000010110000111 9
b000011101000100 :
b00010110000111 ;
1B
b110110010011 D
b000000100011000 I
b000000100010110 P
#68300
b000011101000100 #
b000010110000100 $
b000011101000110 %
b000011010011110 3
b000010111010001 4
b00011010011110 5
b111010101100 6
1>
b111010101100 @
b000010110000100 S
#68304
0B
#68312
b0110000001 (
b110110010101 /
b000010111010001 0
b000010110001000 9
b000011101001100 :
b00010110001000 ;
1B
b110110010100 D
b000000100010111 I
b000000100010101 P
b000011010011101 S
#68320
0>
0B
#68328
b0110000010 (
b110110010110 /
b000011010011110 1
b000010111010001 2
b000010110001001 9
b000011101001101 :
b00010110001001 ;
1B
b110110010101 D
b000011010011110 S
#68336
0B
#68340
b000011101001101 #
b000010110000111 $
b000011101000100 %
b000011010011111 3
b000010111010000 4
b00011010011111 5
b111010101101 6
1>
b111010101101 @
b000010110000111 S
#68344
b0110000011 (
b110110010111 /
b000010111010000 0
b000010110001010 9
b000011101001111 :
b00010110001010 ;
1B
b110110010110 D
b000000100010110 I
b000000100010100 P
b000011010011110 S
#68352
0B
#68360
b0110000100 (
b110110011000 /
b000011010011111 1
b000010111010000 2
b000010110001011 9
b000011101001110 :
b00010110001011 ;
0>
1B
b110110010111 D
b000011010011111 S
#68368
0B
#68376
b0110000101 (
b110110011001 /
b000010110001100 9
b000011101001010 :
b00010110001100 ;
1B
b110110011000 D
b000000100010101 I
b000000100010011 P
#68380
b000011101001010 #
b000010110001001 $
b000011101001101 %
b000011010100000 3
b000010111110000 4
b00011010100000 5
b111010101110 6
1>
b111010101110 @
b000010110001001 S
#68384
0B
#68392
b0110000110 (
b110110011010 /
b000010111110000 0
b000010110001101 9
b000011101001011 :
b00010110001101 ;
1B
b110110011001 D
b000000100010100 I
b000000100010010 P
b000011010011111 S
#68400
0>
0B
#68408
b0110000111 (
b110110011011 /
b000011010100000 1
b000010111110000 2
b000010110001110 9
b000011101001001 :
b00010110001110 ;
1B
b110110011010 D
b000011010100000 S
#68416
0B
#68420
b000011101001001 #
b000010110001100 $
b000011101001010 %
b000011010100001 3
b000010111110001 4
b00011010100001 5
b111010101111 6
1>
b111010101111 @
b000010110001100 S
#68424
b0110001000 (
b110110011100 /
b000010111110001 0
b000010110001111 9
b000011101001000 :
b00010110001111 ;
1B
b110110011011 D
b000000100010011 I
b000000100010001 P
b000011010100000 S
#68432
0B
#68440
b0110001001 (
b110110011101 /
b000011010100001 1
b000010111110001 2
b000010110010000 9
b000011101011000 :
b00010110010000 ;
0>
1B
b110110011100 D
b000011010100001 S
#68448
0B
#68456
b0110001010 (
b110110011110 /
b000010110010001 9
b000011101011001 :
b00010110010001 ;
1B
b110110011101 D
b000000100010010 I
b000000100010000 P
#68460
b000011101011001 #
b000010110001110 $
b000011101001001 %
b000011010100010 3
b000010111110011 4
b00011010100010 5
b111010110000 6
1>
b111010110000 @
b000010110001110 S
#68464
0B
#68472
b0110001011 (
b110110011111 /
b000010111110011 0
b000010110010010 9
b000011101011011 :
b00010110010010 ;
1B
b110110011110 D
b000000100010001 I
b000000100001111 P
b000011010100001 S
#68480
0>
0B
#68488
b0110001100 (
b110110100000 /
b000011010100010 1
b000010111110011 2
b000010110010011 9
b000011101011010 :
b00010110010011 ;
1B
b110110011111 D
b000011010100010 S
#68496
0B
#68500
b000011101011010 #
b000010110010001 $
b000011101011001 %
b000011010100011 3
b000010111110010 4
b00011010100011 5
b111010110001 6
1>
b111010110001 @
b000010110010001 S
#68504
b0110001101 (
b110110100001 /
b000010111110010 0
b000010110010100 9
b000011101011110 :
b00010110010100 ;
1B
b110110100000 D
b000000100010000 I
b000000100001110 P
b000011010100010 S
#68512
0B
#68520
b0110001110 (
b110110100010 /
b000011010100011 1
b000010111110010 2
b000010110010101 9
b000011101011111 :
b00010110010101 ;
0>
1B
b110110100001 D
b000011010100011 S
#68528
0B
#68536
b0110001111 (
b110110100011 /
b000010110010110 9
b000011101011101 :
b00010110010110 ;
1B
b110110100010 D
b000000100001111 I
b000000100001101 P
#68540
b000011101011101 #
b000010110010011 $
b000011101011010 %
b000011010100100 3
b000010111110110 4
b00011010100100 5
b111010110010 6
1>
b111010110010 @
b000010110010011 S
#68544
0B
#68552
b0110010000 (
b110110100100 /
b000010111110110 0
b000010110010111 9
b000011101011100 :
b00010110010111 ;
1B
b110110100011 D
b000000100001110 I
b000000100001100 P
b000011010100011 S
#68560
0>
0B
#68568
b0110010001 (
b110110100101 /
b000011010100100 1
b000010111110110 2
b000010110011000 9
b000011101010100 :
b00010110011000 ;
1B
b110110100100 D
b000011010100100 S
#68576
0B
#68580
b000011101010100 #
b000010110010110 $
b000011101011101 %
b000011010100101 3
b000010111110111 4
b00011010100101 5
b111010110011 6
1>
b111010110011 @
b000010110010110 S
#68584
b0110010010 (
b110110100110 /
b000010111110111 0
b000010110011001 9
b000011101010101 :
b00010110011001 ;
1B
b110110100101 D
b000000100001101 I
b000000100001011 P
b000011010100100 S
#68592
0B
#68600
b0110010011 (
b110110100111 /
b000011010100101 1
b000010111110111 2
b000010110011010 9
b000011101010111 :
b00010110011010 ;
0>
1B
b110110100110 D
b000011010100101 S
#68608
0B
#68616
b0110010100 (
b110110101000 /
b000010110011011 9
b000011101010110 :
b00010110011011 ;
1B
b110110100111 D
b000000100001100 I
b000000100001010 P
#68620
b000011101010110 #
b000010110011000 $
b000011101010100 %
b000011010100110 3
b000010111110101 4
b00011010100110 5
b111010110100 6
1>
b111010110100 @
b000010110011000 S
#68624
0B
#68632
b0110010101 (
b110110101001 /
b000010111110101 0
b000010110011100 9
b000011101010010 :
b00010110011100 ;
1B
b110110101000 D
b000000100001011 I
b000000100001001 P
b000011010100101 S
#68640
0>
0B
#68648
b0110010110 (
b110110101010 /
b000011010100110 1
b000010111110101 2
b000010110011101 9
b000011101010011 :
b00010110011101 ;
1B
b110110101001 D
b000011010100110 S
#68656
0B
#68660
b000011101010011 #
b000010110011011 $
b000011101010110 %
b000011010100111 3
b000010111110100 4
b00011010100111 5
b111010110101 6
1>
b111010110101 @
b000010110011011 S
#68664
b0110010111 (
b110110101011 /
b000010111110100 0
b000010110011110 9
b000011101010001 :
b00010110011110 ;
1B
b110110101010 D
b000000100001010 I
b000000100001000 P
b000011010100110 S
#68672
0B
#68680
b0110011000 (
b110110101100 /
b000011010100111 1
b000010111110100 2
b000010110011111 9
b000011101010000 :
b00010110011111 ;
0>
1B
b110110101011 D
b000011010100111 S
#68688
0B
#68696
b0110011001 (
b110110101101 /
b000010110100000 9
b000011101110000 :
b00010110100000 ;
1B
b110110101100 D
b000000100001001 I
b000000100000111 P
#68700
b000011101110000 #
b000010110011101 $
b000011101010011 %
b000011010101000 3
b000010111111100 4
b00011010101000 5
b111010110110 6
1>
b111010110110 @
b000010110011101 S
#68704
0B
#68712
b0110011010 (
b110110101110 /
b000010111111100 0
b000010110100001 9
b000011101110001 :
b00010110100001 ;
1B
b110110101101 D
b000000100001000 I
b000000100000110 P
b000011010100111 S
#68720
0>
0B
#68728
b0110011011 (
b110110101111 /
b000011010101000 1
b000010111111100 2
b000010110100010 9
b000011101110011 :
b00010110100010 ;
1B
b110110101110 D
b000011010101000 S
#68736
0B
#68740
b000011101110011 #
b000010110100000 $
b000011101110000 %
b000011010101001 3
b000010111111101 4
b00011010101001 5
b111010110111 6
1>
b111010110111 @
b000010110100000 S
#68744
b0110011100 (
b110110110000 /
b000010111111101 0
b000010110100011 9
b000011101110010 :
b00010110100011 ;
1B
b110110101111 D
b000000100000111 I
b000000100000101 P
b000011010101000 S
#68752
0B
#68760
b0110011101 (
b110110110001 /
b000011010101001 1
b000010111111101 2
b000010110100100 9
b000011101110110 :
b00010110100100 ;
0>
1B
b110110110000 D
b000011010101001 S
#68768
0B
#68776
b0110011110 (
b110110110010 /
b000010110100101 9
b000011101110111 :
b00010110100101 ;
1B
b110110110001 D
b000000100000110 I
b000000100000100 P
#68780
b000011101110111 #
b000010110100010 $
b000011101110011 %
b000011010101010 3
b000010111111111 4
b00011010101010 5
b111010111000 6
1>
b111010111000 @
b000010110100010 S
#68784
0B
#68792
b0110011111 (
b110110110011 /
b000010111111111 0
b000010110100110 9
b000011101110101 :
b00010110100110 ;
1B
b110110110010 D
b000000100000101 I
b000000100000011 P
b000011010101001 S
#68800
0>
0B
#68808
b0110100000 (
b110110110100 /
b000011010101010 1
b000010111111111 2
b000010110100111 9
b000011101110100 :
b00010110100111 ;
1B
b110110110011 D
b000011010101010 S
#68816
0B
#68820
b000011101110100 #
b000010110100101 $
b000011101110111 %
b000011010101011 3
b000010111111110 4
b00011010101011 5
b111010111001 6
1>
b111010111001 @
b000010110100101 S
#68824
b0110100001 (
b110110110101 /
b000010111111110 0
b000010110101000 9
b000011101111100 :
b00010110101000 ;
1B
b110110110100 D
b000000100000100 I
b000000100000010 P
b000011010101010 S
#68832
0B
#68840
b0110100010 (
b110110110110 /
b000011010101011 1
b000010111111110 2
b000010110101001 9
b000011101111101 :
b00010110101001 ;
0>
1B
b110110110101 D
b000011010101011 S
#68848
0B
#68856
b0110100011 (
b110110110111 /
b000010110101010 9
b000011101111111 :
b00010110101010 ;
1B
b110110110110 D
b000000100000011 I
b000000100000001 P
#68860
b000011101111111 #
b000010110100111 $
b000011101110100 %
b000011010101100 3
b000010111111010 4
b00011010101100 5
b111010111010 6
1>
b111010111010 @
b000010110100111 S
#68864
0B
#68872
b0110100100 (
b110110111000 /
b000010111111010 0
b000010110101011 9
b000011101111110 :
b00010110101011 ;
1B
b110110110111 D
b000000100000010 I
b000000100000000 P
b000011010101011 S
#68880
0>
0B
#68888
b0110100101 (
b110110111001 /
b000011010101100 1
b000010111111010 2
b000010110101100 9
b000011101111010 :
b00010110101100 ;
1B
b110110111000 D
b000011010101100 S
#68896
0B
#68900
b000011101111010 #
b000010110101010 $
b000011101111111 %
b000011010101101 3
b000010111111011 4
b00011010101101 5
b111010111011 6
1>
b111010111011 @
b000010110101010 S
#68904
b0110100110 (
b110110111010 /
b000010111111011 0
b000010110101101 9
b000011101111011 :
b00010110101101 ;
1B
b110110111001 D
b000000100000001 I
b000000011111111 P
b000011010101100 S
#68912
0B
#68920
b0110100111 (
b110110111011 /
b000011010101101 1
b000010111111011 2
b000010110101110 9
b000011101111001 :
b00010110101110 ;
0>
1B
b110110111010 D
b000011010101101 S
#68928
0B
#68936
b0110101000 (
b110110111100 /
b000010110101111 9
b000011101111000 :
b00010110101111 ;
1B
b110110111011 D
b000000100000000 I
b000000011111110 P
#68940
b000011101111000 #
b000010110101100 $
b000011101111010 %
b000011010101110 3
b000010111111001 4
b00011010101110 5
b111010111100 6
1>
b111010111100 @
b000010110101100 S
#68944
0B
#68952
b0110101001 (
b110110111101 /
b000010111111001 0
b000010110110000 9
b000011101101000 :
b00010110110000 ;
1B
b110110111100 D
b000000011111111 I
b000000011111101 P
b000011010101101 S
#68960
0>
0B
#68968
b0110101010 (
b110110111110 /
b000011010101110 1
b000010111111001 2
b000010110110001 9
b000011101101001 :
b00010110110001 ;
1B
b110110111101 D
b000011010101110 S
#68976
0B
#68980
b000011101101001 #
b000010110101111 $
b000011101111000 %
b000011010101111 3
b000010111111000 4
b00011010101111 5
b111010111101 6
1>
b111010111101 @
b000010110101111 S
#68984
b0110101011 (
b110110111111 /
b000010111111000 0
b000010110110010 9
b000011101101011 :
b00010110110010 ;
1B
b110110111110 D
b000000011111110 I
b000000011111100 P
b000011010101110 S
#68992
0B
#69000
b0110101100 (
b110111000000 /
b000011010101111 1
b000010111111000 2
b000010110110011 9
b000011101101010 :
b00010110110011 ;
0>
1B
b110110111111 D
b000011010101111 S
#69008
0B
#69016
b0110101101 (
b110111000001 /
b000010110110100 9
b000011101101110 :
b00010110110100 ;
1B
b110111000000 D
b000000011111101 I
b000000011111011 P
#69020
b000011101101110 #
b000010110110001 $
b000011101101001 %
b000011010110000 3
b000010111101000 4
b00011010110000 5
b111010111110 6
1>
b111010111110 @
b000010110110001 S
#69024
0B
#69032
b0110101110 (
b110111000010 /
b000010111101000 0
b000010110110101 9
b000011101101111 :
b00010110110101 ;
1B
b110111000001 D
b000000011111100 I
b000000011111010 P
b000011010101111 S
#69040
0>
0B
#69048
b0110101111 (
b110111000011 /
b000011010110000 1
b000010111101000 2
b000010110110110 9
b000011101101101 :
b00010110110110 ;
1B
b110111000010 D
b000011010110000 S
#69056
0B
#69060
b000011101101101 #
b000010110110100 $
b000011101101110 %
b000011010110001 3
b000010111101001 4
b00011010110001 5
b111010111111 6
1>
b111010111111 @
b000010110110100 S
#69064
b0110110000 (
b110111000100 /
b000010111101001 0
b000010110110111 9
b000011101101100 :
b00010110110111 ;
1B
b110111000011 D
b000000011111011 I
b000000011111001 P
b000011010110000 S
#69072
0B
#69080
b0110110001 (
b110111000101 /
b000011010110001 1
b000010111101001 2
b000010110111000 9
b000011101100100 :
b00010110111000 ;
0>
1B
b110111000100 D
b000011010110001 S
#69088
0B
#69096
b0110110010 (
b110111000110 /
b000010110111001 9
b000011101100101 :
b00010110111001 ;
1B
b110111000101 D
b000000011111010 I
b000000011111000 P
#69100
b000011101100101 #
b000010110110110 $
b000011101101101 %
b000011010110010 3
b000010111101011 4
b00011010110010 5
b111011000000 6
1>
b111011000000 @
b000010110110110 S
#69104
0B
#69112
b0110110011 (
b110111000111 /
b000010111101011 0
b000010110111010 9
b000011101100111 :
b00010110111010 ;
1B
b110111000110 D
b000000011111001 I
b000000011110111 P
b000011010110001 S
#69120
0>
0B
#69128
b0110110100 (
b110111001000 /
b000011010110010 1
b000010111101011 2
b000010110111011 9
b000011101100110 :
b00010110111011 ;
1B
b110111000111 D
b000011010110010 S
#69136
0B
#69140
b000011101100110 #
b000010110111001 $
b000011101100101 %
b000011010110011 3
b000010111101010 4
b00011010110011 5
b111011000001 6
1>
b111011000001 @
b000010110111001 S
#69144
b0110110101 (
b110111001001 /
b000010111101010 0
b000010110111100 9
b000011101100010 :
b00010110111100 ;
1B
b110111001000 D
b000000011111000 I
b000000011110110 P
b000011010110010 S
#69152
0B
#69160
b0110110110 (
b110111001010 /
b000011010110011 1
b000010111101010 2
b000010110111101 9
b000011101100011 :
b00010110111101 ;
0>
1B
b110111001001 D
b000011010110011 S
#69168
0B
#69176
b0110110111 (
b110111001011 /
b000010110111110 9
b000011101100001 :
b00010110111110 ;
1B
b110111001010 D
b000000011110111 I
b000000011110101 P
#69180
b000011101100001 #
b000010110111011 $
b000011101100110 %
b000011010110100 3
b000010111101110 4
b00011010110100 5
b111011000010 6
1>
b111011000010 @
b000010110111011 S
#69184
0B
#69192
b0110111000 (
b110111001100 /
b000010111101110 0
b000010110111111 9
b000011101100000 :
b00010110111111 ;
1B
b110111001011 D
b000000011110110 I
b000000011110100 P
b000011010110011 S
#69200
0>
0B
#69208
b0110111001 (
b110111001101 /
b000011010110100 1
b000010111101110 2
b000010111000000 9
b000011100100000 :
b00010111000000 ;
1B
b110111001100 D
b000011010110100 S
#69216
0B
#69220
b000011100100000 #
b000010110111110 $
b000011101100001 %
b000011010110101 3
b000010111101111 4
b00011010110101 5
b111011000011 6
1>
b111011000011 @
b000010110111110 S
#69224
b0110111010 (
b110111001110 /
b000010111101111 0
b000010111000001 9
b000011100100001 :
b00010111000001 ;
1B
b110111001101 D
b000000011110101 I
b000000011110011 P
b000011010110100 S
#69232
0B
#69240
b0110111011 (
b110111001111 /
b000011010110101 1
b000010111101111 2
b000010111000010 9
b000011100100011 :
b00010111000010 ;
0>
1B
b110111001110 D
b000011010110101 S
#69248
0B
#69256
b0110111100 (
b110111010000 /
b000010111000011 9
b000011100100010 :
b00010111000011 ;
1B
b110111001111 D
b000000011110100 I
b000000011110010 P
#69260
b000011100100010 #
b000010111000000 $
b000011100100000 %
b000011010110110 3
b000010111101101 4
b00011010110110 5
b111011000100 6
1>
b111011000100 @
b000010111000000 S
#69264
0B
#69272
b0110111101 (
b110111010001 /
b000010111101101 0
b000010111000100 9
b000011100100110 :
b00010111000100 ;
1B
b110111010000 D
b000000011110011 I
b000000011110001 P
b000011010110101 S
#69280
0>
0B
#69288
b0110111110 (
b110111010010 /
b000011010110110 1
b000010111101101 2
b000010111000101 9
b000011100100111 :
b00010111000101 ;
1B
b110111010001 D
b000011010110110 S
#69296
0B
#69300
b000011100100111 #
b000010111000011 $
b000011100100010 %
b000011010110111 3
b000010111101100 4
b00011010110111 5
b111011000101 6
1>
b111011000101 @
b000010111000011 S
#69304
b0110111111 (
b110111010011 /
b000010111101100 0
b000010111000110 9
b000011100100101 :
b00010111000110 ;
1B
b110111010010 D
b000000011110010 I
b000000011110000 P
b000011010110110 S
#69312
0B
#69320
b0111000000 (
b110111010100 /
b000011010110111 1
b000010111101100 2
b000010111000111 9
b000011100100100 :
b00010111000111 ;
0>
1B
b110111010011 D
b000011010110111 S
#69328
0B
#69336
b0111000001 (
b110111010101 /
b000010111001000 9
b000011100101100 :
b00010111001000 ;
1B
b110111010100 D
b000000011110001 I
b000000011101111 P
#69340
b000011100101100 #
b000010111000101 $
b000011100100111 %
b000011010111000 3
b000010111100100 4
b00011010111000 5
b111011000110 6
1>
b111011000110 @
b000010111000101 S
#69344
0B
#69352
b0111000010 (
b110111010110 /
b000010111100100 0
b000010111001001 9
b000011100101101 :
b00010111001001 ;
1B
b110111010101 D
b000000011110000 I
b000000011101110 P
b000011010110111 S
#69360
0>
0B
#69368
b0111000011 (
b110111010111 /
b000011010111000 1
b000010111100100 2
b000010111001010 9
b000011100101111 :
b00010111001010 ;
1B
b110111010110 D
b000011010111000 S
#69376
0B
#69380
b000011100101111 #
b000010111001000 $
b000011100101100 %
b000011010111001 3
b000010111100101 4
b00011010111001 5
b111011000111 6
1>
b111011000111 @
b000010111001000 S
#69384
b0111000100 (
b110111011000 /
b000010111100101 0
b000010111001011 9
b000011100101110 :
b00010111001011 ;
1B
b110111010111 D
b000000011101111 I
b000000011101101 P
b000011010111000 S
#69392
0B
#69400
b0111000101 (
b110111011001 /
b000011010111001 1
b000010111100101 2
b000010111001100 9
b000011100101010 :
b00010111001100 ;
0>
1B
b110111011000 D
b000011010111001 S
#69408
0B
#69416
b0111000110 (
b110111011010 /
b000010111001101 9
b000011100101011 :
b00010111001101 ;
1B
b110111011001 D
b000000011101110 I
b000000011101100 P
#69420
b000011100101011 #
b000010111001010 $
b000011100101111 %
b000011010111010 3
b000010111100111 4
b00011010111010 5
b111011001000 6
1>
b111011001000 @
b000010111001010 S
#69424
0B
#69432
b0111000111 (
b110111011011 /
b000010111100111 0
b000010111001110 9
b000011100101001 :
b00010111001110 ;
1B
b110111011010 D
b000000011101101 I
b000000011101011 P
b000011010111001 S
#69440
0>
0B
#69448
b0111001000 (
b110111011100 /
b000011010111010 1
b000010111100111 2
b000010111001111 9
b000011100101000 :
b00010111001111 ;
1B
b110111011011 D
b000011010111010 S
#69456
0B
#69460
b000011100101000 #
b000010111001101 $
b000011100101011 %
b000011010111011 3
b000010111100110 4
b00011010111011 5
b111011001001 6
1>
b111011001001 @
b000010111001101 S
#69464
b0111001001 (
b110111011101 /
b000010111100110 0
b000010111010000 9
b000011100111000 :
b00010111010000 ;
1B
b110111011100 D
b000000011101100 I
b000000011101010 P
b000011010111010 S
#69472
0B
#69480
b0111001010 (
b110111011110 /
b000011010111011 1
b000010111100110 2
b000010111010001 9
b000011100111001 :
b00010111010001 ;
0>
1B
b110111011101 D
b000011010111011 S
#69488
0B
#69496
b0111001011 (
b110111011111 /
b000010111010010 9
b000011100111011 :
b00010111010010 ;
1B
b110111011110 D
b000000011101011 I
b000000011101001 P
#69500
b000011100111011 #
b000010111001111 $
b000011100101000 %
b000011010111100 3
b000010111100010 4
b00011010111100 5
b111011001010 6
1>
b111011001010 @
b000010111001111 S
#69504
0B
#69512
b0111001100 (
b110111100000 /
b000010111100010 0
b000010111010011 9
b000011100111010 :
b00010111010011 ;
1B
b110111011111 D
b000000011101010 I
b000000011101000 P
b000011010111011 S
#69520
0>
0B
#69528
b0111001101 (
b110111100001 /
b000011010111100 1
b000010111100010 2
b000010111010100 9
b000011100111110 :
b00010111010100 ;
1B
b110111100000 D
b000011010111100 S
#69536
0B
#69540
b000011100111110 #
b000010111010010 $
b000011100111011 %
b000011010111101 3
b000010111100011 4
b00011010111101 5
b111011001011 6
1>
b111011001011 @
b000010111010010 S
#69544
b0111001110 (
b110111100010 /
b000010111100011 0
b000010111010101 9
b000011100111111 :
b00010111010101 ;
1B
b110111100001 D
b000000011101001 I
b000000011100111 P
b000011010111100 S
#69552
0B
#69560
b0111001111 (
b110111100011 /
b000011010111101 1
b000010111100011 2
b000010111010110 9
b000011100111101 :
b00010111010110 ;
0>
1B
b110111100010 D
b000011010111101 S
#69568
0B
#69576
b0111010000 (
b110111100100 /
b000010111010111 9
b000011100111100 :
b00010111010111 ;
1B
b110111100011 D
b000000011101000 I
b000000011100110 P
#69580
b000011100111100 #
b000010111010100 $
b000011100111110 %
b000011010111110 3
b000010111100001 4
b00011010111110 5
b111011001100 6
1>
b111011001100 @
b000010111010100 S
#69584
0B
#69592
b0111010001 (
b110111100101 /
b000010111100001 0
b000010111011000 9
b000011100110100 :
b00010111011000 ;
1B
b110111100100 D
b000000011100111 I
b000000011100101 P
b000011010111101 S
#69600
0>
0B
#69608
b0111010010 (
b110111100110 /
b000011010111110 1
b000010111100001 2
b000010111011001 9
b000011100110101 :
b00010111011001 ;
1B
b110111100101 D
b000011010111110 S
#69616
0B
#69620
b000011100110101 #
b000010111010111 $
b000011100111100 %
b000011010111111 3
b000010111100000 4
b00011010111111 5
b111011001101 6
1>
b111011001101 @
b000010111010111 S
#69624
b0111010011 (
b110111100111 /
b000010111100000 0
b000010111011010 9
b000011100110111 :
b00010111011010 ;
1B
b110111100110 D
b000000011100110 I
b000000011100100 P
b000011010111110 S
#69632
0B
#69640
b0111010100 (
b110111101000 /
b000011010111111 1
b000010111100000 2
b000010111011011 9
b000011100110110 :
b00010111011011 ;
0>
1B
b110111100111 D
b000011010111111 S
#69648
0B
#69656
b0111010101 (
b110111101001 /
b000010111011100 9
b000011100110010 :
b00010111011100 ;
1B
b110111101000 D
b000000011100101 I
b000000011100011 P
#69660
b000011100110010 #
b000010111011001 $
b000011100110101 %
b000011011000000 3
b000010110100000 4
b00011011000000 5
b111011001110 6
1>
b111011001110 @
b000010111011001 S
#69664
0B
#69672
b0111010110 (
b110111101010 /
b000010110100000 0
b000010111011101 9
b000011100110011 :
b00010111011101 ;
1B
b110111101001 D
b000000011100100 I
b000000011100010 P
b000011010111111 S
#69680
0>
0B
#69688
b0111010111 (
b110111101011 /
b000011011000000 1
b000010110100000 2
b000010111011110 9
b000011100110001 :
b00010111011110 ;
1B
b110111101010 D
b000011011000000 S
#69696
0B
#69700
b000011100110001 #
b000010111011100 $
b000011100110010 %
b000011011000001 3
b000010110100001 4
b00011011000001 5
b111011001111 6
1>
b111011001111 @
b000010111011100 S
#69704
b0111011000 (
b110111101100 /
b000010110100001 0
b000010111011111 9
b000011100110000 :
b00010111011111 ;
1B
b110111101011 D
b000000011100011 I
b000000011100001 P
b000011011000000 S
#69712
0B
#69720
b0111011001 (
b110111101101 /
b000011011000001 1
b000010110100001 2
b000010111100000 9
b000011100010000 :
b00010111100000 ;
0>
1B
b110111101100 D
b000011011000001 S
#69728
0B
#69736
b0111011010 (
b110111101110 /
b000010111100001 9
b000011100010001 :
b00010111100001 ;
1B
b110111101101 D
b000000011100010 I
b000000011100000 P
#69740
b000011100010001 #
b000010111011110 $
b000011100110001 %
b000011011000010 3
b000010110100011 4
b00011011000010 5
b111011010000 6
1>
b111011010000 @
b000010111011110 S
#69744
0B
#69752
b0111011011 (
b110111101111 /
b000010110100011 0
b000010111100010 9
b000011100010011 :
b00010111100010 ;
1B
b110111101110 D
b000000011100001 I
b000000011011111 P
b000011011000001 S
#69760
0>
0B
#69768
b0111011100 (
b110111110000 /
b000011011000010 1
b000010110100011 2
b000010111100011 9
b000011100010010 :
b00010111100011 ;
1B
b110111101111 D
b000011011000010 S
#69776
0B
#69780
b000011100010010 #
b000010111100001 $
b000011100010001 %
b000011011000011 3
b000010110100010 4
b00011011000011 5
b111011010001 6
1>
b111011010001 @
b000010111100001 S
#69784
b0111011101 (
b110111110001 /
b000010110100010 0
b000010111100100 9
b000011100010110 :
b00010111100100 ;
1B
b110111110000 D
b000000011100000 I
b000000011011110 P
b000011011000010 S
#69792
0B
#69800
b0111011110 (
b110111110010 /
b000011011000011 1
b000010110100010 2
b000010111100101 9
b000011100010111 :
b00010111100101 ;
0>
1B
b110111110001 D
b000011011000011 S
#69808
0B
#69816
b0111011111 (
b110111110011 /
b000010111100110 9
b000011100010101 :
b00010111100110 ;
1B
b110111110010 D
b000000011011111 I
b000000011011101 P
#69820
b000011100010101 #
b000010111100011 $
b000011100010010 %
b000011011000100 3
b000010110100110 4
b00011011000100 5
b111011010010 6
1>
b111011010010 @
b000010111100011 S
#69824
0B
#69832
b0111100000 (
b110111110100 /
b000010110100110 0
b000010111100111 9
b000011100010100 :
b00010111100111 ;
1B
b110111110011 D
b000000011011110 I
b000000011011100 P
b000011011000011 S
#69840
0>
0B
#69848
b0111100001 (
b110111110101 /
b000011011000100 1
b000010110100110 2
b000010111101000 9
b000011100011100 :
b00010111101000 ;
1B
b110111110100 D
b000011011000100 S
#69856
0B
#69860
b000011100011100 #
b000010111100110 $
b000011100010101 %
b000011011000101 3
b000010110100111 4
b00011011000101 5
b111011010011 6
1>
b111011010011 @
b000010111100110 S
#69864
b0111100010 (
b110111110110 /
b000010110100111 0
b000010111101001 9
b000011100011101 :
b00010111101001 ;
1B
b110111110101 D
b000000011011101 I
b000000011011011 P
b000011011000100 S
#69872
0B
#69880
b0111100011 (
b110111110111 /
b000011011000101 1
b000010110100111 2
b000010111101010 9
b000011100011111 :
b00010111101010 ;
0>
1B
b110111110110 D
b000011011000101 S
#69888
0B
#69896
b0111100100 (
b110111111000 /
b000010111101011 9
b000011100011110 :
b00010111101011 ;
1B
b110111110111 D
b000000011011100 I
b000000011011010 P
#69900
b000011100011110 #
b000010111101000 $
b000011100011100 %
b000011011000110 3
b000010110100101 4
b00011011000110 5
b111011010100 6
1>
b111011010100 @
b000010111101000 S
#69904
0B
#69912
b0111100101 (
b110111111001 /
b000010110100101 0
b000010111101100 9
b000011100011010 :
b00010111101100 ;
1B
b110111111000 D
b000000011011011 I
b000000011011001 P
b000011011000101 S
#69920
0>
0B
#69928
b0111100110 (
b110111111010 /
b000011011000110 1
b000010110100101 2
b000010111101101 9
b000011100011011 :
b00010111101101 ;
1B
b110111111001 D
b000011011000110 S
#69936
0B
#69940
b000011100011011 #
b000010111101011 $
b000011100011110 %
b000011011000111 3
b000010110100100 4
b00011011000111 5
b111011010101 6
1>
b111011010101 @
b000010111101011 S
#69944
b0111100111 (
b110111111011 /
b000010110100100 0
b000010111101110 9
b000011100011001 :
b00010111101110 ;
1B
b110111111010 D
b000000011011010 I
b000000011011000 P
b000011011000110 S
#69952
0B
#69960
b0111101000 (
b110111111100 /
b000011011000111 1
b000010110100100 2
b000010111101111 9
b000011100011000 :
b00010111101111 ;
0>
1B
b110111111011 D
b000011011000111 S
#69968
0B
#69976
b0111101001 (
b110111111101 /
b000010111110000 9
b000011100001000 :
b00010111110000 ;
1B
b110111111100 D
b000000011011001 I
b000000011010111 P
#69980
b000011100001000 #
b000010111101101 $
b000011100011011 %
b000011011001000 3
b000010110101100 4
b00011011001000 5
b111011010110 6
1>
b111011010110 @
b000010111101101 S
#69984
0B
#69992
b0111101010 (
b110111111110 /
b000010110101100 0
b000010111110001 9
b000011100001001 :
b00010111110001 ;
1B
b110111111101 D
b000000011011000 I
b000000011010110 P
b000011011000111 S
#70000
0>
0B
#70008
b0111101011 (
b110111111111 /
b000011011001000 1
b000010110101100 2
b000010111110010 9
b000011100001011 :
b00010111110010 ;
1B
b110111111110 D
b000011011001000 S
#70016
0B
#70020
b000011100001011 #
b000010111110000 $
b000011100001000 %
b000011011001001 3
b000010110101101 4
b00011011001001 5
b111011010111 6
1>
b111011010111 @
b000010111110000 S
#70024
b0111101100 (
b111000000000 /
b000010110101101 0
b000010111110011 9
b000011100001010 :
b00010111110011 ;
1B
b110111111111 D
b000000011010111 I
b000000011010101 P
b000011011001000 S
#70032
0B
#70040
b0111101101 (
b111000000001 /
b000011011001001 1
b000010110101101 2
b000010111110100 9
b000011100001110 :
b00010111110100 ;
0>
1B
b111000000000 D
b000011011001001 S
#70048
0B
#70056
b0111101110 (
b111000000010 /
b000010111110101 9
b000011100001111 :
b00010111110101 ;
1B
b111000000001 D
b000000011010110 I
b000000011010100 P
#70060
b000011100001111 #
b000010111110010 $
b000011100001011 %
b000011011001010 3
b000010110101111 4
b00011011001010 5
b111011011000 6
1>
b111011011000 @
b000010111110010 S
#70064
0B
#70072
b0111101111 (
b111000000011 /
b000010110101111 0
b000010111110110 9
b000011100001101 :
b00010111110110 ;
1B
b111000000010 D
b000000011010101 I
b000000011010011 P
b000011011001001 S
#70080
0>
0B
#70088
b0111110000 (
b111000000100 /
b000011011001010 1
b000010110101111 2
b000010111110111 9
b000011100001100 :
b00010111110111 ;
1B
b111000000011 D
b000011011001010 S
#70096
0B
#70100
b000011100001100 #
b000010111110101 $
b000011100001111 %
b000011011001011 3
b000010110101110 4
b00011011001011 5
b111011011001 6
1>
b111011011001 @
b000010111110101 S
#70104
b0111110001 (
b111000000101 /
b000010110101110 0
b000010111111000 9
b000011100000100 :
b00010111111000 ;
1B
b111000000100 D
b000000011010100 I
b000000011010010 P
b000011011001010 S
#70112
0B
#70120
b0111110010 (
b111000000110 /
b000011011001011 1
b000010110101110 2
b000010111111001 9
b000011100000101 :
b00010111111001 ;
0>
1B
b111000000101 D
b000011011001011 S
#70128
0B
#70136
b0111110011 (
b111000000111 /
b000010111111010 9
b000011100000111 :
b00010111111010 ;
1B
b111000000110 D
b000000011010011 I
b000000011010001 P
#70140
b000011100000111 #
b000010111110111 $
b000011100001100 %
b000011011001100 3
b000010110101010 4
b00011011001100 5
b111011011010 6
1>
b111011011010 @
b000010111110111 S
#70144
0B
#70152
b0111110100 (
b111000001000 /
b000010110101010 0
b000010111111011 9
b000011100000110 :
b00010111111011 ;
1B
b111000000111 D
b000000011010010 I
b000000011010000 P
b000011011001011 S
#70160
0>
0B
#70168
b0111110101 (
b111000001001 /
b000011011001100 1
b000010110101010 2
b000010111111100 9
b000011100000010 :
b00010111111100 ;
1B
b111000001000 D
b000011011001100 S
#70176
0B
#70180
b000011100000010 #
b000010111111010 $
b000011100000111 %
b000011011001101 3
b000010110101011 4
b00011011001101 5
b111011011011 6
1>
b111011011011 @
b000010111111010 S
#70184
b0111110110 (
b111000001010 /
b000010110101011 0
b000010111111101 9
b000011100000011 :
b00010111111101 ;
1B
b111000001001 D
b000000011010001 I
b000000011001111 P
b000011011001100 S
#70192
0B
#70200
b0111110111 (
b111000001011 /
b000011011001101 1
b000010110101011 2
b000010111111110 9
b000011100000001 :
b00010111111110 ;
0>
1B
b111000001010 D
b000011011001101 S
#70208
0B
#70216
b0111111000 (
b111000001100 /
b000010111111111 9
b000011100000000 :
b00010111111111 ;
1B
b111000001011 D
b000000011010000 I
b000000011001110 P
#70220
b000011100000000 #
b000010111111100 $
b000011100000010 %
b000011011001110 3
b000010110101001 4
b00011011001110 5
b111011011100 6
1>
b111011011100 @
b000010111111100 S
#70224
0B
#70232
b0111111001 (
b111000001101 /
b000010110101001 0
b000011000000000 9
b000010100000000 :
b00011000000000 ;
1B
b111000001100 D
b000000011001111 I
b000000011001101 P
b000011011001101 S
#70240
0>
0B
#70248
b0111111010 (
b111000001110 /
b000011011001110 1
b000010110101001 2
b000011000000001 9
b000010100000001 :
b00011000000001 ;
1B
b111000001101 D
b000011011001110 S
#70256
0B
#70260
b000010100000001 #
b000010111111111 $
b000011100000000 %
b000011011001111 3
b000010110101000 4
b00011011001111 5
b111011011101 6
1>
b111011011101 @
b000010111111111 S
#70264
b0111111011 (
b111000001111 /
b000010110101000 0
b000011000000010 9
b000010100000011 :
b00011000000010 ;
1B
b111000001110 D
b000000011001110 I
b000000011001100 P
b000011011001110 S
#70272
0B
#70280
b0111111100 (
b111000010000 /
b000011011001111 1
b000010110101000 2
b000011000000011 9
b000010100000010 :
b00011000000011 ;
0>
1B
b111000001111 D
b000011011001111 S
#70288
0B
#70296
b0111111101 (
b111000010001 /
b000011000000100 9
b000010100000110 :
b00011000000100 ;
1B
b111000010000 D
b000000011001101 I
b000000011001011 P
#70300
b000010100000110 #
b000011000000001 $
b000010100000001 %
b000011011010000 3
b000010110111000 4
b00011011010000 5
b111011011110 6
1>
b111011011110 @
b000011000000001 S
#70304
0B
#70312
b0111111110 (
b111000010010 /
b000010110111000 0
b000011000000101 9
b000010100000111 :
b00011000000101 ;
1B
b111000010001 D
b000000011001100 I
b000000011001010 P
b000011011001111 S
#70320
0>
0B
#70328
b0111111111 (
b111000010011 /
b000011011010000 1
b000010110111000 2
b000011000000110 9
b000010100000101 :
b00011000000110 ;
1B
b111000010010 D
0L
b000011011010000 S
#70336
0B
#70340
b000010100000101 #
b000011000000100 $
b000010100000110 %
b000011011010001 3
b000010110111001 4
b00011011010001 5
b111011011111 6
1>
b111011011111 @
b000011000000100 S
#70344
0'
b1000000000 (
b111000010100 /
b000010110111001 0
b000011000000111 9
b000010100000100 :
b00011000000111 ;
1B
b111000010011 D
0E
0H
b000000011001011 I
0M
b000000011001001 P
b000011011010000 S
#70352
0B
#70360
b0000000000 (
1+
b111000010100 ,
b111000010101 /
b000011011010001 1
b000010110111001 2
b000011000001000 9
b000010100001100 :
b00011000001000 ;
0>
1B
b000000011001100 I
0O
b000011011010001 S
#70368
0B
#70376
0*
1B
b000000011001011 I
#70380
b000010100001100 #
b000011000000110 $
b000010100000101 %
b000011011010010 3
b000010110111011 4
b00011011010010 5
b111011100000 6
1>
b111011100000 @
b000011000000110 S
#70384
0B
#70392
b000010110111011 0
1B
b000011011010001 S
#70400
0>
0B
#70408
b000011011010010 1
b000010110111011 2
1B
b000000011001100 I
b000000011001010 P
b000011011010010 S
#70416
0B
#70420
b000011000001000 $
b000010100001100 %
b000011011010011 3
b000010110111010 4
b00011011010011 5
b111011100001 6
1>
b111011100001 @
b000011000001000 S
#70424
b000010110111010 0
1B
b000011011010010 S
#70432
0B
#70440
b000011011010011 1
b000010110111010 2
0>
1B
b000000011001101 I
b000000011001011 P
b000011011010011 S
#70448
0B
#70456
1B
#70460
b000011011010100 3
b000010110111110 4
b00011011010100 5
b111011100010 6
1>
b111011100010 @
b000011000001000 S
#70464
0B
#70472
b000010110111110 0
1B
b000011011010011 S
#70480
0>
0B
#70488
b000011011010100 1
b000010110111110 2
1B
b000000011001110 I
b000000011001100 P
b000011011010100 S
#70496
0B
#70500
b000011011010101 3
b000010110111111 4
b00011011010101 5
b111011100011 6
1>
b111011100011 @
b000011000001000 S
#70504
b000010110111111 0
1B
b000011011010100 S
#70512
0B
#70520
b000011011010101 1
b000010110111111 2
0>
1B
b000000011001111 I
b000000011001101 P
b000011011010101 S
#70528
0B
#70536
1B
#70540
b000011011010110 3
b000010110111101 4
b00011011010110 5
b111011100100 6
1>
b111011100100 @
b000011000001000 S
#70544
0B
#70552
b000010110111101 0
1B
b000011011010101 S
#70560
0>
0B
#70568
b000011011010110 1
b000010110111101 2
1B
b000000011010000 I
b000000011001110 P
b000011011010110 S
#70576
0B
#70580
b000011011010111 3
b000010110111100 4
b00011011010111 5
b111011100101 6
1>
b111011100101 @
b000011000001000 S
#70584
b000010110111100 0
1B
b000011011010110 S
#70592
0B
#70600
b000011011010111 1
b000010110111100 2
0>
1B
b000000011010001 I
b000000011001111 P
b000011011010111 S
#70608
0B
#70616
1B
#70620
b000011011011000 3
b000010110110100 4
b00011011011000 5
b111011100110 6
1>
b111011100110 @
b000011000001000 S
#70624
0B
#70632
b000010110110100 0
1B
b000011011010111 S
#70640
0>
0B
#70648
b000011011011000 1
b000010110110100 2
1B
b000000011010010 I
b000000011010000 P
b000011011011000 S
#70656
0B
#70660
b000011011011001 3
b000010110110101 4
b00011011011001 5
b111011100111 6
1>
b111011100111 @
b000011000001000 S
#70664
b000010110110101 0
1B
b000011011011000 S
#70672
0B
#70680
b000011011011001 1
b000010110110101 2
0>
1B
b000000011010011 I
b000000011010001 P
b000011011011001 S
#70688
0B
#70696
1B
#70700
b000011011011010 3
b000010110110111 4
b00011011011010 5
b111011101000 6
1>
b111011101000 @
b000011000001000 S
#70704
0B
#70712
b000010110110111 0
1B
b000011011011001 S
#70720
0>
0B
#70728
b000011011011010 1
b000010110110111 2
1B
b000000011010100 I
b000000011010010 P
b000011011011010 S
#70736
0B
#70740
b000011011011011 3
b000010110110110 4
b00011011011011 5
b111011101001 6
1>
b111011101001 @
b000011000001000 S
#70744
b000010110110110 0
1B
b000011011011010 S
#70752
0B
#70760
b000011011011011 1
b000010110110110 2
0>
1B
b000000011010101 I
b000000011010011 P
b000011011011011 S
#70768
0B
#70776
1B
#70780
b000011011011100 3
b000010110110010 4
b00011011011100 5
b111011101010 6
1>
b111011101010 @
b000011000001000 S
#70784
0B
#70792
b000010110110010 0
1B
b000011011011011 S
#70800
0>
0B
#70808
b000011011011100 1
b000010110110010 2
1B
b000000011010110 I
b000000011010100 P
b000011011011100 S
#70816
0B
#70820
b000011011011101 3
b000010110110011 4
b00011011011101 5
b111011101011 6
1>
b111011101011 @
b000011000001000 S
#70824
b000010110110011 0
1B
b000011011011100 S
#70832
0B
#70840
b000011011011101 1
b000010110110011 2
0>
1B
b000000011010111 I
b000000011010101 P
b000011011011101 S
#70848
0B
#70856
1B
#70860
b000011011011110 3
b000010110110001 4
b00011011011110 5
b111011101100 6
1>
b111011101100 @
b000011000001000 S
#70864
0B
#70872
b000010110110001 0
1B
b000011011011101 S
#70880
0>
0B
#70888
b000011011011110 1
b000010110110001 2
1B
b000000011011000 I
b000000011010110 P
b000011011011110 S
#70896
0B
#70900
b000011011011111 3
b000010110110000 4
b00011011011111 5
b111011101101 6
1>
b111011101101 @
b000011000001000 S
#70904
b000010110110000 0
1B
b000011011011110 S
#70912
0B
#70920
b000011011011111 1
b000010110110000 2
0>
1B
b000000011011001 I
b000000011010111 P
b000011011011111 S
#70928
0B
#70936
1B
#70940
b000011011100000 3
b000010110010000 4
b00011011100000 5
b111011101110 6
1>
b111011101110 @
b000011000001000 S
#70944
0B
#70952
b000010110010000 0
1B
b000011011011111 S
#70960
0>
0B
#70968
b000011011100000 1
b000010110010000 2
1B
b000000011011010 I
b000000011011000 P
b000011011100000 S
#70976
0B
#70980
b000011011100001 3
b000010110010001 4
b00011011100001 5
b111011101111 6
1>
b111011101111 @
b000011000001000 S
#70984
b000010110010001 0
1B
b000011011100000 S
#70992
0B
#71000
b000011011100001 1
b000010110010001 2
0>
1B
b000000011011011 I
b000000011011001 P
b000011011100001 S
#71008
0B
#71016
1B
#71020
b000011011100010 3
b000010110010011 4
b00011011100010 5
b111011110000 6
1>
b111011110000 @
b000011000001000 S
#71024
0B
#71032
b000010110010011 0
1B
b000011011100001 S
#71040
0>
0B
#71048
b000011011100010 1
b000010110010011 2
1B
b000000011011100 I
b000000011011010 P
b000011011100010 S
#71056
0B
#71060
b000011011100011 3
b000010110010010 4
b00011011100011 5
b111011110001 6
1>
b111011110001 @
b000011000001000 S
#71064
b000010110010010 0
1B
b000011011100010 S
#71072
0B
#71080
b000011011100011 1
b000010110010010 2
0>
1B
b000000011011101 I
b000000011011011 P
b000011011100011 S
#71088
0B
#71096
1B
#71100
b000011011100100 3
b000010110010110 4
b00011011100100 5
b111011110010 6
1>
b111011110010 @
b000011000001000 S
#71104
0B
#71112
b000010110010110 0
1B
b000011011100011 S
#71120
0>
0B
#71128
b000011011100100 1
b000010110010110 2
1B
b000000011011110 I
b000000011011100 P
b000011011100100 S
#71136
0B
#71140
b000011011100101 3
b000010110010111 4
b00011011100101 5
b111011110011 6
1>
b111011110011 @
b000011000001000 S
#71144
b000010110010111 0
1B
b000011011100100 S
#71152
0B
#71160
b000011011100101 1
b000010110010111 2
0>
1B
b000000011011111 I
b000000011011101 P
b000011011100101 S
#71168
0B
#71176
1B
#71180
b000011011100110 3
b000010110010101 4
b00011011100110 5
b111011110100 6
1>
b111011110100 @
b000011000001000 S
#71184
0B
#71192
b000010110010101 0
1B
b000011011100101 S
#71200
0>
0B
#71208
b000011011100110 1
b000010110010101 2
1B
b000000011100000 I
b000000011011110 P
b000011011100110 S
#71216
0B
#71220
b000011011100111 3
b000010110010100 4
b00011011100111 5
b111011110101 6
1>
b111011110101 @
b000011000001000 S
#71224
b000010110010100 0
1B
b000011011100110 S
#71232
0B
#71240
b000011011100111 1
b000010110010100 2
0>
1B
b000000011100001 I
b000000011011111 P
b000011011100111 S
#71248
0B
#71256
1B
#71260
b000011011101000 3
b000010110011100 4
b00011011101000 5
b111011110110 6
1>
b111011110110 @
b000011000001000 S
#71264
0B
#71272
b000010110011100 0
1B
b000011011100111 S
#71280
0>
0B
#71288
b000011011101000 1
b000010110011100 2
1B
b000000011100010 I
b000000011100000 P
b000011011101000 S
#71296
0B
#71300
b000011011101001 3
b000010110011101 4
b00011011101001 5
b111011110111 6
1>
b111011110111 @
b000011000001000 S
#71304
b000010110011101 0
1B
b000011011101000 S
#71312
0B
#71320
b000011011101001 1
b000010110011101 2
0>
1B
b000000011100011 I
b000000011100001 P
b000011011101001 S
#71328
0B
#71336
1B
#71340
b000011011101010 3
b000010110011111 4
b00011011101010 5
b111011111000 6
1>
b111011111000 @
b000011000001000 S
#71344
0B
#71352
b000010110011111 0
1B
b000011011101001 S
#71360
0>
0B
#71368
b000011011101010 1
b000010110011111 2
1B
b000000011100100 I
b000000011100010 P
b000011011101010 S
#71376
0B
#71380
b000011011101011 3
b000010110011110 4
b00011011101011 5
b111011111001 6
1>
b111011111001 @
b000011000001000 S
#71384
b000010110011110 0
1B
b000011011101010 S
#71392
0B
#71400
b000011011101011 1
b000010110011110 2
0>
1B
b000000011100101 I
b000000011100011 P
b000011011101011 S
#71408
0B
#71416
1B
#71420
b000011011101100 3
b000010110011010 4
b00011011101100 5
b111011111010 6
1>
b111011111010 @
b000011000001000 S
#71424
0B
#71432
b000010110011010 0
1B
b000011011101011 S
#71440
0>
0B
#71448
b000011011101100 1
b000010110011010 2
1B
b000000011100110 I
b000000011100100 P
b000011011101100 S
#71456
0B
#71460
b000011011101101 3
b000010110011011 4
b00011011101101 5
b111011111011 6
1>
b111011111011 @
b000011000001000 S
#71464
b000010110011011 0
1B
b000011011101100 S
#71472
0B
#71480
b000011011101101 1
b000010110011011 2
0>
1B
b000000011100111 I
b000000011100101 P
b000011011101101 S
#71488
0B
#71496
1B
#71500
b000011011101110 3
b000010110011001 4
b00011011101110 5
b111011111100 6
1>
b111011111100 @
b000011000001000 S
#71504
0B
#71512
b000010110011001 0
1B
b000011011101101 S
#71520
0>
0B
#71528
b000011011101110 1
b000010110011001 2
1B
b000000011101000 I
b000000011100110 P
b000011011101110 S
#71536
0B
#71540
b000011011101111 3
b000010110011000 4
b00011011101111 5
b111011111101 6
1>
b111011111101 @
b000011000001000 S
#71544
b000010110011000 0
1B
b000011011101110 S
#71552
0B
#71560
b000011011101111 1
b000010110011000 2
0>
1B
b000000011101001 I
b000000011100111 P
b000011011101111 S
#71568
0B
#71576
1B
#71580
b000011011110000 3
b000010110001000 4
b00011011110000 5
b111011111110 6
1>
b111011111110 @
b000011000001000 S
#71584
0B
#71592
b000010110001000 0
1B
b000011011101111 S
#71600
0>
0B
#71608
b000011011110000 1
b000010110001000 2
1B
b000000011101010 I
b000000011101000 P
b000011011110000 S
#71616
0B
#71620
b000011011110001 3
b000010110001001 4
b00011011110001 5
b111011111111 6
1>
b111011111111 @
b000011000001000 S
#71624
b000010110001001 0
1B
b000011011110000 S
#71632
0B
#71640
b000011011110001 1
b000010110001001 2
0>
1B
b000000011101011 I
b000000011101001 P
b000011011110001 S
#71648
0B
#71656
1B
#71660
b000011011110010 3
b000010110001011 4
b00011011110010 5
b111100000000 6
1>
b111100000000 @
b000011000001000 S
#71664
0B
#71672
b000010110001011 0
1B
b000011011110001 S
#71680
0>
0B
#71688
b000011011110010 1
b000010110001011 2
1B
b000000011101100 I
b000000011101010 P
b000011011110010 S
#71696
0B
#71700
b000011011110011 3
b000010110001010 4
b00011011110011 5
b111100000001 6
1>
b111100000001 @
b000011000001000 S
#71704
b000010110001010 0
1B
b000011011110010 S
#71712
0B
#71720
b000011011110011 1
b000010110001010 2
0>
1B
b000000011101101 I
b000000011101011 P
b000011011110011 S
#71728
0B
#71736
1B
#71740
b000011011110100 3
b000010110001110 4
b00011011110100 5
b111100000010 6
1>
b111100000010 @
b000011000001000 S
#71744
0B
#71752
b000010110001110 0
1B
b000011011110011 S
#71760
0>
0B
#71768
b000011011110100 1
b000010110001110 2
1B
b000000011101110 I
b000000011101100 P
b000011011110100 S
#71776
0B
#71780
b000011011110101 3
b000010110001111 4
b00011011110101 5
b111100000011 6
1>
b111100000011 @
b000011000001000 S
#71784
b000010110001111 0
1B
b000011011110100 S
#71792
0B
#71800
b000011011110101 1
b000010110001111 2
0>
1B
b000000011101111 I
b000000011101101 P
b000011011110101 S
#71808
0B
#71816
1B
#71820
b000011011110110 3
b000010110001101 4
b00011011110110 5
b111100000100 6
1>
b111100000100 @
b000011000001000 S
#71824
0B
#71832
b000010110001101 0
1B
b000011011110101 S
#71840
0>
0B
#71848
b000011011110110 1
b000010110001101 2
1B
b000000011110000 I
b000000011101110 P
b000011011110110 S
#71856
0B
#71860
b000011011110111 3
b000010110001100 4
b00011011110111 5
b111100000101 6
1>
b111100000101 @
b000011000001000 S
#71864
b000010110001100 0
1B
b000011011110110 S
#71872
0B
#71880
b000011011110111 1
b000010110001100 2
0>
1B
b000000011110001 I
b000000011101111 P
b000011011110111 S
#71888
0B
#71896
1B
#71900
b000011011111000 3
b000010110000100 4
b00011011111000 5
b111100000110 6
1>
b111100000110 @
b000011000001000 S
#71904
0B
#71912
b000010110000100 0
1B
b000011011110111 S
#71920
0>
0B
#71928
b000011011111000 1
b000010110000100 2
1B
b000000011110010 I
b000000011110000 P
b000011011111000 S
#71936
0B
#71940
b000011011111001 3
b000010110000101 4
b00011011111001 5
b111100000111 6
1>
b111100000111 @
b000011000001000 S
#71944
b000010110000101 0
1B
b000011011111000 S
#71952
0B
#71960
b000011011111001 1
b000010110000101 2
0>
1B
b000000011110011 I
b000000011110001 P
b000011011111001 S
#71968
0B
#71976
1B
#71980
b000011011111010 3
b000010110000111 4
b00011011111010 5
b111100001000 6
1>
b111100001000 @
b000011000001000 S
#71984
0B
#71992
b000010110000111 0
1B
b000011011111001 S
#72000
0>
0B
#72008
b000011011111010 1
b000010110000111 2
1B
b000000011110100 I
b000000011110010 P
b000011011111010 S
#72016
0B
#72020
b000011011111011 3
b000010110000110 4
b00011011111011 5
b111100001001 6
1>
b111100001001 @
b000011000001000 S
#72024
b000010110000110 0
1B
b000011011111010 S
#72032
0B
#72040
b000011011111011 1
b000010110000110 2
0>
1B
b000000011110101 I
b000000011110011 P
b000011011111011 S
#72048
0B
#72056
1B
#72060
b000011011111100 3
b000010110000010 4
b00011011111100 5
b111100001010 6
1>
b111100001010 @
b000011000001000 S
#72064
0B
#72072
b000010110000010 0
1B
b000011011111011 S
#72080
0>
0B
#72088
b000011011111100 1
b000010110000010 2
1B
b000000011110110 I
b000000011110100 P
b000011011111100 S
#72096
0B
#72100
b000011011111101 3
b000010110000011 4
b00011011111101 5
b111100001011 6
1>
b111100001011 @
b000011000001000 S
#72104
b000010110000011 0
1B
b000011011111100 S
#72112
0B
#72120
b000011011111101 1
b000010110000011 2
0>
1B
b000000011110111 I
b000000011110101 P
b000011011111101 S
#72128
0B
#72136
1B
#72140
b000011011111110 3
b000010110000001 4
b00011011111110 5
b111100001100 6
1>
b111100001100 @
b000011000001000 S
#72144
0B
#72152
b000010110000001 0
1B
b000011011111101 S
#72160
0>
0B
#72168
b000011011111110 1
b000010110000001 2
1B
b000000011111000 I
b000000011110110 P
b000011011111110 S
#72176
0B
#72180
b000011011111111 3
b000010110000000 4
b00011011111111 5
b111100001101 6
1>
b111100001101 @
b000011000001000 S
#72184
b000010110000000 0
1B
b000011011111110 S
#72192
0B
#72200
b000011011111111 1
b000010110000000 2
0>
1B
b000000011111001 I
b000000011110111 P
b000011011111111 S
#72208
0B
#72216
1B
#72220
b000011100000000 3
b000010010000000 4
b00011100000000 5
b111100001110 6
1>
b111100001110 @
b000011000001000 S
#72224
0B
#72232
b000010010000000 0
1B
b000011011111111 S
#72240
0>
0B
#72248
b000011100000000 1
b000010010000000 2
1B
b000000011111010 I
b000000011111000 P
b000011100000000 S
#72256
0B
#72260
b000011100000001 3
b000010010000001 4
b00011100000001 5
b111100001111 6
1>
b111100001111 @
b000011000001000 S
#72264
b000010010000001 0
1B
b000011100000000 S
#72272
0B
#72280
b000011100000001 1
b000010010000001 2
0>
1B
b000000011111011 I
b000000011111001 P
b000011100000001 S
#72288
0B
#72296
1B
#72300
b000011100000010 3
b000010010000011 4
b00011100000010 5
b111100010000 6
1>
b111100010000 @
b000011000001000 S
#72304
0B
#72312
b000010010000011 0
1B
b000011100000001 S
#72320
0>
0B
#72328
b000011100000010 1
b000010010000011 2
1B
b000000011111100 I
b000000011111010 P
b000011100000010 S
#72336
0B
#72340
b000011100000011 3
b000010010000010 4
b00011100000011 5
b111100010001 6
1>
b111100010001 @
b000011000001000 S
#72344
b000010010000010 0
1B
b000011100000010 S
#72352
0B
#72360
b000011100000011 1
b000010010000010 2
0>
1B
b000000011111101 I
b000000011111011 P
b000011100000011 S
#72368
0B
#72376
1B
#72380
b000011100000100 3
b000010010000110 4
b00011100000100 5
b111100010010 6
1>
b111100010010 @
b000011000001000 S
#72384
0B
#72392
b000010010000110 0
1B
b000011100000011 S
#72400
0>
0B
#72408
b000011100000100 1
b000010010000110 2
1B
b000000011111110 I
b000000011111100 P
b000011100000100 S
#72416
0B
#72420
b000011100000101 3
b000010010000111 4
b00011100000101 5
b111100010011 6
1>
b111100010011 @
b000011000001000 S
#72424
b000010010000111 0
1B
b000011100000100 S
#72432
0B
#72440
b000011100000101 1
b000010010000111 2
0>
1B
b000000011111111 I
b000000011111101 P
b000011100000101 S
#72448
0B
#72456
1B
#72460
b000011100000110 3
b000010010000101 4
b00011100000110 5
b111100010100 6
1>
b111100010100 @
b000011000001000 S
#72464
0B
#72472
b000010010000101 0
1B
b000011100000101 S
#72480
0>
0B
#72488
b000011100000110 1
b000010010000101 2
1B
b000000100000000 I
b000000011111110 P
b000011100000110 S
#72496
0B
#72500
b000011100000111 3
b000010010000100 4
b00011100000111 5
b111100010101 6
1>
b111100010101 @
b000011000001000 S
#72504
b000010010000100 0
1B
b000011100000110 S
#72512
0B
#72520
b000011100000111 1
b000010010000100 2
0>
1B
b000000100000001 I
b000000011111111 P
b000011100000111 S
#72528
0B
#72536
1B
#72540
b000011100001000 3
b000010010001100 4
b00011100001000 5
b111100010110 6
1>
b111100010110 @
b000011000001000 S
#72544
0B
#72552
b000010010001100 0
1B
b000011100000111 S
#72560
0>
0B
#72568
b000011100001000 1
b000010010001100 2
1B
b000000100000010 I
b000000100000000 P
b000011100001000 S
#72576
0B
#72580
b000011100001001 3
b000010010001101 4
b00011100001001 5
b111100010111 6
1>
b111100010111 @
b000011000001000 S
#72584
b000010010001101 0
1B
b000011100001000 S
#72592
0B
#72600
b000011100001001 1
b000010010001101 2
0>
1B
b000000100000011 I
b000000100000001 P
b000011100001001 S
#72608
0B
#72616
1B
#72620
b000011100001010 3
b000010010001111 4
b00011100001010 5
b111100011000 6
1>
b111100011000 @
b000011000001000 S
#72624
0B
#72632
b000010010001111 0
1B
b000011100001001 S
#72640
0>
0B
#72648
b000011100001010 1
b000010010001111 2
1B
b000000100000100 I
b000000100000010 P
b000011100001010 S
#72656
0B
#72660
b000011100001011 3
b000010010001110 4
b00011100001011 5
b111100011001 6
1>
b111100011001 @
b000011000001000 S
#72664
b000010010001110 0
1B
b000011100001010 S
#72672
0B
#72680
b000011100001011 1
b000010010001110 2
0>
1B
b000000100000101 I
b000000100000011 P
b000011100001011 S
#72688
0B
#72696
1B
#72700
b000011100001100 3
b000010010001010 4
b00011100001100 5
b111100011010 6
1>
b111100011010 @
b000011000001000 S
#72704
0B
#72712
b000010010001010 0
1B
b000011100001011 S
#72720
0>
0B
#72728
b000011100001100 1
b000010010001010 2
1B
b000000100000110 I
b000000100000100 P
b000011100001100 S
#72736
0B
#72740
b000011100001101 3
b000010010001011 4
b00011100001101 5
b111100011011 6
1>
b111100011011 @
b000011000001000 S
#72744
b000010010001011 0
1B
b000011100001100 S
#72752
0B
#72760
b000011100001101 1
b000010010001011 2
0>
1B
b000000100000111 I
b000000100000101 P
b000011100001101 S
#72768
0B
#72776
1B
#72780
b000011100001110 3
b000010010001001 4
b00011100001110 5
b111100011100 6
1>
b111100011100 @
b000011000001000 S
#72784
0B
#72792
b000010010001001 0
1B
b000011100001101 S
#72800
0>
0B
#72808
b000011100001110 1
b000010010001001 2
1B
b000000100001000 I
b000000100000110 P
b000011100001110 S
#72816
0B
#72820
b000011100001111 3
b000010010001000 4
b00011100001111 5
b111100011101 6
1>
b111100011101 @
b000011000001000 S
#72824
b000010010001000 0
1B
b000011100001110 S
#72832
0B
#72840
b000011100001111 1
b000010010001000 2
0>
1B
b000000100001001 I
b000000100000111 P
b000011100001111 S
#72848
0B
#72856
1B
#72860
b000011100010000 3
b000010010011000 4
b00011100010000 5
b111100011110 6
1>
b111100011110 @
b000011000001000 S
#72864
0B
#72872
b000010010011000 0
1B
b000011100001111 S
#72880
0>
0B
#72888
b000011100010000 1
b000010010011000 2
1B
b000000100001010 I
b000000100001000 P
b000011100010000 S
#72896
0B
#72900
b000011100010001 3
b000010010011001 4
b00011100010001 5
b111100011111 6
1>
b111100011111 @
b000011000001000 S
#72904
b000010010011001 0
1B
b000011100010000 S
#72912
0B
#72920
b000011100010001 1
b000010010011001 2
0>
1B
b000000100001011 I
b000000100001001 P
b000011100010001 S
#72928
0B
#72936
1B
#72940
b000011100010010 3
b000010010011011 4
b00011100010010 5
b111100100000 6
1>
b111100100000 @
b000011000001000 S
#72944
0B
#72952
b000010010011011 0
1B
b000011100010001 S
#72960
0>
0B
#72968
b000011100010010 1
b000010010011011 2
1B
b000000100001100 I
b000000100001010 P
b000011100010010 S
#72976
0B
#72980
b000011100010011 3
b000010010011010 4
b00011100010011 5
b111100100001 6
1>
b111100100001 @
b000011000001000 S
#72984
b000010010011010 0
1B
b000011100010010 S
#72992
0B
#73000
b000011100010011 1
b000010010011010 2
0>
1B
b000000100001101 I
b000000100001011 P
b000011100010011 S
#73008
0B
#73016
1B
#73020
b000011100010100 3
b000010010011110 4
b00011100010100 5
b111100100010 6
1>
b111100100010 @
b000011000001000 S
#73024
0B
#73032
b000010010011110 0
1B
b000011100010011 S
#73040
0>
0B
#73048
b000011100010100 1
b000010010011110 2
1B
b000000100001110 I
b000000100001100 P
b000011100010100 S
#73056
0B
#73060
b000011100010101 3
b000010010011111 4
b00011100010101 5
b111100100011 6
1>
b111100100011 @
b000011000001000 S
#73064
b000010010011111 0
1B
b000011100010100 S
#73072
0B
#73080
b000011100010101 1
b000010010011111 2
0>
1B
b000000100001111 I
b000000100001101 P
b000011100010101 S
#73088
0B
#73096
1B
#73100
b000011100010110 3
b000010010011101 4
b00011100010110 5
b111100100100 6
1>
b111100100100 @
b000011000001000 S
#73104
0B
#73112
b000010010011101 0
1B
b000011100010101 S
#73120
0>
0B
#73128
b000011100010110 1
b000010010011101 2
1B
b000000100010000 I
b000000100001110 P
b000011100010110 S
#73136
0B
#73140
b000011100010111 3
b000010010011100 4
b00011100010111 5
b111100100101 6
1>
b111100100101 @
b000011000001000 S
#73144
b000010010011100 0
1B
b000011100010110 S
#73152
0B
#73160
b000011100010111 1
b000010010011100 2
0>
1B
b000000100010001 I
b000000100001111 P
b000011100010111 S
#73168
0B
#73176
1B
#73180
b000011100011000 3
b000010010010100 4
b00011100011000 5
b111100100110 6
1>
b111100100110 @
b000011000001000 S
#73184
0B
#73192
b000010010010100 0
1B
b000011100010111 S
#73200
0>
0B
#73208
b000011100011000 1
b000010010010100 2
1B
b000000100010010 I
b000000100010000 P
b000011100011000 S
#73216
0B
#73220
b000011100011001 3
b000010010010101 4
b00011100011001 5
b111100100111 6
1>
b111100100111 @
b000011000001000 S
#73224
b000010010010101 0
1B
b000011100011000 S
#73232
0B
#73240
b000011100011001 1
b000010010010101 2
0>
1B
b000000100010011 I
b000000100010001 P
b000011100011001 S
#73248
0B
#73256
1B
#73260
b000011100011010 3
b000010010010111 4
b00011100011010 5
b111100101000 6
1>
b111100101000 @
b000011000001000 S
#73264
0B
#73272
b000010010010111 0
1B
b000011100011001 S
#73280
0>
0B
#73288
b000011100011010 1
b000010010010111 2
1B
b000000100010100 I
b000000100010010 P
b000011100011010 S
#73296
0B
#73300
b000011100011011 3
b000010010010110 4
b00011100011011 5
b111100101001 6
1>
b111100101001 @
b000011000001000 S
#73304
b000010010010110 0
1B
b000011100011010 S
#73312
0B
#73320
b000011100011011 1
b000010010010110 2
0>
1B
b000000100010101 I
b000000100010011 P
b000011100011011 S
#73328
0B
#73336
1B
#73340
b000011100011100 3
b000010010010010 4
b00011100011100 5
b111100101010 6
1>
b111100101010 @
b000011000001000 S
#73344
0B
#73352
b000010010010010 0
1B
b000011100011011 S
#73360
0>
0B
#73368
b000011100011100 1
b000010010010010 2
1B
b000000100010110 I
b000000100010100 P
b000011100011100 S
#73376
0B
#73380
b000011100011101 3
b000010010010011 4
b00011100011101 5
b111100101011 6
1>
b111100101011 @
b000011000001000 S
#73384
b000010010010011 0
1B
b000011100011100 S
#73392
0B
#73400
b000011100011101 1
b000010010010011 2
0>
1B
b000000100010111 I
b000000100010101 P
b000011100011101 S
#73408
0B
#73416
1B
#73420
b000011100011110 3
b000010010010001 4
b00011100011110 5
b111100101100 6
1>
b111100101100 @
b000011000001000 S
#73424
0B
#73432
b000010010010001 0
1B
b000011100011101 S
#73440
0>
0B
#73448
b000011100011110 1
b000010010010001 2
1B
b000000100011000 I
b000000100010110 P
b000011100011110 S
#73456
0B
#73460
b000011100011111 3
b000010010010000 4
b00011100011111 5
b111100101101 6
1>
b111100101101 @
b000011000001000 S
#73464
b000010010010000 0
1B
b000011100011110 S
#73472
0B
#73480
b000011100011111 1
b000010010010000 2
0>
1B
b000000100011001 I
b000000100010111 P
b000011100011111 S
#73488
0B
#73496
1B
#73500
b000011100100000 3
b000010010110000 4
b00011100100000 5
b111100101110 6
1>
b111100101110 @
b000011000001000 S
#73504
0B
#73512
b000010010110000 0
1B
b000011100011111 S
#73520
0>
0B
#73528
b000011100100000 1
b000010010110000 2
1B
b000000100011010 I
b000000100011000 P
b000011100100000 S
#73536
0B
#73540
b000011100100001 3
b000010010110001 4
b00011100100001 5
b111100101111 6
1>
b111100101111 @
b000011000001000 S
#73544
b000010010110001 0
1B
b000011100100000 S
#73552
0B
#73560
b000011100100001 1
b000010010110001 2
0>
1B
b000000100011011 I
b000000100011001 P
b000011100100001 S
#73568
0B
#73576
1B
#73580
b000011100100010 3
b000010010110011 4
b00011100100010 5
b111100110000 6
1>
b111100110000 @
b000011000001000 S
#73584
0B
#73592
b000010010110011 0
1B
b000011100100001 S
#73600
0>
0B
#73608
b000011100100010 1
b000010010110011 2
1B
b000000100011100 I
b000000100011010 P
b000011100100010 S
#73616
0B
#73620
b000011100100011 3
b000010010110010 4
b00011100100011 5
b111100110001 6
1>
b111100110001 @
b000011000001000 S
#73624
b000010010110010 0
1B
b000011100100010 S
#73632
0B
#73640
b000011100100011 1
b000010010110010 2
0>
1B
b000000100011101 I
b000000100011011 P
b000011100100011 S
#73648
0B
#73656
1B
#73660
b000011100100100 3
b000010010110110 4
b00011100100100 5
b111100110010 6
1>
b111100110010 @
b000011000001000 S
#73664
0B
#73672
b000010010110110 0
1B
b000011100100011 S
#73680
0>
0B
#73688
b000011100100100 1
b000010010110110 2
1B
b000000100011110 I
b000000100011100 P
b000011100100100 S
#73696
0B
#73700
b000011100100101 3
b000010010110111 4
b00011100100101 5
b111100110011 6
1>
b111100110011 @
b000011000001000 S
#73704
b000010010110111 0
1B
b000011100100100 S
#73712
0B
#73720
b000011100100101 1
b000010010110111 2
0>
1B
b000000100011111 I
b000000100011101 P
b000011100100101 S
#73728
0B
#73736
1B
#73740
b000011100100110 3
b000010010110101 4
b00011100100110 5
b111100110100 6
1>
b111100110100 @
b000011000001000 S
#73744
0B
#73752
b000010010110101 0
1B
b000011100100101 S
#73760
0>
0B
#73768
b000011100100110 1
b000010010110101 2
1B
b000000100100000 I
b000000100011110 P
b000011100100110 S
#73776
0B
#73780
b000011100100111 3
b000010010110100 4
b00011100100111 5
b111100110101 6
1>
b111100110101 @
b000011000001000 S
#73784
b000010010110100 0
1B
b000011100100110 S
#73792
0B
#73800
b000011100100111 1
b000010010110100 2
0>
1B
b000000100100001 I
b000000100011111 P
b000011100100111 S
#73808
0B
#73816
1B
#73820
b000011100101000 3
b000010010111100 4
b00011100101000 5
b111100110110 6
1>
b111100110110 @
b000011000001000 S
#73824
0B
#73832
b000010010111100 0
1B
b000011100100111 S
#73840
0>
0B
#73848
b000011100101000 1
b000010010111100 2
1B
b000000100100010 I
b000000100100000 P
b000011100101000 S
#73856
0B
#73860
b000011100101001 3
b000010010111101 4
b00011100101001 5
b111100110111 6
1>
b111100110111 @
b000011000001000 S
#73864
b000010010111101 0
1B
b000011100101000 S
#73872
0B
#73880
b000011100101001 1
b000010010111101 2
0>
1B
b000000100100011 I
b000000100100001 P
b000011100101001 S
#73888
0B
#73896
1B
#73900
b000011100101010 3
b000010010111111 4
b00011100101010 5
b111100111000 6
1>
b111100111000 @
b000011000001000 S
#73904
0B
#73912
b000010010111111 0
1B
b000011100101001 S
#73920
0>
0B
#73928
b000011100101010 1
b000010010111111 2
1B
b000000100100100 I
b000000100100010 P
b000011100101010 S
#73936
0B
#73940
b000011100101011 3
b000010010111110 4
b00011100101011 5
b111100111001 6
1>
b111100111001 @
b000011000001000 S
#73944
b000010010111110 0
1B
b000011100101010 S
#73952
0B
#73960
b000011100101011 1
b000010010111110 2
0>
1B
b000000100100101 I
b000000100100011 P
b000011100101011 S
#73968
0B
#73976
1B
#73980
b000011100101100 3
b000010010111010 4
b00011100101100 5
b111100111010 6
1>
b111100111010 @
b000011000001000 S
#73984
0B
#73992
b000010010111010 0
1B
b000011100101011 S
#74000
0>
0B
#74008
b000011100101100 1
b000010010111010 2
1B
b000000100100110 I
b000000100100100 P
b000011100101100 S
#74016
0B
#74020
b000011100101101 3
b000010010111011 4
b00011100101101 5
b111100111011 6
1>
b111100111011 @
b000011000001000 S
#74024
b000010010111011 0
1B
b000011100101100 S
#74032
0B
#74040
b000011100101101 1
b000010010111011 2
0>
1B
b000000100100111 I
b000000100100101 P
b000011100101101 S
#74048
0B
#74056
1B
#74060
b000011100101110 3
b000010010111001 4
b00011100101110 5
b111100111100 6
1>
b111100111100 @
b000011000001000 S
#74064
0B
#74072
b000010010111001 0
1B
b000011100101101 S
#74080
0>
0B
#74088
b000011100101110 1
b000010010111001 2
1B
b000000100101000 I
b000000100100110 P
b000011100101110 S
#74096
0B
#74100
b000011100101111 3
b000010010111000 4
b00011100101111 5
b111100111101 6
1>
b111100111101 @
b000011000001000 S
#74104
b000010010111000 0
1B
b000011100101110 S
#74112
0B
#74120
b000011100101111 1
b000010010111000 2
0>
1B
b000000100101001 I
b000000100100111 P
b000011100101111 S
#74128
0B
#74136
1B
#74140
b000011100110000 3
b000010010101000 4
b00011100110000 5
b111100111110 6
1>
b111100111110 @
b000011000001000 S
#74144
0B
#74152
b000010010101000 0
1B
b000011100101111 S
#74160
0>
0B
#74168
b000011100110000 1
b000010010101000 2
1B
b000000100101010 I
b000000100101000 P
b000011100110000 S
#74176
0B
#74180
b000011100110001 3
b000010010101001 4
b00011100110001 5
b111100111111 6
1>
b111100111111 @
b000011000001000 S
#74184
b000010010101001 0
1B
b000011100110000 S
#74192
0B
#74200
b000011100110001 1
b000010010101001 2
0>
1B
b000000100101011 I
b000000100101001 P
b000011100110001 S
#74208
0B
#74216
1B
#74220
b000011100110010 3
b000010010101011 4
b00011100110010 5
b111101000000 6
1>
b111101000000 @
b000011000001000 S
#74224
0B
#74232
b000010010101011 0
1B
b000011100110001 S
#74240
0>
0B
#74248
b000011100110010 1
b000010010101011 2
1B
b000000100101100 I
b000000100101010 P
b000011100110010 S
#74256
0B
#74260
b000011100110011 3
b000010010101010 4
b00011100110011 5
b111101000001 6
1>
b111101000001 @
b000011000001000 S
#74264
b000010010101010 0
1B
b000011100110010 S
#74272
0B
#74280
b000011100110011 1
b000010010101010 2
0>
1B
b000000100101101 I
b000000100101011 P
b000011100110011 S
#74288
0B
#74296
1B
#74300
b000011100110100 3
b000010010101110 4
b00011100110100 5
b111101000010 6
1>
b111101000010 @
b000011000001000 S
#74304
0B
#74312
b000010010101110 0
1B
b000011100110011 S
#74320
0>
0B
#74328
b000011100110100 1
b000010010101110 2
1B
b000000100101110 I
b000000100101100 P
b000011100110100 S
#74336
0B
#74340
b000011100110101 3
b000010010101111 4
b00011100110101 5
b111101000011 6
1>
b111101000011 @
b000011000001000 S
#74344
b000010010101111 0
1B
b000011100110100 S
#74352
0B
#74360
b000011100110101 1
b000010010101111 2
0>
1B
b000000100101111 I
b000000100101101 P
b000011100110101 S
#74368
0B
#74376
1B
#74380
b000011100110110 3
b000010010101101 4
b00011100110110 5
b111101000100 6
1>
b111101000100 @
b000011000001000 S
#74384
0B
#74392
b000010010101101 0
1B
b000011100110101 S
#74400
0>
0B
#74408
b000011100110110 1
b000010010101101 2
1B
b000000100110000 I
b000000100101110 P
b000011100110110 S
#74416
0B
#74420
b000011100110111 3
b000010010101100 4
b00011100110111 5
b111101000101 6
1>
b111101000101 @
b000011000001000 S
#74424
b000010010101100 0
1B
b000011100110110 S
#74432
0B
#74440
b000011100110111 1
b000010010101100 2
0>
1B
b000000100110001 I
b000000100101111 P
b000011100110111 S
#74448
0B
#74456
1B
#74460
b000011100111000 3
b000010010100100 4
b00011100111000 5
b111101000110 6
1>
b111101000110 @
b000011000001000 S
#74464
0B
#74472
b000010010100100 0
1B
b000011100110111 S
#74480
0>
0B
#74488
b000011100111000 1
b000010010100100 2
1B
b000000100110010 I
b000000100110000 P
b000011100111000 S
#74496
0B
#74500
b000011100111001 3
b000010010100101 4
b00011100111001 5
b111101000111 6
1>
b111101000111 @
b000011000001000 S
#74504
b000010010100101 0
1B
b000011100111000 S
#74512
0B
#74520
b000011100111001 1
b000010010100101 2
0>
1B
b000000100110011 I
b000000100110001 P
b000011100111001 S
#74528
0B
#74536
1B
#74540
b000011100111010 3
b000010010100111 4
b00011100111010 5
b111101001000 6
1>
b111101001000 @
b000011000001000 S
#74544
0B
#74552
b000010010100111 0
1B
b000011100111001 S
#74560
0>
0B
#74568
b000011100111010 1
b000010010100111 2
1B
b000000100110100 I
b000000100110010 P
b000011100111010 S
#74576
0B
#74580
b000011100111011 3
b000010010100110 4
b00011100111011 5
b111101001001 6
1>
b111101001001 @
b000011000001000 S
#74584
b000010010100110 0
1B
b000011100111010 S
#74592
0B
#74600
b000011100111011 1
b000010010100110 2
0>
1B
b000000100110101 I
b000000100110011 P
b000011100111011 S
#74608
0B
#74616
1B
#74620
b000011100111100 3
b000010010100010 4
b00011100111100 5
b111101001010 6
1>
b111101001010 @
b000011000001000 S
#74624
0B
#74632
b000010010100010 0
1B
b000011100111011 S
#74640
0>
0B
#74648
b000011100111100 1
b000010010100010 2
1B
b000000100110110 I
b000000100110100 P
b000011100111100 S
#74656
0B
#74660
b000011100111101 3
b000010010100011 4
b00011100111101 5
b111101001011 6
1>
b111101001011 @
b000011000001000 S
#74664
b000010010100011 0
1B
b000011100111100 S
#74672
0B
#74680
b000011100111101 1
b000010010100011 2
0>
1B
b000000100110111 I
b000000100110101 P
b000011100111101 S
#74688
0B
#74696
1B
#74700
b000011100111110 3
b000010010100001 4
b00011100111110 5
b111101001100 6
1>
b111101001100 @
b000011000001000 S
#74704
0B
#74712
b000010010100001 0
1B
b000011100111101 S
#74720
0>
0B
#74728
b000011100111110 1
b000010010100001 2
1B
b000000100111000 I
b000000100110110 P
b000011100111110 S
#74736
0B
#74740
b000011100111111 3
b000010010100000 4
b00011100111111 5
b111101001101 6
1>
b111101001101 @
b000011000001000 S
#74744
b000010010100000 0
1B
b000011100111110 S
#74752
0B
#74760
b000011100111111 1
b000010010100000 2
0>
1B
b000000100111001 I
b000000100110111 P
b000011100111111 S
#74768
0B
#74776
1B
#74780
b000011101000000 3
b000010011100000 4
b00011101000000 5
b111101001110 6
1>
b111101001110 @
b000011000001000 S
#74784
0B
#74792
b000010011100000 0
1B
b000011100111111 S
#74800
0>
0B
#74808
b000011101000000 1
b000010011100000 2
1B
b000000100111010 I
b000000100111000 P
b000011101000000 S
#74816
0B
#74820
b000011101000001 3
b000010011100001 4
b00011101000001 5
b111101001111 6
1>
b111101001111 @
b000011000001000 S
#74824
b000010011100001 0
1B
b000011101000000 S
#74832
0B
#74840
b000011101000001 1
b000010011100001 2
0>
1B
b000000100111011 I
b000000100111001 P
b000011101000001 S
#74848
0B
#74856
1B
#74860
b000011101000010 3
b000010011100011 4
b00011101000010 5
b111101010000 6
1>
b111101010000 @
b000011000001000 S
#74864
0B
#74872
b000010011100011 0
1B
b000011101000001 S
#74880
0>
0B
#74888
b000011101000010 1
b000010011100011 2
1B
b000000100111100 I
b000000100111010 P
b000011101000010 S
#74896
0B
#74900
b000011101000011 3
b000010011100010 4
b00011101000011 5
b111101010001 6
1>
b111101010001 @
b000011000001000 S
#74904
b000010011100010 0
1B
b000011101000010 S
#74912
0B
#74920
b000011101000011 1
b000010011100010 2
0>
1B
b000000100111101 I
b000000100111011 P
b000011101000011 S
#74928
0B
#74936
1B
#74940
b000011101000100 3
b000010011100110 4
b00011101000100 5
b111101010010 6
1>
b111101010010 @
b000011000001000 S
#74944
0B
#74952
b000010011100110 0
1B
b000011101000011 S
#74960
0>
0B
#74968
b000011101000100 1
b000010011100110 2
1B
b000000100111110 I
b000000100111100 P
b000011101000100 S
#74976
0B
#74980
b000011101000101 3
b000010011100111 4
b00011101000101 5
b111101010011 6
1>
b111101010011 @
b000011000001000 S
#74984
b000010011100111 0
1B
b000011101000100 S
#74992
0B
#75000
b000011101000101 1
b000010011100111 2
0>
1B
b000000100111111 I
b000000100111101 P
b000011101000101 S
#75008
0B
#75016
1B
#75020
b000011101000110 3
b000010011100101 4
b00011101000110 5
b111101010100 6
1>
b111101010100 @
b000011000001000 S
#75024
0B
#75032
b000010011100101 0
1B
b000011101000101 S
#75040
0>
0B
#75048
b000011101000110 1
b000010011100101 2
1B
b000000101000000 I
b000000100111110 P
b000011101000110 S
#75056
0B
#75060
b000011101000111 3
b000010011100100 4
b00011101000111 5
b111101010101 6
1>
b111101010101 @
b000011000001000 S
#75064
b000010011100100 0
1B
b000011101000110 S
#75072
0B
#75080
b000011101000111 1
b000010011100100 2
0>
1B
b000000101000001 I
b000000100111111 P
b000011101000111 S
#75088
0B
#75096
1B
#75100
b000011101001000 3
b000010011101100 4
b00011101001000 5
b111101010110 6
1>
b111101010110 @
b000011000001000 S
#75104
0B
#75112
b000010011101100 0
1B
b000011101000111 S
#75120
0>
0B
#75128
b000011101001000 1
b000010011101100 2
1B
b000000101000010 I
b000000101000000 P
b000011101001000 S
#75136
0B
#75140
b000011101001001 3
b000010011101101 4
b00011101001001 5
b111101010111 6
1>
b111101010111 @
b000011000001000 S
#75144
b000010011101101 0
1B
b000011101001000 S
#75152
0B
#75160
b000011101001001 1
b000010011101101 2
0>
1B
b000000101000011 I
b000000101000001 P
b000011101001001 S
#75168
0B
#75176
1B
#75180
b000011101001010 3
b000010011101111 4
b00011101001010 5
b111101011000 6
1>
b111101011000 @
b000011000001000 S
#75184
0B
#75192
b000010011101111 0
1B
b000011101001001 S
#75200
0>
0B
#75208
b000011101001010 1
b000010011101111 2
1B
b000000101000100 I
b000000101000010 P
b000011101001010 S
#75216
0B
#75220
b000011101001011 3
b000010011101110 4
b00011101001011 5
b111101011001 6
1>
b111101011001 @
b000011000001000 S
#75224
b000010011101110 0
1B
b000011101001010 S
#75232
0B
#75240
b000011101001011 1
b000010011101110 2
0>
1B
b000000101000101 I
b000000101000011 P
b000011101001011 S
#75248
0B
#75256
1B
#75260
b000011101001100 3
b000010011101010 4
b00011101001100 5
b111101011010 6
1>
b111101011010 @
b000011000001000 S
#75264
0B
#75272
b000010011101010 0
1B
b000011101001011 S
#75280
0>
0B
#75288
b000011101001100 1
b000010011101010 2
1B
b000000101000110 I
b000000101000100 P
b000011101001100 S
#75296
0B
#75300
b000011101001101 3
b000010011101011 4
b00011101001101 5
b111101011011 6
1>
b111101011011 @
b000011000001000 S
#75304
b000010011101011 0
1B
b000011101001100 S
#75312
0B
#75320
b000011101001101 1
b000010011101011 2
0>
1B
b000000101000111 I
b000000101000101 P
b000011101001101 S
#75328
0B
#75336
1B
#75340
b000011101001110 3
b000010011101001 4
b00011101001110 5
b111101011100 6
1>
b111101011100 @
b000011000001000 S
#75344
0B
#75352
b000010011101001 0
1B
b000011101001101 S
#75360
0>
0B
#75368
b000011101001110 1
b000010011101001 2
1B
b000000101001000 I
b000000101000110 P
b000011101001110 S
#75376
0B
#75380
b000011101001111 3
b000010011101000 4
b00011101001111 5
b111101011101 6
1>
b111101011101 @
b000011000001000 S
#75384
b000010011101000 0
1B
b000011101001110 S
#75392
0B
#75400
b000011101001111 1
b000010011101000 2
0>
1B
b000000101001001 I
b000000101000111 P
b000011101001111 S
#75408
0B
#75416
1B
#75420
b000011101010000 3
b000010011111000 4
b00011101010000 5
b111101011110 6
1>
b111101011110 @
b000011000001000 S
#75424
0B
#75432
b000010011111000 0
1B
b000011101001111 S
#75440
0>
0B
#75448
b000011101010000 1
b000010011111000 2
1B
b000000101001010 I
b000000101001000 P
b000011101010000 S
#75456
0B
#75460
b000011101010001 3
b000010011111001 4
b00011101010001 5
b111101011111 6
1>
b111101011111 @
b000011000001000 S
#75464
b000010011111001 0
1B
b000011101010000 S
#75472
0B
#75480
b000011101010001 1
b000010011111001 2
0>
1B
b000000101001011 I
b000000101001001 P
b000011101010001 S
#75488
0B
#75496
1B
#75500
b000011101010010 3
b000010011111011 4
b00011101010010 5
b111101100000 6
1>
b111101100000 @
b000011000001000 S
#75504
0B
#75512
b000010011111011 0
1B
b000011101010001 S
#75520
0>
0B
#75528
b000011101010010 1
b000010011111011 2
1B
b000000101001100 I
b000000101001010 P
b000011101010010 S
#75536
0B
#75540
b000011101010011 3
b000010011111010 4
b00011101010011 5
b111101100001 6
1>
b111101100001 @
b000011000001000 S
#75544
b000010011111010 0
1B
b000011101010010 S
#75552
0B
#75560
b000011101010011 1
b000010011111010 2
0>
1B
b000000101001101 I
b000000101001011 P
b000011101010011 S
#75568
0B
#75576
1B
#75580
b000011101010100 3
b000010011111110 4
b00011101010100 5
b111101100010 6
1>
b111101100010 @
b000011000001000 S
#75584
0B
#75592
b000010011111110 0
1B
b000011101010011 S
#75600
0>
0B
#75608
b000011101010100 1
b000010011111110 2
1B
b000000101001110 I
b000000101001100 P
b000011101010100 S
#75616
0B
#75620
b000011101010101 3
b000010011111111 4
b00011101010101 5
b111101100011 6
1>
b111101100011 @
b000011000001000 S
#75624
b000010011111111 0
1B
b000011101010100 S
#75632
0B
#75640
b000011101010101 1
b000010011111111 2
0>
1B
b000000101001111 I
b000000101001101 P
b000011101010101 S
#75648
0B
#75656
1B
#75660
b000011101010110 3
b000010011111101 4
b00011101010110 5
b111101100100 6
1>
b111101100100 @
b000011000001000 S
#75664
0B
#75672
b000010011111101 0
1B
b000011101010101 S
#75680
0>
0B
#75688
b000011101010110 1
b000010011111101 2
1B
b000000101010000 I
b000000101001110 P
b000011101010110 S
#75696
0B
#75700
b000011101010111 3
b000010011111100 4
b00011101010111 5
b111101100101 6
1>
b111101100101 @
b000011000001000 S
#75704
b000010011111100 0
1B
b000011101010110 S
#75712
0B
#75720
b000011101010111 1
b000010011111100 2
0>
1B
b000000101010001 I
b000000101001111 P
b000011101010111 S
#75728
0B
#75736
1B
#75740
b000011101011000 3
b000010011110100 4
b00011101011000 5
b111101100110 6
1>
b111101100110 @
b000011000001000 S
#75744
0B
#75752
b000010011110100 0
1B
b000011101010111 S
#75760
0>
0B
#75768
b000011101011000 1
b000010011110100 2
1B
b000000101010010 I
b000000101010000 P
b000011101011000 S
#75776
0B
#75780
b000011101011001 3
b000010011110101 4
b00011101011001 5
b111101100111 6
1>
b111101100111 @
b000011000001000 S
#75784
b000010011110101 0
1B
b000011101011000 S
#75792
0B
#75800
b000011101011001 1
b000010011110101 2
0>
1B
b000000101010011 I
b000000101010001 P
b000011101011001 S
#75808
0B
#75816
1B
#75820
b000011101011010 3
b000010011110111 4
b00011101011010 5
b111101101000 6
1>
b111101101000 @
b000011000001000 S
#75824
0B
#75832
b000010011110111 0
1B
b000011101011001 S
#75840
0>
0B
#75848
b000011101011010 1
b000010011110111 2
1B
b000000101010100 I
b000000101010010 P
b000011101011010 S
#75856
0B
#75860
b000011101011011 3
b000010011110110 4
b00011101011011 5
b111101101001 6
1>
b111101101001 @
b000011000001000 S
#75864
b000010011110110 0
1B
b000011101011010 S
#75872
0B
#75880
b000011101011011 1
b000010011110110 2
0>
1B
b000000101010101 I
b000000101010011 P
b000011101011011 S
#75888
0B
#75896
1B
#75900
b000011101011100 3
b000010011110010 4
b00011101011100 5
b111101101010 6
1>
b111101101010 @
b000011000001000 S
#75904
0B
#75912
b000010011110010 0
1B
b000011101011011 S
#75920
0>
0B
#75928
b000011101011100 1
b000010011110010 2
1B
b000000101010110 I
b000000101010100 P
b000011101011100 S
#75936
0B
#75940
b000011101011101 3
b000010011110011 4
b00011101011101 5
b111101101011 6
1>
b111101101011 @
b000011000001000 S
#75944
b000010011110011 0
1B
b000011101011100 S
#75952
0B
#75960
b000011101011101 1
b000010011110011 2
0>
1B
b000000101010111 I
b000000101010101 P
b000011101011101 S
#75968
0B
#75976
1B
#75980
b000011101011110 3
b000010011110001 4
b00011101011110 5
b111101101100 6
1>
b111101101100 @
b000011000001000 S
#75984
0B
#75992
b000010011110001 0
1B
b000011101011101 S
#76000
0>
0B
#76008
b000011101011110 1
b000010011110001 2
1B
b000000101011000 I
b000000101010110 P
b000011101011110 S
#76016
0B
#76020
b000011101011111 3
b000010011110000 4
b00011101011111 5
b111101101101 6
1>
b111101101101 @
b000011000001000 S
#76024
b000010011110000 0
1B
b000011101011110 S
#76032
0B
#76040
b000011101011111 1
b000010011110000 2
0>
1B
b000000101011001 I
b000000101010111 P
b000011101011111 S
#76048
0B
#76056
1B
#76060
b000011101100000 3
b000010011010000 4
b00011101100000 5
b111101101110 6
1>
b111101101110 @
b000011000001000 S
#76064
0B
#76072
b000010011010000 0
1B
b000011101011111 S
#76080
0>
0B
#76088
b000011101100000 1
b000010011010000 2
1B
b000000101011010 I
b000000101011000 P
b000011101100000 S
#76096
0B
#76100
b000011101100001 3
b000010011010001 4
b00011101100001 5
b111101101111 6
1>
b111101101111 @
b000011000001000 S
#76104
b000010011010001 0
1B
b000011101100000 S
#76112
0B
#76120
b000011101100001 1
b000010011010001 2
0>
1B
b000000101011011 I
b000000101011001 P
b000011101100001 S
#76128
0B
#76136
1B
#76140
b000011101100010 3
b000010011010011 4
b00011101100010 5
b111101110000 6
1>
b111101110000 @
b000011000001000 S
#76144
0B
#76152
b000010011010011 0
1B
b000011101100001 S
#76160
0>
0B
#76168
b000011101100010 1
b000010011010011 2
1B
b000000101011100 I
b000000101011010 P
b000011101100010 S
#76176
0B
#76180
b000011101100011 3
b000010011010010 4
b00011101100011 5
b111101110001 6
1>
b111101110001 @
b000011000001000 S
#76184
b000010011010010 0
1B
b000011101100010 S
#76192
0B
#76200
b000011101100011 1
b000010011010010 2
0>
1B
b000000101011101 I
b000000101011011 P
b000011101100011 S
#76208
0B
#76216
1B
#76220
b000011101100100 3
b000010011010110 4
b00011101100100 5
b111101110010 6
1>
b111101110010 @
b000011000001000 S
#76224
0B
#76232
b000010011010110 0
1B
b000011101100011 S
#76240
0>
0B
#76248
b000011101100100 1
b000010011010110 2
1B
b000000101011110 I
b000000101011100 P
b000011101100100 S
#76256
0B
#76260
b000011101100101 3
b000010011010111 4
b00011101100101 5
b111101110011 6
1>
b111101110011 @
b000011000001000 S
#76264
b000010011010111 0
1B
b000011101100100 S
#76272
0B
#76280
b000011101100101 1
b000010011010111 2
0>
1B
b000000101011111 I
b000000101011101 P
b000011101100101 S
#76288
0B
#76296
1B
#76300
b000011101100110 3
b000010011010101 4
b00011101100110 5
b111101110100 6
1>
b111101110100 @
b000011000001000 S
#76304
0B
#76312
b000010011010101 0
1B
b000011101100101 S
#76320
0>
0B
#76328
b000011101100110 1
b000010011010101 2
1B
b000000101100000 I
b000000101011110 P
b000011101100110 S
#76336
0B
#76340
b000011101100111 3
b000010011010100 4
b00011101100111 5
b111101110101 6
1>
b111101110101 @
b000011000001000 S
#76344
b000010011010100 0
1B
b000011101100110 S
#76352
0B
#76360
b000011101100111 1
b000010011010100 2
0>
1B
b000000101100001 I
b000000101011111 P
b000011101100111 S
#76368
0B
#76376
1B
#76380
b000011101101000 3
b000010011011100 4
b00011101101000 5
b111101110110 6
1>
b111101110110 @
b000011000001000 S
#76384
0B
#76392
b000010011011100 0
1B
b000011101100111 S
#76400
0>
0B
#76408
b000011101101000 1
b000010011011100 2
1B
b000000101100010 I
b000000101100000 P
b000011101101000 S
#76416
0B
#76420
b000011101101001 3
b000010011011101 4
b00011101101001 5
b111101110111 6
1>
b111101110111 @
b000011000001000 S
#76424
b000010011011101 0
1B
b000011101101000 S
#76432
0B
#76440
b000011101101001 1
b000010011011101 2
0>
1B
b000000101100011 I
b000000101100001 P
b000011101101001 S
#76448
0B
#76456
1B
#76460
b000011101101010 3
b000010011011111 4
b00011101101010 5
b111101111000 6
1>
b111101111000 @
b000011000001000 S
#76464
0B
#76472
b000010011011111 0
1B
b000011101101001 S
#76480
0>
0B
#76488
b000011101101010 1
b000010011011111 2
1B
b000000101100100 I
b000000101100010 P
b000011101101010 S
#76496
0B
#76500
b000011101101011 3
b000010011011110 4
b00011101101011 5
b111101111001 6
1>
b111101111001 @
b000011000001000 S
#76504
b000010011011110 0
1B
b000011101101010 S
#76512
0B
#76520
b000011101101011 1
b000010011011110 2
0>
1B
b000000101100101 I
b000000101100011 P
b000011101101011 S
#76528
0B
#76536
1B
#76540
b000011101101100 3
b000010011011010 4
b00011101101100 5
b111101111010 6
1>
b111101111010 @
b000011000001000 S
#76544
0B
#76552
b000010011011010 0
1B
b000011101101011 S
#76560
0>
0B
#76568
b000011101101100 1
b000010011011010 2
1B
b000000101100110 I
b000000101100100 P
b000011101101100 S
#76576
0B
#76580
b000011101101101 3
b000010011011011 4
b00011101101101 5
b111101111011 6
1>
b111101111011 @
b000011000001000 S
#76584
b000010011011011 0
1B
b000011101101100 S
#76592
0B
#76600
b000011101101101 1
b000010011011011 2
0>
1B
b000000101100111 I
b000000101100101 P
b000011101101101 S
#76608
0B
#76616
1B
#76620
b000011101101110 3
b000010011011001 4
b00011101101110 5
b111101111100 6
1>
b111101111100 @
b000011000001000 S
#76624
0B
#76632
b000010011011001 0
1B
b000011101101101 S
#76640
0>
0B
#76648
b000011101101110 1
b000010011011001 2
1B
b000000101101000 I
b000000101100110 P
b000011101101110 S
#76656
0B
#76660
b000011101101111 3
b000010011011000 4
b00011101101111 5
b111101111101 6
1>
b111101111101 @
b000011000001000 S
#76664
b000010011011000 0
1B
b000011101101110 S
#76672
0B
#76680
b000011101101111 1
b000010011011000 2
0>
1B
b000000101101001 I
b000000101100111 P
b000011101101111 S
#76688
0B
#76696
1B
#76700
b000011101110000 3
b000010011001000 4
b00011101110000 5
b111101111110 6
1>
b111101111110 @
b000011000001000 S
#76704
0B
#76712
b000010011001000 0
1B
b000011101101111 S
#76720
0>
0B
#76728
b000011101110000 1
b000010011001000 2
1B
b000000101101010 I
b000000101101000 P
b000011101110000 S
#76736
0B
#76740
b000011101110001 3
b000010011001001 4
b00011101110001 5
b111101111111 6
1>
b111101111111 @
b000011000001000 S
#76744
b000010011001001 0
1B
b000011101110000 S
#76752
0B
#76760
b000011101110001 1
b000010011001001 2
0>
1B
b000000101101011 I
b000000101101001 P
b000011101110001 S
#76768
0B
#76776
1B
#76780
b000011101110010 3
b000010011001011 4
b00011101110010 5
b111110000000 6
1>
b111110000000 @
b000011000001000 S
#76784
0B
#76792
b000010011001011 0
1B
b000011101110001 S
#76800
0>
0B
#76808
b000011101110010 1
b000010011001011 2
1B
b000000101101100 I
b000000101101010 P
b000011101110010 S
#76816
0B
#76820
b000011101110011 3
b000010011001010 4
b00011101110011 5
b111110000001 6
1>
b111110000001 @
b000011000001000 S
#76824
b000010011001010 0
1B
b000011101110010 S
#76832
0B
#76840
b000011101110011 1
b000010011001010 2
0>
1B
b000000101101101 I
b000000101101011 P
b000011101110011 S
#76848
0B
#76856
1B
#76860
b000011101110100 3
b000010011001110 4
b00011101110100 5
b111110000010 6
1>
b111110000010 @
b000011000001000 S
#76864
0B
#76872
b000010011001110 0
1B
b000011101110011 S
#76880
0>
0B
#76888
b000011101110100 1
b000010011001110 2
1B
b000000101101110 I
b000000101101100 P
b000011101110100 S
#76896
0B
#76900
b000011101110101 3
b000010011001111 4
b00011101110101 5
b111110000011 6
1>
b111110000011 @
b000011000001000 S
#76904
b000010011001111 0
1B
b000011101110100 S
#76912
0B
#76920
b000011101110101 1
b000010011001111 2
0>
1B
b000000101101111 I
b000000101101101 P
b000011101110101 S
#76928
0B
#76936
1B
#76940
b000011101110110 3
b000010011001101 4
b00011101110110 5
b111110000100 6
1>
b111110000100 @
b000011000001000 S
#76944
0B
#76952
b000010011001101 0
1B
b000011101110101 S
#76960
0>
0B
#76968
b000011101110110 1
b000010011001101 2
1B
b000000101110000 I
b000000101101110 P
b000011101110110 S
#76976
0B
#76980
b000011101110111 3
b000010011001100 4
b00011101110111 5
b111110000101 6
1>
b111110000101 @
b000011000001000 S
#76984
b000010011001100 0
1B
b000011101110110 S
#76992
0B
#77000
b000011101110111 1
b000010011001100 2
0>
1B
b000000101110001 I
b000000101101111 P
b000011101110111 S
#77008
0B
#77016
1B
#77020
b000011101111000 3
b000010011000100 4
b00011101111000 5
b111110000110 6
1>
b111110000110 @
b000011000001000 S
#77024
0B
#77032
b000010011000100 0
1B
b000011101110111 S
#77040
0>
0B
#77048
b000011101111000 1
b000010011000100 2
1B
b000000101110010 I
b000000101110000 P
b000011101111000 S
#77056
0B
#77060
b000011101111001 3
b000010011000101 4
b00011101111001 5
b111110000111 6
1>
b111110000111 @
b000011000001000 S
#77064
b000010011000101 0
1B
b000011101111000 S
#77072
0B
#77080
b000011101111001 1
b000010011000101 2
0>
1B
b000000101110011 I
b000000101110001 P
b000011101111001 S
#77088
0B
#77096
1B
#77100
b000011101111010 3
b000010011000111 4
b00011101111010 5
b111110001000 6
1>
b111110001000 @
b000011000001000 S
#77104
0B
#77112
b000010011000111 0
1B
b000011101111001 S
#77120
0>
0B
#77128
b000011101111010 1
b000010011000111 2
1B
b000000101110100 I
b000000101110010 P
b000011101111010 S
#77136
0B
#77140
b000011101111011 3
b000010011000110 4
b00011101111011 5
b111110001001 6
1>
b111110001001 @
b000011000001000 S
#77144
b000010011000110 0
1B
b000011101111010 S
#77152
0B
#77160
b000011101111011 1
b000010011000110 2
0>
1B
b000000101110101 I
b000000101110011 P
b000011101111011 S
#77168
0B
#77176
1B
#77180
b000011101111100 3
b000010011000010 4
b00011101111100 5
b111110001010 6
1>
b111110001010 @
b000011000001000 S
#77184
0B
#77192
b000010011000010 0
1B
b000011101111011 S
#77200
0>
0B
#77208
b000011101111100 1
b000010011000010 2
1B
b000000101110110 I
b000000101110100 P
b000011101111100 S
#77216
0B
#77220
b000011101111101 3
b000010011000011 4
b00011101111101 5
b111110001011 6
1>
b111110001011 @
b000011000001000 S
#77224
b000010011000011 0
1B
b000011101111100 S
#77232
0B
#77240
b000011101111101 1
b000010011000011 2
0>
1B
b000000101110111 I
b000000101110101 P
b000011101111101 S
#77248
0B
#77256
1B
#77260
b000011101111110 3
b000010011000001 4
b00011101111110 5
b111110001100 6
1>
b111110001100 @
b000011000001000 S
#77264
0B
#77272
b000010011000001 0
1B
b000011101111101 S
#77280
0>
0B
#77288
b000011101111110 1
b000010011000001 2
1B
b000000101111000 I
b000000101110110 P
b000011101111110 S
#77296
0B
#77300
b000011101111111 3
b000010011000000 4
b00011101111111 5
b111110001101 6
1>
b111110001101 @
b000011000001000 S
#77304
b000010011000000 0
1B
b000011101111110 S
#77312
0B
#77320
b000011101111111 1
b000010011000000 2
0>
1B
b000000101111001 I
b000000101110111 P
b000011101111111 S
#77328
0B
#77336
1B
#77340
b000011110000000 3
b000010001000000 4
b00011110000000 5
b111110001110 6
1>
b111110001110 @
b000011000001000 S
#77344
0B
#77352
b000010001000000 0
1B
b000011101111111 S
#77360
0>
0B
#77368
b000011110000000 1
b000010001000000 2
1B
b000000101111010 I
b000000101111000 P
b000011110000000 S
#77376
0B
#77380
b000011110000001 3
b000010001000001 4
b00011110000001 5
b111110001111 6
1>
b111110001111 @
b000011000001000 S
#77384
b000010001000001 0
1B
b000011110000000 S
#77392
0B
#77400
b000011110000001 1
b000010001000001 2
0>
1B
b000000101111011 I
b000000101111001 P
b000011110000001 S
#77408
0B
#77416
1B
#77420
b000011110000010 3
b000010001000011 4
b00011110000010 5
b111110010000 6
1>
b111110010000 @
b000011000001000 S
#77424
0B
#77432
b000010001000011 0
1B
b000011110000001 S
#77440
0>
0B
#77448
b000011110000010 1
b000010001000011 2
1B
b000000101111100 I
b000000101111010 P
b000011110000010 S
#77456
0B
#77460
b000011110000011 3
b000010001000010 4
b00011110000011 5
b111110010001 6
1>
b111110010001 @
b000011000001000 S
#77464
b000010001000010 0
1B
b000011110000010 S
#77472
0B
#77480
b000011110000011 1
b000010001000010 2
0>
1B
b000000101111101 I
b000000101111011 P
b000011110000011 S
#77488
0B
#77496
1B
#77500
b000011110000100 3
b000010001000110 4
b00011110000100 5
b111110010010 6
1>
b111110010010 @
b000011000001000 S
#77504
0B
#77512
b000010001000110 0
1B
b000011110000011 S
#77520
0>
0B
#77528
b000011110000100 1
b000010001000110 2
1B
b000000101111110 I
b000000101111100 P
b000011110000100 S
#77536
0B
#77540
b000011110000101 3
b000010001000111 4
b00011110000101 5
b111110010011 6
1>
b111110010011 @
b000011000001000 S
#77544
b000010001000111 0
1B
b000011110000100 S
#77552
0B
#77560
b000011110000101 1
b000010001000111 2
0>
1B
b000000101111111 I
b000000101111101 P
b000011110000101 S
#77568
0B
#77576
1B
#77580
b000011110000110 3
b000010001000101 4
b00011110000110 5
b111110010100 6
1>
b111110010100 @
b000011000001000 S
#77584
0B
#77592
b000010001000101 0
1B
b000011110000101 S
#77600
0>
0B
#77608
b000011110000110 1
b000010001000101 2
1B
b000000110000000 I
b000000101111110 P
b000011110000110 S
#77616
0B
#77620
b000011110000111 3
b000010001000100 4
b00011110000111 5
b111110010101 6
1>
b111110010101 @
b000011000001000 S
#77624
b000010001000100 0
1B
b000011110000110 S
#77632
0B
#77640
b000011110000111 1
b000010001000100 2
0>
1B
b000000110000001 I
b000000101111111 P
b000011110000111 S
#77648
0B
#77656
1B
#77660
b000011110001000 3
b000010001001100 4
b00011110001000 5
b111110010110 6
1>
b111110010110 @
b000011000001000 S
#77664
0B
#77672
b000010001001100 0
1B
b000011110000111 S
#77680
0>
0B
#77688
b000011110001000 1
b000010001001100 2
1B
b000000110000010 I
b000000110000000 P
b000011110001000 S
#77696
0B
#77700
b000011110001001 3
b000010001001101 4
b00011110001001 5
b111110010111 6
1>
b111110010111 @
b000011000001000 S
#77704
b000010001001101 0
1B
b000011110001000 S
#77712
0B
#77720
b000011110001001 1
b000010001001101 2
0>
1B
b000000110000011 I
b000000110000001 P
b000011110001001 S
#77728
0B
#77736
1B
#77740
b000011110001010 3
b000010001001111 4
b00011110001010 5
b111110011000 6
1>
b111110011000 @
b000011000001000 S
#77744
0B
#77752
b000010001001111 0
1B
b000011110001001 S
#77760
0>
0B
#77768
b000011110001010 1
b000010001001111 2
1B
b000000110000100 I
b000000110000010 P
b000011110001010 S
#77776
0B
#77780
b000011110001011 3
b000010001001110 4
b00011110001011 5
b111110011001 6
1>
b111110011001 @
b000011000001000 S
#77784
b000010001001110 0
1B
b000011110001010 S
#77792
0B
#77800
b000011110001011 1
b000010001001110 2
0>
1B
b000000110000101 I
b000000110000011 P
b000011110001011 S
#77808
0B
#77816
1B
#77820
b000011110001100 3
b000010001001010 4
b00011110001100 5
b111110011010 6
1>
b111110011010 @
b000011000001000 S
#77824
0B
#77832
b000010001001010 0
1B
b000011110001011 S
#77840
0>
0B
#77848
b000011110001100 1
b000010001001010 2
1B
b000000110000110 I
b000000110000100 P
b000011110001100 S
#77856
0B
#77860
b000011110001101 3
b000010001001011 4
b00011110001101 5
b111110011011 6
1>
b111110011011 @
b000011000001000 S
#77864
b000010001001011 0
1B
b000011110001100 S
#77872
0B
#77880
b000011110001101 1
b000010001001011 2
0>
1B
b000000110000111 I
b000000110000101 P
b000011110001101 S
#77888
0B
#77896
1B
#77900
b000011110001110 3
b000010001001001 4
b00011110001110 5
b111110011100 6
1>
b111110011100 @
b000011000001000 S
#77904
0B
#77912
b000010001001001 0
1B
b000011110001101 S
#77920
0>
0B
#77928
b000011110001110 1
b000010001001001 2
1B
b000000110001000 I
b000000110000110 P
b000011110001110 S
#77936
0B
#77940
b000011110001111 3
b000010001001000 4
b00011110001111 5
b111110011101 6
1>
b111110011101 @
b000011000001000 S
#77944
b000010001001000 0
1B
b000011110001110 S
#77952
0B
#77960
b000011110001111 1
b000010001001000 2
0>
1B
b000000110001001 I
b000000110000111 P
b000011110001111 S
#77968
0B
#77976
1B
#77980
b000011110010000 3
b000010001011000 4
b00011110010000 5
b111110011110 6
1>
b111110011110 @
b000011000001000 S
#77984
0B
#77992
b000010001011000 0
1B
b000011110001111 S
#78000
0>
0B
#78008
b000011110010000 1
b000010001011000 2
1B
b000000110001010 I
b000000110001000 P
b000011110010000 S
#78016
0B
#78020
b000011110010001 3
b000010001011001 4
b00011110010001 5
b111110011111 6
1>
b111110011111 @
b000011000001000 S
#78024
b000010001011001 0
1B
b000011110010000 S
#78032
0B
#78040
b000011110010001 1
b000010001011001 2
0>
1B
b000000110001011 I
b000000110001001 P
b000011110010001 S
#78048
0B
#78056
1B
#78060
b000011110010010 3
b000010001011011 4
b00011110010010 5
b111110100000 6
1>
b111110100000 @
b000011000001000 S
#78064
0B
#78072
b000010001011011 0
1B
b000011110010001 S
#78080
0>
0B
#78088
b000011110010010 1
b000010001011011 2
1B
b000000110001100 I
b000000110001010 P
b000011110010010 S
#78096
0B
#78100
b000011110010011 3
b000010001011010 4
b00011110010011 5
b111110100001 6
1>
b111110100001 @
b000011000001000 S
#78104
b000010001011010 0
1B
b000011110010010 S
#78112
0B
#78120
b000011110010011 1
b000010001011010 2
0>
1B
b000000110001101 I
b000000110001011 P
b000011110010011 S
#78128
0B
#78136
1B
#78140
b000011110010100 3
b000010001011110 4
b00011110010100 5
b111110100010 6
1>
b111110100010 @
b000011000001000 S
#78144
0B
#78152
b000010001011110 0
1B
b000011110010011 S
#78160
0>
0B
#78168
b000011110010100 1
b000010001011110 2
1B
b000000110001110 I
b000000110001100 P
b000011110010100 S
#78176
0B
#78180
b000011110010101 3
b000010001011111 4
b00011110010101 5
b111110100011 6
1>
b111110100011 @
b000011000001000 S
#78184
b000010001011111 0
1B
b000011110010100 S
#78192
0B
#78200
b000011110010101 1
b000010001011111 2
0>
1B
b000000110001111 I
b000000110001101 P
b000011110010101 S
#78208
0B
#78216
1B
#78220
b000011110010110 3
b000010001011101 4
b00011110010110 5
b111110100100 6
1>
b111110100100 @
b000011000001000 S
#78224
0B
#78232
b000010001011101 0
1B
b000011110010101 S
#78240
0>
0B
#78248
b000011110010110 1
b000010001011101 2
1B
b000000110010000 I
b000000110001110 P
b000011110010110 S
#78256
0B
#78260
b000011110010111 3
b000010001011100 4
b00011110010111 5
b111110100101 6
1>
b111110100101 @
b000011000001000 S
#78264
b000010001011100 0
1B
b000011110010110 S
#78272
0B
#78280
b000011110010111 1
b000010001011100 2
0>
1B
b000000110010001 I
b000000110001111 P
b000011110010111 S
#78288
0B
#78296
1B
#78300
b000011110011000 3
b000010001010100 4
b00011110011000 5
b111110100110 6
1>
b111110100110 @
b000011000001000 S
#78304
0B
#78312
b000010001010100 0
1B
b000011110010111 S
#78320
0>
0B
#78328
b000011110011000 1
b000010001010100 2
1B
b000000110010010 I
b000000110010000 P
b000011110011000 S
#78336
0B
#78340
b000011110011001 3
b000010001010101 4
b00011110011001 5
b111110100111 6
1>
b111110100111 @
b000011000001000 S
#78344
b000010001010101 0
1B
b000011110011000 S
#78352
0B
#78360
b000011110011001 1
b000010001010101 2
0>
1B
b000000110010011 I
b000000110010001 P
b000011110011001 S
#78368
0B
#78376
1B
#78380
b000011110011010 3
b000010001010111 4
b00011110011010 5
b111110101000 6
1>
b111110101000 @
b000011000001000 S
#78384
0B
#78392
b000010001010111 0
1B
b000011110011001 S
#78400
0>
0B
#78408
b000011110011010 1
b000010001010111 2
1B
b000000110010100 I
b000000110010010 P
b000011110011010 S
#78416
0B
#78420
b000011110011011 3
b000010001010110 4
b00011110011011 5
b111110101001 6
1>
b111110101001 @
b000011000001000 S
#78424
b000010001010110 0
1B
b000011110011010 S
#78432
0B
#78440
b000011110011011 1
b000010001010110 2
0>
1B
b000000110010101 I
b000000110010011 P
b000011110011011 S
#78448
0B
#78456
1B
#78460
b000011110011100 3
b000010001010010 4
b00011110011100 5
b111110101010 6
1>
b111110101010 @
b000011000001000 S
#78464
0B
#78472
b000010001010010 0
1B
b000011110011011 S
#78480
0>
0B
#78488
b000011110011100 1
b000010001010010 2
1B
b000000110010110 I
b000000110010100 P
b000011110011100 S
#78496
0B
#78500
b000011110011101 3
b000010001010011 4
b00011110011101 5
b111110101011 6
1>
b111110101011 @
b000011000001000 S
#78504
b000010001010011 0
1B
b000011110011100 S
#78512
0B
#78520
b000011110011101 1
b000010001010011 2
0>
1B
b000000110010111 I
b000000110010101 P
b000011110011101 S
#78528
0B
#78536
1B
#78540
b000011110011110 3
b000010001010001 4
b00011110011110 5
b111110101100 6
1>
b111110101100 @
b000011000001000 S
#78544
0B
#78552
b000010001010001 0
1B
b000011110011101 S
#78560
0>
0B
#78568
b000011110011110 1
b000010001010001 2
1B
b000000110011000 I
b000000110010110 P
b000011110011110 S
#78576
0B
#78580
b000011110011111 3
b000010001010000 4
b00011110011111 5
b111110101101 6
1>
b111110101101 @
b000011000001000 S
#78584
b000010001010000 0
1B
b000011110011110 S
#78592
0B
#78600
b000011110011111 1
b000010001010000 2
0>
1B
b000000110011001 I
b000000110010111 P
b000011110011111 S
#78608
0B
#78616
1B
#78620
b000011110100000 3
b000010001110000 4
b00011110100000 5
b111110101110 6
1>
b111110101110 @
b000011000001000 S
#78624
0B
#78632
b000010001110000 0
1B
b000011110011111 S
#78640
0>
0B
#78648
b000011110100000 1
b000010001110000 2
1B
b000000110011010 I
b000000110011000 P
b000011110100000 S
#78656
0B
#78660
b000011110100001 3
b000010001110001 4
b00011110100001 5
b111110101111 6
1>
b111110101111 @
b000011000001000 S
#78664
b000010001110001 0
1B
b000011110100000 S
#78672
0B
#78680
b000011110100001 1
b000010001110001 2
0>
1B
b000000110011011 I
b000000110011001 P
b000011110100001 S
#78688
0B
#78696
1B
#78700
b000011110100010 3
b000010001110011 4
b00011110100010 5
b111110110000 6
1>
b111110110000 @
b000011000001000 S
#78704
0B
#78712
b000010001110011 0
1B
b000011110100001 S
#78720
0>
0B
#78728
b000011110100010 1
b000010001110011 2
1B
b000000110011100 I
b000000110011010 P
b000011110100010 S
#78736
0B
#78740
b000011110100011 3
b000010001110010 4
b00011110100011 5
b111110110001 6
1>
b111110110001 @
b000011000001000 S
#78744
b000010001110010 0
1B
b000011110100010 S
#78752
0B
#78760
b000011110100011 1
b000010001110010 2
0>
1B
b000000110011101 I
b000000110011011 P
b000011110100011 S
#78768
0B
#78776
1B
#78780
b000011110100100 3
b000010001110110 4
b00011110100100 5
b111110110010 6
1>
b111110110010 @
b000011000001000 S
#78784
0B
#78792
b000010001110110 0
1B
b000011110100011 S
#78800
0>
0B
#78808
b000011110100100 1
b000010001110110 2
1B
b000000110011110 I
b000000110011100 P
b000011110100100 S
#78816
0B
#78820
b000011110100101 3
b000010001110111 4
b00011110100101 5
b111110110011 6
1>
b111110110011 @
b000011000001000 S
#78824
b000010001110111 0
1B
b000011110100100 S
#78832
0B
#78840
b000011110100101 1
b000010001110111 2
0>
1B
b000000110011111 I
b000000110011101 P
b000011110100101 S
#78848
0B
#78856
1B
#78860
b000011110100110 3
b000010001110101 4
b00011110100110 5
b111110110100 6
1>
b111110110100 @
b000011000001000 S
#78864
0B
#78872
b000010001110101 0
1B
b000011110100101 S
#78880
0>
0B
#78888
b000011110100110 1
b000010001110101 2
1B
b000000110100000 I
b000000110011110 P
b000011110100110 S
#78896
0B
#78900
b000011110100111 3
b000010001110100 4
b00011110100111 5
b111110110101 6
1>
b111110110101 @
b000011000001000 S
#78904
b000010001110100 0
1B
b000011110100110 S
#78912
0B
#78920
b000011110100111 1
b000010001110100 2
0>
1B
b000000110100001 I
b000000110011111 P
b000011110100111 S
#78928
0B
#78936
1B
#78940
b000011110101000 3
b000010001111100 4
b00011110101000 5
b111110110110 6
1>
b111110110110 @
b000011000001000 S
#78944
0B
#78952
b000010001111100 0
1B
b000011110100111 S
#78960
0>
0B
#78968
b000011110101000 1
b000010001111100 2
1B
b000000110100010 I
b000000110100000 P
b000011110101000 S
#78976
0B
#78980
b000011110101001 3
b000010001111101 4
b00011110101001 5
b111110110111 6
1>
b111110110111 @
b000011000001000 S
#78984
b000010001111101 0
1B
b000011110101000 S
#78992
0B
#79000
b000011110101001 1
b000010001111101 2
0>
1B
b000000110100011 I
b000000110100001 P
b000011110101001 S
#79008
0B
#79016
1B
#79020
b000011110101010 3
b000010001111111 4
b00011110101010 5
b111110111000 6
1>
b111110111000 @
b000011000001000 S
#79024
0B
#79032
b000010001111111 0
1B
b000011110101001 S
#79040
0>
0B
#79048
b000011110101010 1
b000010001111111 2
1B
b000000110100100 I
b000000110100010 P
b000011110101010 S
#79056
0B
#79060
b000011110101011 3
b000010001111110 4
b00011110101011 5
b111110111001 6
1>
b111110111001 @
b000011000001000 S
#79064
b000010001111110 0
1B
b000011110101010 S
#79072
0B
#79080
b000011110101011 1
b000010001111110 2
0>
1B
b000000110100101 I
b000000110100011 P
b000011110101011 S
#79088
0B
#79096
1B
#79100
b000011110101100 3
b000010001111010 4
b00011110101100 5
b111110111010 6
1>
b111110111010 @
b000011000001000 S
#79104
0B
#79112
b000010001111010 0
1B
b000011110101011 S
#79120
0>
0B
#79128
b000011110101100 1
b000010001111010 2
1B
b000000110100110 I
b000000110100100 P
b000011110101100 S
#79136
0B
#79140
b000011110101101 3
b000010001111011 4
b00011110101101 5
b111110111011 6
1>
b111110111011 @
b000011000001000 S
#79144
b000010001111011 0
1B
b000011110101100 S
#79152
0B
#79160
b000011110101101 1
b000010001111011 2
0>
1B
b000000110100111 I
b000000110100101 P
b000011110101101 S
#79168
0B
#79176
1B
#79180
b000011110101110 3
b000010001111001 4
b00011110101110 5
b111110111100 6
1>
b111110111100 @
b000011000001000 S
#79184
0B
#79192
b000010001111001 0
1B
b000011110101101 S
#79200
0>
0B
#79208
b000011110101110 1
b000010001111001 2
1B
b000000110101000 I
b000000110100110 P
b000011110101110 S
#79216
0B
#79220
b000011110101111 3
b000010001111000 4
b00011110101111 5
b111110111101 6
1>
b111110111101 @
b000011000001000 S
#79224
b000010001111000 0
1B
b000011110101110 S
#79232
0B
#79240
b000011110101111 1
b000010001111000 2
0>
1B
b000000110101001 I
b000000110100111 P
b000011110101111 S
#79248
0B
#79256
1B
#79260
b000011110110000 3
b000010001101000 4
b00011110110000 5
b111110111110 6
1>
b111110111110 @
b000011000001000 S
#79264
0B
#79272
b000010001101000 0
1B
b000011110101111 S
#79280
0>
0B
#79288
b000011110110000 1
b000010001101000 2
1B
b000000110101010 I
b000000110101000 P
b000011110110000 S
#79296
0B
#79300
b000011110110001 3
b000010001101001 4
b00011110110001 5
b111110111111 6
1>
b111110111111 @
b000011000001000 S
#79304
b000010001101001 0
1B
b000011110110000 S
#79312
0B
#79320
b000011110110001 1
b000010001101001 2
0>
1B
b000000110101011 I
b000000110101001 P
b000011110110001 S
#79328
0B
#79336
1B
#79340
b000011110110010 3
b000010001101011 4
b00011110110010 5
b111111000000 6
1>
b111111000000 @
b000011000001000 S
#79344
0B
#79352
b000010001101011 0
1B
b000011110110001 S
#79360
0>
0B
#79368
b000011110110010 1
b000010001101011 2
1B
b000000110101100 I
b000000110101010 P
b000011110110010 S
#79376
0B
#79380
b000011110110011 3
b000010001101010 4
b00011110110011 5
b111111000001 6
1>
b111111000001 @
b000011000001000 S
#79384
b000010001101010 0
1B
b000011110110010 S
#79392
0B
#79400
b000011110110011 1
b000010001101010 2
0>
1B
b000000110101101 I
b000000110101011 P
b000011110110011 S
#79408
0B
#79416
1B
#79420
b000011110110100 3
b000010001101110 4
b00011110110100 5
b111111000010 6
1>
b111111000010 @
b000011000001000 S
#79424
0B
#79432
b000010001101110 0
1B
b000011110110011 S
#79440
0>
0B
#79448
b000011110110100 1
b000010001101110 2
1B
b000000110101110 I
b000000110101100 P
b000011110110100 S
#79456
0B
#79460
b000011110110101 3
b000010001101111 4
b00011110110101 5
b111111000011 6
1>
b111111000011 @
b000011000001000 S
#79464
b000010001101111 0
1B
b000011110110100 S
#79472
0B
#79480
b000011110110101 1
b000010001101111 2
0>
1B
b000000110101111 I
b000000110101101 P
b000011110110101 S
#79488
0B
#79496
1B
#79500
b000011110110110 3
b000010001101101 4
b00011110110110 5
b111111000100 6
1>
b111111000100 @
b000011000001000 S
#79504
0B
#79512
b000010001101101 0
1B
b000011110110101 S
#79520
0>
0B
#79528
b000011110110110 1
b000010001101101 2
1B
b000000110110000 I
b000000110101110 P
b000011110110110 S
#79536
0B
#79540
b000011110110111 3
b000010001101100 4
b00011110110111 5
b111111000101 6
1>
b111111000101 @
b000011000001000 S
#79544
b000010001101100 0
1B
b000011110110110 S
#79552
0B
#79560
b000011110110111 1
b000010001101100 2
0>
1B
b000000110110001 I
b000000110101111 P
b000011110110111 S
#79568
0B
#79576
1B
#79580
b000011110111000 3
b000010001100100 4
b00011110111000 5
b111111000110 6
1>
b111111000110 @
b000011000001000 S
#79584
0B
#79592
b000010001100100 0
1B
b000011110110111 S
#79600
0>
0B
#79608
b000011110111000 1
b000010001100100 2
1B
b000000110110010 I
b000000110110000 P
b000011110111000 S
#79616
0B
#79620
b000011110111001 3
b000010001100101 4
b00011110111001 5
b111111000111 6
1>
b111111000111 @
b000011000001000 S
#79624
b000010001100101 0
1B
b000011110111000 S
#79632
0B
#79640
b000011110111001 1
b000010001100101 2
0>
1B
b000000110110011 I
b000000110110001 P
b000011110111001 S
#79648
0B
#79656
1B
#79660
b000011110111010 3
b000010001100111 4
b00011110111010 5
b111111001000 6
1>
b111111001000 @
b000011000001000 S
#79664
0B
#79672
b000010001100111 0
1B
b000011110111001 S
#79680
0>
0B
#79688
b000011110111010 1
b000010001100111 2
1B
b000000110110100 I
b000000110110010 P
b000011110111010 S
#79696
0B
#79700
b000011110111011 3
b000010001100110 4
b00011110111011 5
b111111001001 6
1>
b111111001001 @
b000011000001000 S
#79704
b000010001100110 0
1B
b000011110111010 S
#79712
0B
#79720
b000011110111011 1
b000010001100110 2
0>
1B
b000000110110101 I
b000000110110011 P
b000011110111011 S
#79728
0B
#79736
1B
#79740
b000011110111100 3
b000010001100010 4
b00011110111100 5
b111111001010 6
1>
b111111001010 @
b000011000001000 S
#79744
0B
#79752
b000010001100010 0
1B
b000011110111011 S
#79760
0>
0B
#79768
b000011110111100 1
b000010001100010 2
1B
b000000110110110 I
b000000110110100 P
b000011110111100 S
#79776
0B
#79780
b000011110111101 3
b000010001100011 4
b00011110111101 5
b111111001011 6
1>
b111111001011 @
b000011000001000 S
#79784
b000010001100011 0
1B
b000011110111100 S
#79792
0B
#79800
b000011110111101 1
b000010001100011 2
0>
1B
b000000110110111 I
b000000110110101 P
b000011110111101 S
#79808
0B
#79816
1B
#79820
b000011110111110 3
b000010001100001 4
b00011110111110 5
b111111001100 6
1>
b111111001100 @
b000011000001000 S
#79824
0B
#79832
b000010001100001 0
1B
b000011110111101 S
#79840
0>
0B
#79848
b000011110111110 1
b000010001100001 2
1B
b000000110111000 I
b000000110110110 P
b000011110111110 S
#79856
0B
#79860
b000011110111111 3
b000010001100000 4
b00011110111111 5
b111111001101 6
1>
b111111001101 @
b000011000001000 S
#79864
b000010001100000 0
1B
b000011110111110 S
#79872
0B
#79880
b000011110111111 1
b000010001100000 2
0>
1B
b000000110111001 I
b000000110110111 P
b000011110111111 S
#79888
0B
#79896
1B
#79900
b000011111000000 3
b000010000100000 4
b00011111000000 5
b111111001110 6
1>
b111111001110 @
b000011000001000 S
#79904
0B
#79912
b000010000100000 0
1B
b000011110111111 S
#79920
0>
0B
#79928
b000011111000000 1
b000010000100000 2
1B
b000000110111010 I
b000000110111000 P
b000011111000000 S
#79936
0B
#79940
b000011111000001 3
b000010000100001 4
b00011111000001 5
b111111001111 6
1>
b111111001111 @
b000011000001000 S
#79944
b000010000100001 0
1B
b000011111000000 S
#79952
0B
#79960
b000011111000001 1
b000010000100001 2
0>
1B
b000000110111011 I
b000000110111001 P
b000011111000001 S
#79968
0B
#79976
1B
#79980
b000011111000010 3
b000010000100011 4
b00011111000010 5
b111111010000 6
1>
b111111010000 @
b000011000001000 S
#79984
0B
#79992
b000010000100011 0
1B
b000011111000001 S
#79999
